{
  "XGBoost": {
      "SHAP": {
          "number_inpatient": 22.01801300048828,
          "discharge_disposition_id": 17.108646392822266,
          "diag_1": 6.22012996673584,
          "diag_3": 4.955623626708984,
          "payer_code": 4.510757923126221,
          "diabetesMed": 4.303373336791992,
          "diag_2": 3.7415854930877686,
          "age": 3.6849803924560547,
          "number_diagnoses": 3.608323335647583,
          "number_emergency": 3.4556753635406494,
          "num_medications": 3.433154582977295,
          "time_in_hospital": 3.398113965988159,
          "num_lab_procedures": 2.739384651184082,
          "medical_specialty": 2.715097427368164,
          "metformin": 2.3052525520324707,
          "insulin": 1.8176552057266235,
          "admission_source_id": 1.4341096878051758,
          "num_procedures": 1.2314209938049316,
          "gender": 1.0600885152816772,
          "admission_type_id": 1.0087151527404785,
          "pioglitazone": 0.8527265787124634,
          "race": 0.8482059240341187,
          "number_outpatient": 0.7927467823028564,
          "glimepiride": 0.7841084003448486,
          "glipizide": 0.5077944397926331,
          "glyburide": 0.49172359704971313,
          "change": 0.32806605100631714,
          "rosiglitazone": 0.2895093262195587,
          "glyburide-metformin": 0.11562454700469971,
          "acarbose": 0.11370415985584259,
          "repaglinide": 0.061576541513204575,
          "chlorpropamide": 0.039613451808691025,
          "nateglinide": 0.02450532093644142,
          "acetohexamide": 0.0,
          "tolbutamide": 0.0,
          "miglitol": 0.0,
          "troglitazone": 0.0,
          "tolazamide": 0.0,
          "glipizide-metformin": 0.0,
          "glimepiride-pioglitazone": 0.0,
          "metformin-rosiglitazone": 0.0,
          "metformin-pioglitazone": 0.0
      },
      "LIME": {
          "number_inpatient": 17.813021839271464,
          "discharge_disposition_id": 7.458368633390632,
          "number_emergency": 6.9237600485983055,
          "acarbose": 5.3595702428008325,
          "diabetesMed": 5.234669332672281,
          "glyburide": 5.175828336842909,
          "glimepiride": 4.256165364991243,
          "diag_1": 3.640650410933529,
          "nateglinide": 3.574862908652079,
          "metformin": 3.16379317389966,
          "diag_3": 3.1620224957844245,
          "chlorpropamide": 2.9446377056370223,
          "diag_2": 2.8505193535117996,
          "repaglinide": 2.7963093619838135,
          "payer_code": 2.687480760901248,
          "pioglitazone": 2.681760108528948,
          "number_diagnoses": 2.507280211173797,
          "time_in_hospital": 1.8150812741254896,
          "age": 1.7111560893620383,
          "rosiglitazone": 1.577674200675037,
          "medical_specialty": 1.4180407582860928,
          "glipizide": 1.262493496163077,
          "tolazamide": 1.1137565344832754,
          "num_medications": 1.0837912125331324,
          "miglitol": 1.0644499592744037,
          "num_lab_procedures": 1.0106485857730103,
          "admission_source_id": 0.9520800019613666,
          "race": 0.8390290146040082,
          "tolbutamide": 0.7823673149164649,
          "insulin": 0.7112677782893071,
          "num_procedures": 0.6198735463413705,
          "number_outpatient": 0.5863668681607559,
          "gender": 0.40929905663718263,
          "admission_type_id": 0.36721139989811796,
          "change": 0.2583827988155526,
          "troglitazone": 0.14356113334295859,
          "acetohexamide": 0.04276868678338614,
          "glyburide-metformin": 0.0,
          "glimepiride-pioglitazone": 0.0,
          "glipizide-metformin": 0.0,
          "metformin-pioglitazone": 0.0,
          "metformin-rosiglitazone": 0.0
      },
      "Inherent": {
          "number_inpatient": 22.158806254503418,
          "discharge_disposition_id": 7.546018959117361,
          "diabetesMed": 3.9858199981252285,
          "number_emergency": 3.7088900305861037,
          "number_diagnoses": 3.183331328030449,
          "age": 2.609023763389274,
          "time_in_hospital": 2.530901736510428,
          "metformin": 2.488444840964431,
          "diag_1": 2.4832285076545135,
          "payer_code": 2.4368329507377373,
          "insulin": 2.3074896530189895,
          "diag_3": 2.278613089616623,
          "glyburide": 2.219955414817585,
          "nateglinide": 2.218836211208488,
          "medical_specialty": 2.201858230591547,
          "change": 2.1959806032207,
          "admission_type_id": 2.1879311858914225,
          "diag_2": 2.1759994627015193,
          "num_lab_procedures": 2.158529927455722,
          "num_medications": 2.1396780840698444,
          "number_outpatient": 2.1303905277712367,
          "repaglinide": 2.1207234549624645,
          "acarbose": 2.1155061123001264,
          "num_procedures": 2.05217513579348,
          "race": 2.0160504126584287,
          "rosiglitazone": 1.9956371010778062,
          "glimepiride": 1.8991859071415758,
          "gender": 1.850235006346522,
          "pioglitazone": 1.8490996530986945,
          "glyburide-metformin": 1.8229727339155817,
          "admission_source_id": 1.816420186226127,
          "glipizide": 1.697351759698786,
          "chlorpropamide": 1.4180817767977878,
          "acetohexamide": 0.0,
          "tolazamide": 0.0,
          "troglitazone": 0.0,
          "miglitol": 0.0,
          "tolbutamide": 0.0,
          "glimepiride-pioglitazone": 0.0,
          "glipizide-metformin": 0.0,
          "metformin-pioglitazone": 0.0,
          "metformin-rosiglitazone": 0.0
      }
  },
  "Logistic Regression": {
      "SHAP": {
          "number_inpatient": 24.87958939596011,
          "diabetesMed": 9.436076121949776,
          "discharge_disposition_id": 8.967372231261109,
          "number_diagnoses": 8.080728630610178,
          "age": 6.329638536776108,
          "time_in_hospital": 5.37158515276498,
          "metformin": 5.11521594749716,
          "payer_code": 3.2627258636086585,
          "num_procedures": 3.2100189196414672,
          "number_emergency": 3.092547509415659,
          "insulin": 3.091955167536896,
          "change": 2.893306546625026,
          "num_medications": 2.6593627833356477,
          "glimepiride": 1.9592390155430583,
          "diag_1": 1.896588159547439,
          "diag_2": 1.34140405466018,
          "admission_source_id": 1.204502306344104,
          "gender": 1.1486670203707483,
          "admission_type_id": 1.097514411697473,
          "pioglitazone": 1.0204388108341174,
          "glyburide": 0.9925978703753496,
          "num_lab_procedures": 0.6245118864591984,
          "rosiglitazone": 0.6189528564512308,
          "diag_3": 0.3808812985434696,
          "acarbose": 0.33747552409806236,
          "glyburide-metformin": 0.21771393534585373,
          "number_outpatient": 0.2042311442620554,
          "glipizide": 0.13392963368102925,
          "medical_specialty": 0.08332796368240325,
          "glipizide-metformin": 0.07591090977181593,
          "repaglinide": 0.06153466817474481,
          "chlorpropamide": 0.051968304493126394,
          "race": 0.04351177932412378,
          "tolbutamide": 0.022237355979982307,
          "troglitazone": 0.019872301442222857,
          "miglitol": 0.017679337943404323,
          "metformin-rosiglitazone": 0.012904397810768808,
          "nateglinide": 0.012736527706901202,
          "tolazamide": 0.009648066528379136,
          "acetohexamide": 0.0072989651034491825,
          "glimepiride-pioglitazone": 0.006549806218781722,
          "metformin-pioglitazone": 0.006048880623760315
      },
      "LIME": {
          "number_inpatient": 14.140497193108944,
          "diabetesMed": 8.931010149517594,
          "number_emergency": 7.1998794615573045,
          "metformin": 6.114972604392806,
          "glimepiride": 5.575912931582336,
          "discharge_disposition_id": 5.443694456333037,
          "number_diagnoses": 5.219461084391618,