{
    "LogisticRegression": {
        "SHAP": {
            "number_inpatient": -18.65599138959362,
            "age": 14.996213591792005,
            "glimepiride": -12.383646921069543,
            "number_diagnoses": 9.076623036175976,
            "discharge_disposition_id": -8.103752151778387,
            "diabetesMed": 7.176540405255961,
            "change": 3.802322381243655,
            "metformin": 3.7351252681719633,
            "num_procedures": 3.4243552166658655,
            "insulin": -3.3146283533805407,
            "number_emergency": -2.6284739682872322,
            "payer_code": -2.3955404616164997,
            "diag_1": 1.6122332642815966,
            "gender": 1.5806945183794268,
            "admission_type_id": 1.0791015915268276,
            "num_lab_procedures": 1.0435431110741133,
            "glyburide": 0.5589932423379725,
            "diag_3": 0.5187673421498542,
            "pioglitazone": 0.5115581279901216,
            "rosiglitazone": 0.49834751711574904,
            "diag_2": -0.4673088827209345,
            "time_in_hospital": 0.4128410424815325,
            "number_outpatient": -0.4112948966532686,
            "admission_source_id": -0.2900842749972492,
            "num_medications": 0.2721677306088653,
            "glyburide-metformin": 0.22333407184531745,
            "acarbose": 0.21417628191018837,
            "race": -0.10878547325349501,
            "medical_specialty": 0.10129514990486416,
            "glipizide": 0.09666081955746737,
            "glipizide-metformin": -0.08934735011087104,
            "chlorpropamide": -0.05949103390873891,
            "tolazamide": 0.029813407820942453,
            "tolbutamide": -0.026173429303586418,
            "troglitazone": -0.023389753591469536,
            "repaglinide": 0.01547587609280221,
            "miglitol": -0.015438660601737602,
            "metformin-rosiglitazone": -0.015188511804620618,
            "acetohexamide": -0.008590902052224252,
            "nateglinide": 0.007861901740832518,
            "glimepiride-pioglitazone": -0.007709139979311983,
            "metformin-pioglitazone": -0.007119549172767712
        },
        "Lime": {
            "race": 0.0,
            "gender": 0.0,
            "age": 0.0,
            "admission_type_id": 0.0,
            "discharge_disposition_id": -23.88083852057467,
            "admission_source_id": 0.0,
            "time_in_hospital": 11.683951746255042,
            "payer_code": 0.0,
            "medical_specialty": 0.0,
            "num_lab_procedures": 0.0,
            "num_procedures": 10.995273147252531,
            "num_medications": 0.0,
            "number_outpatient": 0.0,
            "number_emergency": -36.44671264822558,
            "number_inpatient": -16.99322393769219,
            "diag_1": 0.0,
            "diag_2": 0.0,
            "diag_3": 0.0,
            "number_diagnoses": 0.0,
            "metformin": 0.0,
            "repaglinide": 0.0,
            "nateglinide": 0.0,
            "chlorpropamide": 0.0,
            "glimepiride": 0.0,
            "acetohexamide": 0.0,
            "glipizide": 0.0,
            "glyburide": 0.0,
            "tolbutamide": 0.0,
            "pioglitazone": 0.0,
            "rosiglitazone": 0.0,
            "acarbose": 0.0,
            "miglitol": 0.0,
            "troglitazone": 0.0,
            "tolazamide": 0.0,
            "insulin": 0.0,
            "glyburide-metformin": 0.0,
            "glipizide-metformin": 0.0,
            "glimepiride-pioglitazone": 0.0,
            "metformin-rosiglitazone": 0.0,
            "metformin-pioglitazone": 0.0,
            "change": 0.0,
            "diabetesMed": 0.0
        },
        "Inherent": {
            "age": 14.779015647045773,
            "number_diagnoses": 10.741870251219968,
            "diabetesMed": 5.420832016024836,
            "change": 3.699393799704436,
            "num_procedures": 3.1994281112688117,
            "metformin": 3.1327243742108415,
            "time_in_hospital": 1.5182982509162666,
            "gender": 1.4067179744160083,
            "diag_1": 1.3911428294307173,
            "admission_type_id": 1.0411253772111007,
            "num_lab_procedures": 0.9738879813531451,
            "num_medications": 0.7221916953753047,
            "pioglitazone": 0.5865196282075544,
            "glyburide": 0.5342707645059274,
            "diag_3": 0.4380462334853787,
            "rosiglitazone": 0.38111954019297534,
            "glyburide-metformin": 0.09508847666102259,
            "medical_specialty": 0.08253987423420446,
            "glipizide": 0.0730541123745756,
            "tolazamide": 0.03883707630756958,
            "nateglinide": 0.02117280994406271,
            "glipizide-metformin": -0.0,
            "troglitazone": -0.0,
            "miglitol": -0.0,
            "acarbose": -0.0,
            "repaglinide": 0.0,
            "metformin-rosiglitazone": -0.0,
            "glimepiride-pioglitazone": -0.0,
            "chlorpropamide": -0.0,
            "tolbutamide": -0.0,
            "metformin-pioglitazone": -0.0,
            "acetohexamide": -0.0,
            "race": -0.09543733347895132,
            "number_outpatient": -0.35205822591438724,
            "diag_2": -0.35273136815278316,
            "admission_source_id": -0.5183449129250525,
            "number_emergency": -2.373743728656342,
            "payer_code": -2.5971206463407555,
            "insulin": -2.8583291675669904,
            "discharge_disposition_id": -8.224218554194703,
            "glimepiride": -12.188410219523092,
            "number_inpatient": -20.162329019156477
        }
    },
    "DecisionTree": {
        "SHAP": {
            "number_inpatient": -36.05480046020229,
            "discharge_disposition_id": -33.6795824804976,
            "diag_1": 15.232812874713392,
            "number_diagnoses": 9.609091172550707,
            "payer_code": -2.4792879013473783,
            "num_medications": -1.853006581815729,
            "medical_specialty": 0.8330087669772817,
            "admission_source_id": 0.2584097618956193,
            "gender": 0.0,
            "race": 0.0,
            "num_lab_procedures": 0.0,
            "time_in_hospital": 0.0,
            "admission_type_id": 0.0,
            "age": 0.0,
            "number_emergency": 0.0,
            "number_outpatient": 0.0,
            "diag_2": 0.0,
            "num_procedures": 0.0,
            "diag_3": 0.0,
            "metformin": 0.0,
            "repaglinide": 0.0,
            "nateglinide": 0.0,
            "chlorpropamide": 0.0,
            "glimepiride": 0.0,
            "acetohexamide": 0.0,
            "glipizide": 0.0,
            "glyburide": 0.0,
            "tolbutamide": 0.0,
            "pioglitazone": 0.0,
            "rosiglitazone": 0.0,
            "acarbose": 0.0,
            "miglitol": 0.0,
            "troglitazone": 0.0,
            "tolazamide": 0.0,
            "insulin": 0.0,
            "glyburide-metformin": 0.0,
            "glipizide-metformin": 0.0,
            "glimepiride-pioglitazone": 0.0,
            "metformin-rosiglitazone": 0.0,
            "metformin-pioglitazone": 0.0,
            "change": 0.0,
            "diabetesMed": 0.0
        },
        "Lime": {
            "race": 0.0,
            "gender": 0.0,
            "age": -2.5553943181509258,
            "admission_type_id": 0.0,
            "discharge_disposition_id": -15.142237080410226,
            "admission_source_id": 0.0,
            "time_in_hospital": 0.0,
            "payer_code": -2.1624698733515957,
            "medical_specialty": 0.0,
            "num_lab_procedures": 0.0,
            "num_procedures": -3.048426246451167,
            "num_medications": 0.0,
            "number_outpatient": 0.0,
            "number_emergency": 0.0,
            "number_inpatient": -33.677950391702254,
            "diag_1": 0.0,
            "diag_2": 6.3057793566881415,
            "diag_3": 6.470233665498999,
            "number_diagnoses": 5.338204149356458,