{
    "LogisticRegression": {
        "SHAP": {
            "number_inpatient": -16.631587667800254,
            "num_procedures": -12.386511604980765,
            "age": -10.587281024492821,
            "number_diagnoses": 8.091698189673336,
            "discharge_disposition_id": -7.224395720165641,
            "diabetesMed": 6.3977978124552095,
            "admission_source_id": -4.991425177050621,
            "admission_type_id": -4.443956458035787,
            "payer_code": 4.019472213277186,
            "diag_1": 3.811800381399147,
            "metformin": 3.329818397239897,
            "insulin": -2.9549505514981744,
            "change": -2.743616717348441,
            "number_emergency": -2.343252326996929,
            "num_lab_procedures": 2.224742463054947,
            "glimepiride": 1.4123480612898716,
            "gender": 1.4091697894491468,
            "diag_2": -1.3025103478877882,
            "num_medications": -0.7393603004210573,
            "glyburide": 0.4983356242776662,
            "pioglitazone": 0.4560478012221477,
            "rosiglitazone": 0.4442707035426923,
            "time_in_hospital": 0.36804272941118793,
            "diag_3": -0.26383193708645525,
            "glyburide-metformin": 0.19909958776964828,
            "acarbose": 0.1909355302843754,
            "number_outpatient": 0.137430105708402,
            "glipizide": 0.08617193591803317,
            "glipizide-metformin": -0.07965206754348547,
            "chlorpropamide": -0.053035527581406186,
            "race": 0.028719802255967288,
            "tolazamide": 0.026578287666152653,
            "tolbutamide": -0.023333291431104797,
            "troglitazone": -0.020851678651704453,
            "repaglinide": 0.013796553857600202,
            "miglitol": -0.013763376703445506,
            "metformin-rosiglitazone": -0.013540372116749213,
            "medical_specialty": 0.008980814893879458,
            "acetohexamide": -0.007658683885690039,
            "nateglinide": 0.007008789043032233,
            "glimepiride-pioglitazone": -0.006872603804951904,
            "metformin-pioglitazone": -0.0063469908272015055
        },
        "Lime": {
            "race": -42.567691708444436,
            "gender": 0.0,
            "age": 0.0,
            "admission_type_id": 0.0,
            "discharge_disposition_id": -36.68599810789143,
            "admission_source_id": 0.0,
            "time_in_hospital": 0.0,
            "payer_code": 0.0,
            "medical_specialty": 0.0,
            "num_lab_procedures": 0.0,
            "num_procedures": 0.0,
            "num_medications": 0.0,
            "number_outpatient": 0.0,
            "number_emergency": -20.746310183664125,
            "number_inpatient": 0.0,
            "diag_1": 0.0,
            "diag_2": 0.0,
            "diag_3": 0.0,
            "number_diagnoses": 0.0,
            "metformin": 0.0,
            "repaglinide": 0.0,
            "nateglinide": 0.0,
            "chlorpropamide": 0.0,
            "glimepiride": 0.0,
            "acetohexamide": 0.0,
            "glipizide": 0.0,
            "glyburide": 0.0,
            "tolbutamide": 0.0,
            "pioglitazone": 0.0,
            "rosiglitazone": 0.0,
            "acarbose": 0.0,
            "miglitol": 0.0,
            "troglitazone": 0.0,
            "tolazamide": 0.0,
            "insulin": 0.0,
            "glyburide-metformin": 0.0,
            "glipizide-metformin": 0.0,
            "glimepiride-pioglitazone": 0.0,
            "metformin-rosiglitazone": 0.0,
            "metformin-pioglitazone": 0.0,
            "change": 0.0,
            "diabetesMed": 0.0
        },
        "Inherent": {
            "number_diagnoses": 9.984398665630955,
            "diabetesMed": 5.038577704032595,
            "payer_code": 3.6398922642548426,
            "diag_1": 3.628521293661989,
            "metformin": 2.9118178054801933,
            "num_lab_procedures": 2.178368891350712,
            "time_in_hospital": 1.4112342335131562,
            "gender": 1.3075221295922042,
            "glimepiride": 0.9185622737279778,
            "pioglitazone": 0.5451607267902714,
            "glyburide": 0.4965962335667555,
            "rosiglitazone": 0.354244590518719,
            "number_outpatient": 0.16857434811015543,
            "glyburide-metformin": 0.08838323655821198,
            "glipizide": 0.06790264312015196,
            "tolazamide": 0.03609844876112392,
            "race": 0.034926643765760754,
            "nateglinide": 0.019679792290281002,
            "troglitazone": -0.0,
            "miglitol": -0.0,
            "glimepiride-pioglitazone": -0.0,
            "glipizide-metformin": -0.0,
            "metformin-pioglitazone": -0.0,
            "acetohexamide": -0.0,
            "chlorpropamide": -0.0,
            "repaglinide": 0.0,
            "tolbutamide": -0.0,
            "metformin-rosiglitazone": -0.0,
            "acarbose": -0.0,
            "medical_specialty": -0.0032660781366621867,
            "num_medications": -0.29458425854042025,
            "diag_3": -0.3072087761511315,
            "diag_2": -1.1992036437934197,
            "number_emergency": -2.2063572881318834,
            "change": -2.593977325396228,
            "insulin": -2.6567717966383677,
            "admission_type_id": -4.349376056930524,
            "admission_source_id": -5.1368021614099195,
            "discharge_disposition_id": -7.6442811947978235,
            "age": -9.825508154025343,
            "num_procedures": -12.211635104077322,
            "number_inpatient": -18.74056623724489
        }
    },
    "DecisionTree": {
        "SHAP": {
            "discharge_disposition_id": -37.589809275409515,
            "number_inpatient": -31.94925705198029,
            "diag_1": 13.654753013668131,
            "number_diagnoses": 8.61362689387513,
            "payer_code": 5.926515742283323,
            "num_medications": -1.661042344280178,
            "medical_specialty": -0.3733561576856509,
            "admission_source_id": 0.2316395208177769,
            "gender": 0.0,
            "race": 0.0,
            "num_lab_procedures": 0.0,
            "time_in_hospital": 0.0,
            "admission_type_id": 0.0,
            "age": 0.0,
            "number_emergency": 0.0,
            "number_outpatient": 0.0,
            "diag_2": 0.0,
            "num_procedures": 0.0,
            "diag_3": 0.0,
            "metformin": 0.0,
            "repaglinide": 0.0,
            "nateglinide": 0.0,
            "chlorpropamide": 0.0,
            "glimepiride": 0.0,
            "acetohexamide": 0.0,
            "glipizide": 0.0,
            "glyburide": 0.0,
            "tolbutamide": 0.0,
            "pioglitazone": 0.0,
            "rosiglitazone": 0.0,
            "acarbose": 0.0,
            "miglitol": 0.0,
            "troglitazone": 0.0,
            "tolazamide": 0.0,
            "insulin": 0.0,
            "glyburide-metformin": 0.0,
            "glipizide-metformin": 0.0,
            "glimepiride-pioglitazone": 0.0,
            "metformin-rosiglitazone": 0.0,
            "metformin-pioglitazone": 0.0,
            "change": 0.0,
            "diabetesMed": 0.0
        },
        "Lime": {
            "race": 0.0,
            "gender": 0.0,
            "age": 2.6122530044210577,
            "admission_type_id": 0.0,
            "discharge_disposition_id": -17.32883687768256,
            "admission_source_id": -3.3655322754531958,
            "time_in_hospital": 0.0,
            "payer_code": 5.640702624870619,
            "medical_specialty": 0.0,
            "num_lab_procedures": 0.0,
            "num_procedures": -3.0473647515886695,
            "num_medications": 0.0,
            "number_outpatient": 0.0,
            "number_emergency": 0.0,
            "number_inpatient": -36.9699997899663,
            "diag_1": 5.158660286020017,
            "diag_2": 0.0,
            "diag_3": 0.0,
            "number_diagnoses": 6.510317749061789,
            "metformin": 0.0,