{
    "LogisticRegression": {
        "SHAP": {
            "number_inpatient": -19.805262906391363,
            "metformin": -13.231933125976921,
            "number_diagnoses": 9.635773397384117,
            "insulin": -9.112952005154652,
            "discharge_disposition_id": -8.602970410016992,
            "diabetesMed": 7.618639316252965,
            "age": -6.90204885284911,
            "change": 4.036558167441725,
            "time_in_hospital": 3.129012827289806,
            "number_emergency": -2.79039676302447,
            "diag_2": 2.739118569956942,
            "payer_code": -2.5431137726445083,
            "glimepiride": 1.681855348261992,
            "num_medications": 1.458314966783251,
            "gender": -1.2266128246317975,
            "admission_type_id": 1.1455778616415677,
            "glyburide": 0.5934290971840357,
            "num_procedures": 0.5710670799164869,
            "pioglitazone": 0.5430718210128018,
            "rosiglitazone": 0.529047392288691,
            "diag_1": 0.35211757726802667,
            "admission_source_id": -0.3079544373361547,
            "glyburide-metformin": 0.23709219823711325,
            "acarbose": 0.2273702577881106,
            "number_outpatient": 0.1636548133091167,
            "diag_3": -0.14653069900590532,
            "race": -0.1154870225435179,
            "glipizide": 0.10261544959496242,
            "glipizide-metformin": -0.09485144595007995,
            "num_lab_procedures": 0.0801997045432296,
            "chlorpropamide": -0.06315588073185117,
            "medical_specialty": -0.04579586495983506,
            "tolazamide": 0.03165001353713059,
            "tolbutamide": -0.027785800159005565,
            "troglitazone": -0.024830640705224744,
            "repaglinide": 0.016429241862517874,
            "miglitol": -0.016389733772632274,
            "metformin-rosiglitazone": -0.01612417497228983,
            "acetohexamide": -0.009120130374967152,
            "nateglinide": 0.00834622120421099,
            "glimepiride-pioglitazone": -0.008184048806841357,
            "metformin-pioglitazone": -0.007558137233076689
        },
        "Lime": {
            "race": -35.431353810261804,
            "gender": 0.0,
            "age": 0.0,
            "admission_type_id": 0.0,
            "discharge_disposition_id": -22.11846584172978,
            "admission_source_id": 0.0,
            "time_in_hospital": 21.323474643585925,
            "payer_code": 0.0,
            "medical_specialty": 0.0,
            "num_lab_procedures": 0.0,
            "num_procedures": 0.0,
            "num_medications": 0.0,
            "number_outpatient": 0.0,
            "number_emergency": -21.126705704422495,
            "number_inpatient": 0.0,
            "diag_1": 0.0,
            "diag_2": 0.0,
            "diag_3": 0.0,
            "number_diagnoses": 0.0,
            "metformin": 0.0,
            "repaglinide": 0.0,
            "nateglinide": 0.0,
            "chlorpropamide": 0.0,
            "glimepiride": 0.0,
            "acetohexamide": 0.0,
            "glipizide": 0.0,
            "glyburide": 0.0,
            "tolbutamide": 0.0,
            "pioglitazone": 0.0,
            "rosiglitazone": 0.0,
            "acarbose": 0.0,
            "miglitol": 0.0,
            "troglitazone": 0.0,
            "tolazamide": 0.0,
            "insulin": 0.0,
            "glyburide-metformin": 0.0,
            "glipizide-metformin": 0.0,
            "glimepiride-pioglitazone": 0.0,
            "metformin-rosiglitazone": 0.0,
            "metformin-pioglitazone": 0.0,
            "change": 0.0,
            "diabetesMed": 0.0
        },
        "Inherent": {
            "number_diagnoses": 11.479298602472335,
            "diabetesMed": 5.792971608340171,
            "time_in_hospital": 4.177693496952223,
            "change": 3.9533568253739597,
            "diag_2": 2.69525984992229,
            "num_medications": 1.8822306395462003,
            "admission_type_id": 1.112598533412795,
            "glimepiride": 1.0560927080552465,
            "pioglitazone": 0.626784143817127,
            "glyburide": 0.5709484006882487,
            "num_procedures": 0.5092229741769146,
            "rosiglitazone": 0.4072833596752155,
            "diag_1": 0.1957062599064691,
            "number_outpatient": 0.19381390341861954,
            "glyburide-metformin": 0.10161629136435817,
            "glipizide": 0.07806927010602091,
            "num_lab_procedures": 0.06489410430418313,
            "tolazamide": 0.04150323783057818,
            "nateglinide": 0.022626321293881573,
            "troglitazone": -0.0,
            "acarbose": -0.0,
            "miglitol": -0.0,
            "repaglinide": 0.0,
            "acetohexamide": -0.0,
            "chlorpropamide": -0.0,
            "glipizide-metformin": -0.0,
            "metformin-pioglitazone": -0.0,
            "glimepiride-pioglitazone": -0.0,
            "metformin-rosiglitazone": -0.0,
            "tolbutamide": -0.0,
            "medical_specialty": -0.05739918785369927,
            "race": -0.10198909716901382,
            "diag_3": -0.19400595642471194,
            "admission_source_id": -0.5539292409404613,
            "gender": -1.255039462882585,
            "number_emergency": -2.5367010054787738,
            "payer_code": -2.7754127269043827,
            "age": -5.878576019742433,
            "insulin": -8.366819601329448,
            "discharge_disposition_id": -8.788810360548922,
            "metformin": -12.982875858615545,
            "number_inpatient": -21.546470951453202
        }
    },
    "DecisionTree": {
        "SHAP": {
            "number_inpatient": -43.21515703414014,
            "discharge_disposition_id": -36.345850861792805,
            "diag_1": -9.914445123719464,
            "number_diagnoses": 5.395325198868862,
            "payer_code": -2.2972855440253,
            "num_medications": 2.086846984517861,
            "medical_specialty": -0.3859291608254256,
            "admission_source_id": 0.3591600921101544,
            "gender": 0.0,
            "race": 0.0,
            "num_lab_procedures": 0.0,
            "time_in_hospital": 0.0,
            "admission_type_id": 0.0,
            "age": 0.0,
            "number_emergency": 0.0,
            "number_outpatient": 0.0,
            "diag_2": 0.0,
            "num_procedures": 0.0,
            "diag_3": 0.0,
            "metformin": 0.0,
            "repaglinide": 0.0,
            "nateglinide": 0.0,
            "chlorpropamide": 0.0,
            "glimepiride": 0.0,
            "acetohexamide": 0.0,
            "glipizide": 0.0,
            "glyburide": 0.0,
            "tolbutamide": 0.0,
            "pioglitazone": 0.0,
            "rosiglitazone": 0.0,
            "acarbose": 0.0,
            "miglitol": 0.0,
            "troglitazone": 0.0,
            "tolazamide": 0.0,
            "insulin": 0.0,
            "glyburide-metformin": 0.0,
            "glipizide-metformin": 0.0,
            "glimepiride-pioglitazone": 0.0,
            "metformin-rosiglitazone": 0.0,
            "metformin-pioglitazone": 0.0,
            "change": 0.0,
            "diabetesMed": 0.0
        },
        "Lime": {
            "race": 0.0,
            "gender": 0.0,
            "age": 0.0,
            "admission_type_id": 0.0,
            "discharge_disposition_id": -21.476358598308526,
            "admission_source_id": 0.0,
            "time_in_hospital": 0.0,
            "payer_code": -5.608062944579211,
            "medical_specialty": 0.0,
            "num_lab_procedures": 0.0,
            "num_procedures": -2.5979599739568395,
            "num_medications": 0.0,
            "number_outpatient": 0.0,
            "number_emergency": 0.0,
            "number_inpatient": -38.39702278345579,
            "diag_1": 2.9459656157032557,
            "diag_2": -7.38834637394539,
            "diag_3": 2.7158949456622916,
            "number_diagnoses": 5.192921989303014,
            "metformin": 0.0,