{
    "LogisticRegression": {
        "SHAP": {
            "number_diagnoses": -16.380466511372475,
            "number_inpatient": -15.992310979720816,
            "metformin": -10.684492824642275,
            "age": 8.24799106839712,
            "discharge_disposition_id": 6.494513464432488,
            "diabetesMed": 6.151882444768055,
            "admission_source_id": -4.79956726067388,
            "admission_type_id": -4.273141871767361,
            "num_medications": 4.01030426679484,
            "payer_code": 3.864973741113522,
            "change": -2.6381589436554576,
            "diag_1": -2.467274351234171,
            "number_emergency": -2.253183560451134,
            "num_procedures": -2.013181796202582,
            "insulin": 1.6757675660077112,
            "diag_2": 1.507574916783022,
            "glimepiride": 1.358060929533663,
            "gender": 1.3550048225239055,
            "num_lab_procedures": 0.6456109263229775,
            "diag_3": -0.5059724758344497,
            "glyburide": 0.47918084760790763,
            "pioglitazone": 0.43851846284541257,
            "rosiglitazone": 0.4271940473842813,
            "time_in_hospital": 0.35389608617849044,
            "glyburide-metformin": 0.1914466969206415,
            "acarbose": 0.18359644541316955,
            "number_outpatient": 0.13214763571368415,
            "medical_specialty": -0.10214309066891021,
            "glipizide": 0.08285970193896892,
            "glipizide-metformin": -0.0765904410196111,
            "chlorpropamide": -0.05099697437169501,
            "race": 0.027615884792691246,
            "tolazamide": 0.025556684674699466,
            "tolbutamide": -0.022436417989674544,
            "troglitazone": -0.020050192207017876,
            "repaglinide": 0.013266248787924146,
            "miglitol": -0.013234346880706275,
            "metformin-rosiglitazone": -0.013019914033308554,
            "acetohexamide": -0.007364303206750393,
            "nateglinide": 0.006739388698556899,
            "glimepiride-pioglitazone": -0.0066084380808690574,
            "metformin-pioglitazone": -0.00610302835312337
        },
        "Lime": {
            "race": -18.857546894885083,
            "gender": 0.0,
            "age": 0.0,
            "admission_type_id": 0.0,
            "discharge_disposition_id": 21.36859600270949,
            "admission_source_id": 0.0,
            "time_in_hospital": 0.0,
            "payer_code": 0.0,
            "medical_specialty": 0.0,
            "num_lab_procedures": 0.0,
            "num_procedures": -13.40003356977369,
            "num_medications": 5.37923618253891,
            "number_outpatient": 0.0,
            "number_emergency": -19.459483235601528,
            "number_inpatient": 0.0,
            "diag_1": 0.0,
            "diag_2": 0.0,
            "diag_3": 0.0,
            "number_diagnoses": -21.535104114491297,
            "metformin": 0.0,
            "repaglinide": 0.0,
            "nateglinide": 0.0,
            "chlorpropamide": 0.0,
            "glimepiride": 0.0,
            "acetohexamide": 0.0,
            "glipizide": 0.0,
            "glyburide": 0.0,
            "tolbutamide": 0.0,
            "pioglitazone": 0.0,
            "rosiglitazone": 0.0,
            "acarbose": 0.0,
            "miglitol": 0.0,
            "troglitazone": 0.0,
            "tolazamide": 0.0,
            "insulin": 0.0,
            "glyburide-metformin": 0.0,
            "glipizide-metformin": 0.0,
            "glimepiride-pioglitazone": 0.0,
            "metformin-rosiglitazone": 0.0,
            "metformin-pioglitazone": 0.0,
            "change": 0.0,
            "diabetesMed": 0.0
        },
        "Inherent": {
            "age": 8.804971941807068,
            "discharge_disposition_id": 5.95600521992831,
            "diabetesMed": 4.916071577401232,
            "num_medications": 4.4244116817026695,
            "payer_code": 3.5513932613928954,
            "insulin": 1.9159561913060965,
            "diag_2": 1.584471229722819,
            "time_in_hospital": 1.3769220029845073,
            "gender": 1.2757315170443548,
            "glimepiride": 0.8962286881738541,
            "num_lab_procedures": 0.6347643883536549,
            "pioglitazone": 0.5319058892242725,
            "glyburide": 0.4845221752416655,
            "rosiglitazone": 0.3456316177288325,
            "number_outpatient": 0.1644756933608491,
            "glyburide-metformin": 0.08623431902515015,
            "glipizide": 0.06625168320937715,
            "tolazamide": 0.03522076434403402,
            "race": 0.034077450184692756,
            "nateglinide": 0.0192013050528087,
            "acarbose": -0.0,
            "miglitol": -0.0,
            "troglitazone": -0.0,
            "acetohexamide": -0.0,
            "repaglinide": 0.0,
            "chlorpropamide": -0.0,
            "glimepiride-pioglitazone": -0.0,
            "metformin-rosiglitazone": -0.0,
            "metformin-pioglitazone": -0.0,
            "glipizide-metformin": -0.0,
            "tolbutamide": -0.0,
            "medical_specialty": -0.11374453428677045,
            "diag_3": -0.5515180669767814,
            "num_procedures": -2.0372329252059753,
            "number_emergency": -2.1527127278589338,
            "change": -2.5309083139866106,
            "diag_1": -2.5800345341811832,
            "admission_type_id": -4.243626925866948,
            "admission_source_id": -5.011907841419122,
            "metformin": -11.017617781792623,
            "number_diagnoses": -14.37133275437298,
            "number_inpatient": -18.284914996862927
        }
    },
    "DecisionTree": {
        "SHAP": {
            "discharge_disposition_id": 38.49016386683487,
            "number_inpatient": -33.20045478960565,
            "number_diagnoses": -11.136085700549083,
            "diag_1": -8.167131089296587,
            "payer_code": 6.848854637270953,
            "num_medications": 1.4581592453858916,
            "medical_specialty": -0.4314612772687701,
            "admission_source_id": 0.267689393788201,
            "gender": 0.0,
            "race": 0.0,
            "num_lab_procedures": 0.0,
            "time_in_hospital": 0.0,
            "admission_type_id": 0.0,
            "age": 0.0,
            "number_emergency": 0.0,
            "number_outpatient": 0.0,
            "diag_2": 0.0,
            "num_procedures": 0.0,
            "diag_3": 0.0,
            "metformin": 0.0,
            "repaglinide": 0.0,
            "nateglinide": 0.0,
            "chlorpropamide": 0.0,
            "glimepiride": 0.0,
            "acetohexamide": 0.0,
            "glipizide": 0.0,
            "glyburide": 0.0,
            "tolbutamide": 0.0,
            "pioglitazone": 0.0,
            "rosiglitazone": 0.0,
            "acarbose": 0.0,
            "miglitol": 0.0,
            "troglitazone": 0.0,
            "tolazamide": 0.0,
            "insulin": 0.0,
            "glyburide-metformin": 0.0,
            "glipizide-metformin": 0.0,
            "glimepiride-pioglitazone": 0.0,
            "metformin-rosiglitazone": 0.0,
            "metformin-pioglitazone": 0.0,
            "change": 0.0,
            "diabetesMed": 0.0
        },
        "Lime": {
            "race": 0.0,
            "gender": 0.0,
            "age": 0.0,
            "admission_type_id": 5.207321745411457,
            "discharge_disposition_id": 0.0,
            "admission_source_id": 0.0,
            "time_in_hospital": 0.0,
            "payer_code": 0.0,
            "medical_specialty": -4.885127603249967,
            "num_lab_procedures": 0.0,
            "num_procedures": 0.0,
            "num_medications": 0.0,
            "number_outpatient": 0.0,
            "number_emergency": 0.0,
            "number_inpatient": -45.41799588088769,
            "diag_1": 0.0,
            "diag_2": 0.0,
            "diag_3": 0.0,
            "number_diagnoses": -7.431190662228541,
            "metformin": 0.0,