{
    "LogisticRegression": {
        "SHAP": {
            "discharge_disposition_id": 26.00152171850415,
            "number_inpatient": -16.42781090234898,
            "age": 8.472598973826148,
            "number_diagnoses": 7.992555515081184,
            "insulin": 6.361548905990552,
            "diabetesMed": 6.319409472732391,
            "time_in_hospital": 4.827292091655793,
            "change": 3.3481915682959955,
            "metformin": 3.289020150188391,
            "num_procedures": 3.015366955692216,
            "number_emergency": -2.3145418761747223,
            "payer_code": -2.109428809787785,
            "glimepiride": 1.3950434163353653,
            "gender": 1.3919040859335676,
            "num_medications": -1.2152827231630061,
            "admission_type_id": 0.9502189682567549,
            "num_lab_procedures": 0.8762881982670022,
            "diag_3": -0.5197510331897501,
            "glyburide": 0.49222981984980335,
            "pioglitazone": 0.4504601238650342,
            "rosiglitazone": 0.43882732382687795,
            "diag_1": 0.3822783794013668,
            "admission_source_id": -0.2554380260948231,
            "glyburide-metformin": 0.19666014116907324,
            "acarbose": 0.18859611293299397,
            "diag_2": 0.1602072555816922,
            "number_outpatient": 0.1357462579016707,
            "medical_specialty": 0.08919695197170915,
            "glipizide": 0.08511612340483286,
            "glipizide-metformin": -0.07867613902663423,
            "chlorpropamide": -0.052385715399887005,
            "race": 0.028367915922261948,
            "tolazamide": 0.026252640013022827,
            "tolbutamide": -0.02304740275047282,
            "troglitazone": -0.020596195668675706,
            "repaglinide": 0.013627513043480024,
            "miglitol": -0.013594742388890827,
            "metformin-rosiglitazone": -0.013374470142261244,
            "acetohexamide": -0.0075648466729709395,
            "nateglinide": 0.006922914598003478,
            "glimepiride-pioglitazone": -0.006788397955121186,
            "metformin-pioglitazone": -0.006269224994681495
        },
        "Lime": {
            "race": 0.0,
            "gender": 0.0,
            "age": 0.0,
            "admission_type_id": 0.0,
            "discharge_disposition_id": 42.73080409127925,
            "admission_source_id": 0.0,
            "time_in_hospital": 22.077009335351296,
            "payer_code": 0.0,
            "medical_specialty": 0.0,
            "num_lab_procedures": 0.0,
            "num_procedures": 0.0,
            "num_medications": 0.0,
            "number_outpatient": 0.0,
            "number_emergency": -35.19218657336944,
            "number_inpatient": 0.0,
            "diag_1": 0.0,
            "diag_2": 0.0,
            "diag_3": 0.0,
            "number_diagnoses": 0.0,
            "metformin": 0.0,
            "repaglinide": 0.0,
            "nateglinide": 0.0,
            "chlorpropamide": 0.0,
            "glimepiride": 0.0,
            "acetohexamide": 0.0,
            "glipizide": 0.0,
            "glyburide": 0.0,
            "tolbutamide": 0.0,
            "pioglitazone": 0.0,
            "rosiglitazone": 0.0,
            "acarbose": 0.0,
            "miglitol": 0.0,
            "troglitazone": 0.0,
            "tolazamide": 0.0,
            "insulin": 0.0,
            "glyburide-metformin": 0.0,
            "glipizide-metformin": 0.0,
            "glimepiride-pioglitazone": 0.0,
            "metformin-rosiglitazone": 0.0,
            "metformin-pioglitazone": 0.0,
            "change": 0.0,
            "diabetesMed": 0.0
        },
        "Inherent": {
            "discharge_disposition_id": 24.66299518980382,
            "number_diagnoses": 9.712811324411465,
            "age": 8.778913670011693,
            "insulin": 6.405076347635304,
            "time_in_hospital": 5.696774596355305,
            "diabetesMed": 4.901522487389806,
            "change": 3.3449960901497597,
            "num_procedures": 2.8929265448205186,
            "metformin": 2.832612949745803,
            "gender": 1.2719559958014965,
            "admission_type_id": 0.9413867527174493,
            "glimepiride": 0.8935763037140745,
            "num_lab_procedures": 0.839306486659984,
            "pioglitazone": 0.530331716322579,
            "glyburide": 0.4830882342118953,
            "rosiglitazone": 0.3446087226309971,
            "diag_1": 0.2529727084408484,
            "diag_2": 0.2348538406915739,
            "number_outpatient": 0.16398892834335038,
            "glyburide-metformin": 0.08597910897586235,
            "medical_specialty": 0.07463264835901642,
            "glipizide": 0.06605561167395593,
            "tolazamide": 0.03511652866262772,
            "race": 0.033976598136000846,
            "nateglinide": 0.019144478883549008,
            "troglitazone": -0.0,
            "glimepiride-pioglitazone": -0.0,
            "glipizide-metformin": -0.0,
            "acarbose": -0.0,
            "miglitol": -0.0,
            "acetohexamide": -0.0,
            "chlorpropamide": -0.0,
            "repaglinide": 0.0,
            "tolbutamide": -0.0,
            "metformin-pioglitazone": -0.0,
            "metformin-rosiglitazone": -0.0,
            "admission_source_id": -0.46868806106066496,
            "diag_3": -0.5498858519300642,
            "num_medications": -0.7563601094142588,
            "number_emergency": -2.1463417849722726,
            "payer_code": -2.3483194485407646,
            "number_inpatient": -18.230800879533245
        }
    },
    "DecisionTree": {
        "SHAP": {
            "number_inpatient": -49.18057464058601,
            "discharge_disposition_id": -36.555464444743656,
            "diag_1": -4.518179369294976,
            "payer_code": -3.5941406832970904,
            "number_diagnoses": 3.31160264046357,
            "num_medications": -1.351497385271897,
            "medical_specialty": 1.2075849268288368,
            "admission_source_id": 0.2809559095139677,
            "gender": 0.0,
            "race": 0.0,
            "num_lab_procedures": 0.0,
            "time_in_hospital": 0.0,
            "admission_type_id": 0.0,
            "age": 0.0,
            "number_emergency": 0.0,
            "number_outpatient": 0.0,
            "diag_2": 0.0,
            "num_procedures": 0.0,
            "diag_3": 0.0,
            "metformin": 0.0,
            "repaglinide": 0.0,
            "nateglinide": 0.0,
            "chlorpropamide": 0.0,
            "glimepiride": 0.0,
            "acetohexamide": 0.0,
            "glipizide": 0.0,
            "glyburide": 0.0,
            "tolbutamide": 0.0,
            "pioglitazone": 0.0,
            "rosiglitazone": 0.0,
            "acarbose": 0.0,
            "miglitol": 0.0,
            "troglitazone": 0.0,
            "tolazamide": 0.0,
            "insulin": 0.0,
            "glyburide-metformin": 0.0,
            "glipizide-metformin": 0.0,
            "glimepiride-pioglitazone": 0.0,
            "metformin-rosiglitazone": 0.0,
            "metformin-pioglitazone": 0.0,
            "change": 0.0,
            "diabetesMed": 0.0
        },
        "Lime": {
            "race": 0.0,
            "gender": 0.0,
            "age": 3.9280995920346817,
            "admission_type_id": 0.0,
            "discharge_disposition_id": 0.0,
            "admission_source_id": 0.0,
            "time_in_hospital": 0.0,
            "payer_code": -2.9874108303376343,
            "medical_specialty": 0.0,
            "num_lab_procedures": 2.3418402685913464,
            "num_procedures": 0.0,
            "num_medications": 0.0,
            "number_outpatient": 0.0,
            "number_emergency": 0.0,
            "number_inpatient": -33.42197914628266,
            "diag_1": -5.521676502794022,
            "diag_2": 2.4329331855318466,
            "diag_3": -4.699357180370742,
            "number_diagnoses": 0.0,
            "metformin": 0.0,
            "repaglinide": 0.0,