{
    "LogisticRegression": {
        "SHAP": {
            "diabetesMed": -18.908551647656154,
            "number_diagnoses": -18.907226723768208,
            "number_inpatient": -14.254212225233193,
            "age": -13.180266879387869,
            "discharge_disposition_id": -6.191716139865535,
            "time_in_hospital": 6.125157450239746,
            "payer_code": 3.4449152483744037,
            "metformin": 2.8538428834209464,
            "num_procedures": 2.6163973263927884,
            "change": -2.3514348560659606,
            "number_emergency": -2.0082999069867813,
            "insulin": 1.4936394468770757,
            "glimepiride": 1.2104622483215512,
            "num_medications": -1.0544860756309191,
            "gender": -0.8828158254264825,
            "admission_type_id": 0.8244934711317615,
            "diag_3": -0.4509816661154513,
            "glyburide": 0.42710184317523064,
            "diag_1": -0.4118933939619921,
            "pioglitazone": 0.3908587847002128,
            "rosiglitazone": 0.3807651452309473,
            "diag_2": 0.3617306181974742,
            "admission_source_id": -0.22164047638444834,
            "glyburide-metformin": 0.1706396187009591,
            "acarbose": 0.16364255922963838,
            "num_lab_procedures": -0.12717970065824968,
            "number_outpatient": 0.11778538116937885,
            "race": -0.08311813563779333,
            "medical_specialty": 0.07739511312897294,
            "glipizide": 0.07385422768825173,
            "glipizide-metformin": -0.0682663313702521,
            "chlorpropamide": -0.04545444973279333,
            "tolazamide": 0.022779097254203746,
            "tolbutamide": -0.019997951765970714,
            "troglitazone": -0.01787106911802554,
            "repaglinide": 0.011824427745033417,
            "miglitol": -0.011795993045605056,
            "metformin-rosiglitazone": -0.011604865489447344,
            "acetohexamide": -0.006563925684855459,
            "nateglinide": 0.006006929011034351,
            "glimepiride-pioglitazone": -0.0058902105519001565,
            "metformin-pioglitazone": -0.005439730472497016
        },
        "Lime": {
            "race": -38.75550148159405,
            "gender": 0.0,
            "age": 0.0,
            "admission_type_id": 0.0,
            "discharge_disposition_id": -10.254105192374425,
            "admission_source_id": 0.0,
            "time_in_hospital": 14.177482250402912,
            "payer_code": 0.0,
            "medical_specialty": 0.0,
            "num_lab_procedures": 0.0,
            "num_procedures": 0.0,
            "num_medications": 0.0,
            "number_outpatient": 0.0,
            "number_emergency": -18.618841596901582,
            "number_inpatient": 0.0,
            "diag_1": 0.0,
            "diag_2": 0.0,
            "diag_3": 0.0,
            "number_diagnoses": -18.194069478727027,
            "metformin": 0.0,
            "repaglinide": 0.0,
            "nateglinide": 0.0,
            "chlorpropamide": 0.0,
            "glimepiride": 0.0,
            "acetohexamide": 0.0,
            "glipizide": 0.0,
            "glyburide": 0.0,
            "tolbutamide": 0.0,
            "pioglitazone": 0.0,
            "rosiglitazone": 0.0,
            "acarbose": 0.0,
            "miglitol": 0.0,
            "troglitazone": 0.0,
            "tolazamide": 0.0,
            "insulin": 0.0,
            "glyburide-metformin": 0.0,
            "glipizide-metformin": 0.0,
            "glimepiride-pioglitazone": 0.0,
            "metformin-rosiglitazone": 0.0,
            "metformin-pioglitazone": 0.0,
            "change": 0.0,
            "diabetesMed": 0.0
        },
        "Inherent": {
            "time_in_hospital": 6.969785131223116,
            "payer_code": 3.1403505211351477,
            "num_procedures": 2.565688717080688,
            "metformin": 2.512197586914653,
            "insulin": 1.6942010025328393,
            "admission_type_id": 0.8349003448361791,
            "glimepiride": 0.79249804817706,
            "pioglitazone": 0.47034242999187337,
            "diag_2": 0.4288046257595218,
            "glyburide": 0.42844296689489225,
            "rosiglitazone": 0.30562777787943873,
            "number_outpatient": 0.1454390689352229,
            "glyburide-metformin": 0.07625345005699308,
            "medical_specialty": 0.06619046175348324,
            "glipizide": 0.058583629741710844,
            "tolazamide": 0.03114426860718454,
            "nateglinide": 0.016978921761374548,
            "metformin-pioglitazone": -0.0,
            "troglitazone": -0.0,
            "miglitol": -0.0,
            "glipizide-metformin": -0.0,
            "glimepiride-pioglitazone": -0.0,
            "metformin-rosiglitazone": -0.0,
            "repaglinide": 0.0,
            "acetohexamide": -0.0,
            "chlorpropamide": -0.0,
            "tolbutamide": -0.0,
            "acarbose": -0.0,
            "race": -0.07653320567909438,
            "num_lab_procedures": -0.13437417877136618,
            "admission_source_id": -0.4156716914388084,
            "diag_3": -0.48768466952789424,
            "diag_1": -0.5118756637641154,
            "num_medications": -0.6708032743688191,
            "gender": -0.9417888383598269,
            "number_emergency": -1.9035550386032483,
            "change": -2.237977790061995,
            "discharge_disposition_id": -6.595173892791411,
            "age": -12.542777729217566,
            "number_inpatient": -16.168595847588342,
            "number_diagnoses": -16.972398218216465,
            "diabetesMed": -19.80336100832967
        }
    },
    "DecisionTree": {
        "SHAP": {
            "discharge_disposition_id": -43.02587366655505,
            "number_inpatient": -34.75290909597316,
            "number_diagnoses": -12.999182201764931,
            "payer_code": 5.016609869992115,
            "diag_1": 1.9712606966872104,
            "num_medications": -1.4060202960973465,
            "medical_specialty": 0.6320685769229258,
            "admission_source_id": 0.19607559600727553,
            "gender": 0.0,
            "race": 0.0,
            "num_lab_procedures": 0.0,
            "time_in_hospital": 0.0,
            "admission_type_id": 0.0,
            "age": 0.0,
            "number_emergency": 0.0,
            "number_outpatient": 0.0,
            "diag_2": 0.0,
            "num_procedures": 0.0,
            "diag_3": 0.0,
            "metformin": 0.0,
            "repaglinide": 0.0,
            "nateglinide": 0.0,
            "chlorpropamide": 0.0,
            "glimepiride": 0.0,
            "acetohexamide": 0.0,
            "glipizide": 0.0,
            "glyburide": 0.0,
            "tolbutamide": 0.0,
            "pioglitazone": 0.0,
            "rosiglitazone": 0.0,
            "acarbose": 0.0,
            "miglitol": 0.0,
            "troglitazone": 0.0,
            "tolazamide": 0.0,
            "insulin": 0.0,
            "glyburide-metformin": 0.0,
            "glipizide-metformin": 0.0,
            "glimepiride-pioglitazone": 0.0,
            "metformin-rosiglitazone": 0.0,
            "metformin-pioglitazone": 0.0,
            "change": 0.0,
            "diabetesMed": 0.0
        },
        "Lime": {
            "race": 0.0,
            "gender": 0.0,
            "age": -3.461109299212489,
            "admission_type_id": 0.0,
            "discharge_disposition_id": -15.755299205123816,
            "admission_source_id": 0.0,
            "time_in_hospital": 0.0,
            "payer_code": 0.0,
            "medical_specialty": 0.0,
            "num_lab_procedures": 0.0,
            "num_procedures": 0.0,
            "num_medications": 0.0,
            "number_outpatient": 0.0,
            "number_emergency": 0.0,
            "number_inpatient": -38.31416466278992,
            "diag_1": 0.0,
            "diag_2": 3.7812742009364677,
            "diag_3": 0.0,
            "number_diagnoses": -9.553119238920173,
            "metformin": 0.0,