{
    "LogisticRegression": {
        "SHAP": {
            "number_inpatient": 22.229992577754885,
            "diabetesMed": -20.88614058417019,
            "discharge_disposition_id": -6.839289236123877,
            "number_diagnoses": -6.61215907595001,
            "time_in_hospital": -6.06892197456175,
            "diag_1": -4.950846889604589,
            "num_medications": -4.883363268519006,
            "payer_code": 3.8052086441543063,
            "age": 3.584609860614771,
            "metformin": 3.1523177860982305,
            "diag_2": -2.7091647475696834,
            "change": -2.5973644038674677,
            "number_emergency": -2.218341995416729,
            "insulin": 1.6498547350877513,
            "glimepiride": 1.3370608791926437,
            "gender": 1.3340520295626228,
            "admission_type_id": 0.9107247804949161,
            "diag_3": 0.47417023074653497,
            "glyburide": 0.4717711491890938,
            "num_procedures": 0.4539935332370635,
            "pioglitazone": 0.43173753748709137,
            "num_lab_procedures": -0.4264158379226264,
            "rosiglitazone": 0.42058823441568766,
            "medical_specialty": -0.37643570392509124,
            "admission_source_id": -0.24482119176387918,
            "glyburide-metformin": 0.1884863067161049,
            "acarbose": 0.1807574456950695,
            "number_outpatient": 0.13010420235801948,
            "race": -0.09181121316821055,
            "glipizide": 0.08157842075774997,
            "glipizide-metformin": -0.07540610305503612,
            "chlorpropamide": -0.05020839485677367,
            "tolazamide": 0.02516149499429055,
            "tolbutamide": -0.02208947780679401,
            "troglitazone": -0.019740150855751645,
            "repaglinide": 0.013061109323026529,
            "miglitol": -0.013029700723320112,
            "metformin-rosiglitazone": -0.012818583706966633,
            "acetohexamide": -0.0072504270656251245,
            "nateglinide": 0.006635175773451992,
            "glimepiride-pioglitazone": -0.006506250079317895,
            "metformin-pioglitazone": -0.006008655634005187
        },
        "Lime": {
            "race": -30.138154313300937,
            "gender": 0.0,
            "age": 0.0,
            "admission_type_id": 0.0,
            "discharge_disposition_id": -10.24476542135107,
            "admission_source_id": 0.0,
            "time_in_hospital": 0.0,
            "payer_code": 0.0,
            "medical_specialty": 0.0,
            "num_lab_procedures": 0.0,
            "num_procedures": 0.0,
            "num_medications": 0.0,
            "number_outpatient": 0.0,
            "number_emergency": -13.009296349939342,
            "number_inpatient": 46.607783915408646,
            "diag_1": 0.0,
            "diag_2": 0.0,
            "diag_3": 0.0,
            "number_diagnoses": 0.0,
            "metformin": 0.0,
            "repaglinide": 0.0,
            "nateglinide": 0.0,
            "chlorpropamide": 0.0,
            "glimepiride": 0.0,
            "acetohexamide": 0.0,
            "glipizide": 0.0,
            "glyburide": 0.0,
            "tolbutamide": 0.0,
            "pioglitazone": 0.0,
            "rosiglitazone": 0.0,
            "acarbose": 0.0,
            "miglitol": 0.0,
            "troglitazone": 0.0,
            "tolazamide": 0.0,
            "insulin": 0.0,
            "glyburide-metformin": 0.0,
            "glipizide-metformin": 0.0,
            "glimepiride-pioglitazone": 0.0,
            "metformin-rosiglitazone": 0.0,
            "metformin-pioglitazone": 0.0,
            "change": 0.0,
            "diabetesMed": 0.0
        },
        "Inherent": {
            "number_inpatient": 20.930651476303254,
            "age": 4.357168936803161,
            "payer_code": 3.6780944131189,
            "metformin": 2.942378516950246,
            "insulin": 1.9843107322503568,
            "gender": 1.3212451058264902,
            "admission_type_id": 0.9778660927134246,
            "glimepiride": 0.9282029581697873,
            "pioglitazone": 0.5508824102159603,
            "glyburide": 0.501808212895471,
            "diag_3": 0.44959051031834113,
            "num_procedures": 0.4475575556898017,
            "rosiglitazone": 0.35796253149026414,
            "number_outpatient": 0.17034360441601043,
            "glyburide-metformin": 0.08931085455208555,
            "glipizide": 0.06861530896090043,
            "tolazamide": 0.03647731665424172,
            "nateglinide": 0.019886339709848915,
            "troglitazone": -0.0,
            "miglitol": -0.0,
            "glipizide-metformin": -0.0,
            "glimepiride-pioglitazone": -0.0,
            "metformin-rosiglitazone": -0.0,
            "acetohexamide": -0.0,
            "chlorpropamide": -0.0,
            "repaglinide": 0.0,
            "metformin-pioglitazone": -0.0,
            "acarbose": -0.0,
            "tolbutamide": -0.0,
            "race": -0.08963851466001438,
            "medical_specialty": -0.40742569829819947,
            "num_lab_procedures": -0.4575714564857813,
            "admission_source_id": -0.4868500238056603,
            "number_emergency": -2.2295139047153603,
            "change": -2.621202171831364,
            "diag_2": -2.7614531149026815,
            "num_medications": -4.6896176149835895,
            "number_diagnoses": -4.894755053635168,
            "time_in_hospital": -5.311178118392506,
            "diag_1": -5.3195032369144215,
            "discharge_disposition_id": -7.72451103319997,
            "diabetesMed": -23.19442718113675
        }
    },
    "DecisionTree": {
        "SHAP": {
            "number_inpatient": 40.15045743797494,
            "discharge_disposition_id": -26.522199339642473,
            "num_medications": -11.15729954756476,
            "number_diagnoses": -8.475550335902282,
            "diag_1": -6.540034997923182,
            "payer_code": 5.096715690793231,
            "admission_source_id": 0.9960326896888648,
            "number_emergency": -0.7406291990850795,
            "medical_specialty": -0.32108076142519415,
            "gender": 0.0,
            "num_lab_procedures": 0.0,
            "time_in_hospital": 0.0,
            "admission_type_id": 0.0,
            "age": 0.0,
            "race": 0.0,
            "number_outpatient": 0.0,
            "diag_2": 0.0,
            "num_procedures": 0.0,
            "diag_3": 0.0,
            "metformin": 0.0,
            "repaglinide": 0.0,
            "nateglinide": 0.0,
            "chlorpropamide": 0.0,
            "glimepiride": 0.0,
            "acetohexamide": 0.0,
            "glipizide": 0.0,
            "glyburide": 0.0,
            "tolbutamide": 0.0,
            "pioglitazone": 0.0,
            "rosiglitazone": 0.0,
            "acarbose": 0.0,
            "miglitol": 0.0,
            "troglitazone": 0.0,
            "tolazamide": 0.0,
            "insulin": 0.0,
            "glyburide-metformin": 0.0,
            "glipizide-metformin": 0.0,
            "glimepiride-pioglitazone": 0.0,
            "metformin-rosiglitazone": 0.0,
            "metformin-pioglitazone": 0.0,
            "change": 0.0,
            "diabetesMed": 0.0
        },
        "Lime": {
            "race": 0.0,
            "gender": 0.0,
            "age": 0.0,
            "admission_type_id": 0.0,
            "discharge_disposition_id": -17.526282551534177,
            "admission_source_id": 0.0,
            "time_in_hospital": 0.0,
            "payer_code": 3.24042599360195,
            "medical_specialty": -8.35226075408257,
            "num_lab_procedures": 0.0,
            "num_procedures": 0.0,
            "num_medications": 0.0,
            "number_outpatient": 0.0,
            "number_emergency": 0.0,
            "number_inpatient": 4.536199417210131,
            "diag_1": -8.383118253102708,
            "diag_2": 13.210792239318813,
            "diag_3": 6.2690903110675595,
            "number_diagnoses": -5.6627193870165815,