{
    "LogisticRegression": {
        "SHAP": {
            "number_inpatient": -19.583653820037664,
            "metformin": -13.08387568161981,
            "insulin": -9.010983504287355,
            "diabetesMed": 7.533391283640968,
            "admission_source_id": -5.877390943573598,
            "time_in_hospital": -4.887893835391475,
            "age": 4.4585379266687,
            "diag_1": -4.04295214688681,
            "change": 3.9913914876693677,
            "admission_type_id": -3.9596463866068805,
            "number_diagnoses": 3.610568626371707,
            "number_emergency": -2.75917388655265,
            "diag_2": 2.72237822726452,
            "payer_code": -2.514657845434,
            "discharge_disposition_id": -1.9228386312029448,
            "num_lab_procedures": -1.7497327578981363,
            "diag_3": 1.7087228405613455,
            "glimepiride": 1.6630363894393274,
            "gender": -1.212887758286495,
            "glyburide": 0.5867889793191919,
            "num_procedures": 0.564677179695262,
            "pioglitazone": 0.5369951710512277,
            "rosiglitazone": 0.5231276673248245,
            "num_medications": -0.2924468867933849,
            "glyburide-metformin": 0.2344392778653286,
            "acarbose": 0.2248261201348726,
            "number_outpatient": 0.16182361349994298,
            "medical_specialty": -0.12508104240251444,
            "glipizide": 0.10146724388125919,
            "glipizide-metformin": -0.09379011480917693,
            "chlorpropamide": -0.06244920407257128,
            "race": 0.033817496945869746,
            "tolazamide": 0.0312958687516664,
            "tolbutamide": -0.027474893617852977,
            "troglitazone": -0.0245528006368414,
            "repaglinide": 0.01624540843925836,
            "miglitol": -0.016206342421348507,
            "metformin-rosiglitazone": -0.015943755065686963,
            "acetohexamide": -0.009018081552420551,
            "nateglinide": 0.008252831963971507,
            "glimepiride-pioglitazone": -0.008092474179060328,
            "metformin-pioglitazone": -0.007473566182711208
        },
        "Lime": {
            "race": -36.33429502246649,
            "gender": 0.0,
            "age": 0.0,
            "admission_type_id": 0.0,
            "discharge_disposition_id": -18.41002609000985,
            "admission_source_id": 0.0,
            "time_in_hospital": 0.0,
            "payer_code": 0.0,
            "medical_specialty": 0.0,
            "num_lab_procedures": 0.0,
            "num_procedures": 0.0,
            "num_medications": 0.0,
            "number_outpatient": 0.0,
            "number_emergency": -22.363804895745204,
            "number_inpatient": 0.0,
            "diag_1": 0.0,
            "diag_2": 0.0,
            "diag_3": 0.0,
            "number_diagnoses": 22.891873991778457,
            "metformin": 0.0,
            "repaglinide": 0.0,
            "nateglinide": 0.0,
            "chlorpropamide": 0.0,
            "glimepiride": 0.0,
            "acetohexamide": 0.0,
            "glipizide": 0.0,
            "glyburide": 0.0,
            "tolbutamide": 0.0,
            "pioglitazone": 0.0,
            "rosiglitazone": 0.0,
            "acarbose": 0.0,
            "miglitol": 0.0,
            "troglitazone": 0.0,
            "tolazamide": 0.0,
            "insulin": 0.0,
            "glyburide-metformin": 0.0,
            "glipizide-metformin": 0.0,
            "glimepiride-pioglitazone": 0.0,
            "metformin-rosiglitazone": 0.0,
            "metformin-pioglitazone": 0.0,
            "change": 0.0,
            "diabetesMed": 0.0
        },
        "Inherent": {
            "number_diagnoses": 5.819310097932713,
            "diabetesMed": 5.81579038422054,
            "age": 4.977036659590379,
            "change": 3.9689292758315897,
            "diag_2": 2.7192866334713757,
            "diag_3": 1.5923785971952455,
            "glimepiride": 1.0602527047621715,
            "pioglitazone": 0.6292530747683058,
            "glyburide": 0.573197392134332,
            "num_procedures": 0.5112288263899911,
            "rosiglitazone": 0.4088876671589346,
            "num_medications": 0.21739276813891512,
            "number_outpatient": 0.1945773451068615,
            "glyburide-metformin": 0.10201656250932621,
            "glipizide": 0.07837678847450878,
            "tolazamide": 0.041666720952263446,
            "race": 0.04031416222943966,
            "nateglinide": 0.022715447391765255,
            "troglitazone": -0.0,
            "miglitol": -0.0,
            "acarbose": -0.0,
            "glipizide-metformin": -0.0,
            "repaglinide": 0.0,
            "acetohexamide": -0.0,
            "chlorpropamide": -0.0,
            "tolbutamide": -0.0,
            "metformin-pioglitazone": -0.0,
            "glimepiride-pioglitazone": -0.0,
            "metformin-rosiglitazone": -0.0,
            "medical_specialty": -0.13456158201674062,
            "gender": -1.259983119810457,
            "num_lab_procedures": -1.698301480656614,
            "discharge_disposition_id": -2.475638599453421,
            "number_emergency": -2.546693184904647,
            "payer_code": -2.7863452025442728,
            "time_in_hospital": -3.5015377558592355,
            "admission_type_id": -3.792825963897158,
            "diag_1": -4.03719946171229,
            "admission_source_id": -5.929166199433855,
            "insulin": -8.39977688029131,
            "metformin": -13.034015990922402,
            "number_inpatient": -21.63134347023894
        }
    },
    "DecisionTree": {
        "SHAP": {
            "discharge_disposition_id": 56.99764337147197,
            "number_inpatient": -21.105258892470253,
            "payer_code": -13.355383535007043,
            "diag_1": -4.415555904961916,
            "number_diagnoses": 2.836735558771678,
            "num_medications": -0.7792754671994204,
            "medical_specialty": -0.3481476613616234,
            "admission_source_id": 0.1619996087560969,
            "gender": 0.0,
            "race": 0.0,
            "num_lab_procedures": 0.0,
            "time_in_hospital": 0.0,
            "admission_type_id": 0.0,
            "age": 0.0,
            "number_emergency": 0.0,
            "number_outpatient": 0.0,
            "diag_2": 0.0,
            "num_procedures": 0.0,
            "diag_3": 0.0,
            "metformin": 0.0,
            "repaglinide": 0.0,
            "nateglinide": 0.0,
            "chlorpropamide": 0.0,
            "glimepiride": 0.0,
            "acetohexamide": 0.0,
            "glipizide": 0.0,
            "glyburide": 0.0,
            "tolbutamide": 0.0,
            "pioglitazone": 0.0,
            "rosiglitazone": 0.0,
            "acarbose": 0.0,
            "miglitol": 0.0,
            "troglitazone": 0.0,
            "tolazamide": 0.0,
            "insulin": 0.0,
            "glyburide-metformin": 0.0,
            "glipizide-metformin": 0.0,
            "glimepiride-pioglitazone": 0.0,
            "metformin-rosiglitazone": 0.0,
            "metformin-pioglitazone": 0.0,
            "change": 0.0,
            "diabetesMed": 0.0
        },
        "Lime": {
            "race": 0.0,
            "gender": 0.0,
            "age": 0.0,
            "admission_type_id": 0.0,
            "discharge_disposition_id": 30.27574294763492,
            "admission_source_id": 0.0,
            "time_in_hospital": 0.0,
            "payer_code": 0.0,
            "medical_specialty": -5.678493885466365,
            "num_lab_procedures": 0.0,
            "num_procedures": 0.0,
            "num_medications": 0.0,
            "number_outpatient": 0.0,
            "number_emergency": -5.59004372167832,
            "number_inpatient": -35.62572946410052,
            "diag_1": 0.0,
            "diag_2": -7.479426573247511,
            "diag_3": 3.793646644308398,
            "number_diagnoses": 0.0,
            "metformin": 0.0,
            "repaglinide": 0.0,