{
    "LogisticRegression": {
        "SHAP": {
            "age": -20.352570914166087,
            "number_inpatient": 19.146391119267033,
            "number_diagnoses": -13.890113735869763,
            "metformin": -9.060109517719152,
            "discharge_disposition_id": -5.890587063157979,
            "diabetesMed": 5.216600320155911,
            "time_in_hospital": -3.3846892570098563,
            "payer_code": 3.277374598149877,
            "num_procedures": 2.4891509711983,
            "change": -2.237074735034882,
            "admission_source_id": 2.1045502010589576,
            "number_emergency": -1.9106278750199004,
            "diag_2": -1.476180002703143,
            "insulin": 1.420997507645371,
            "num_medications": -1.4035485721331409,
            "diag_1": -1.2109881374242257,
            "glimepiride": 1.1515924017406425,
            "admission_type_id": -0.9787583264448044,
            "gender": -0.8398807960407089,
            "diag_3": -0.4264396770092227,
            "glyburide": 0.4063300925345035,
            "pioglitazone": 0.371849685720044,
            "rosiglitazone": 0.36224694219389664,
            "glyburide-metformin": 0.1623406996826423,
            "acarbose": 0.1556839365057044,
            "num_lab_procedures": 0.12527733927175635,
            "number_outpatient": 0.11205698498971275,
            "race": -0.07907575273830762,
            "glipizide": 0.0702623874145153,
            "glipizide-metformin": -0.06494625388747162,
            "medical_specialty": -0.06451130719292994,
            "chlorpropamide": -0.043243809553060654,
            "tolazamide": 0.021671254392961248,
            "tolbutamide": -0.01902536765273006,
            "troglitazone": -0.017001924211876015,
            "repaglinide": 0.011249356322341477,
            "miglitol": -0.011222304521384542,
            "metformin-rosiglitazone": -0.011040472298413793,
            "acetohexamide": -0.006244694499767497,
            "nateglinide": 0.0057147869059894826,
            "glimepiride-pioglitazone": -0.005603744954149851,
            "metformin-pioglitazone": -0.00517517360688519
        },
        "Lime": {
            "race": -25.344309111291963,
            "gender": 0.0,
            "age": 0.0,
            "admission_type_id": 0.0,
            "discharge_disposition_id": -7.77436714974888,
            "admission_source_id": 0.0,
            "time_in_hospital": 0.0,
            "payer_code": 0.0,
            "medical_specialty": 0.0,
            "num_lab_procedures": 0.0,
            "num_procedures": 0.0,
            "num_medications": 0.0,
            "number_outpatient": 0.0,
            "number_emergency": -11.6155114353294,
            "number_inpatient": 41.53280134302166,
            "diag_1": 0.0,
            "diag_2": 0.0,
            "diag_3": 0.0,
            "number_diagnoses": -13.733010960608096,
            "metformin": 0.0,
            "repaglinide": 0.0,
            "nateglinide": 0.0,
            "chlorpropamide": 0.0,
            "glimepiride": 0.0,
            "acetohexamide": 0.0,
            "glipizide": 0.0,
            "glyburide": 0.0,
            "tolbutamide": 0.0,
            "pioglitazone": 0.0,
            "rosiglitazone": 0.0,
            "acarbose": 0.0,
            "miglitol": 0.0,
            "troglitazone": 0.0,
            "tolazamide": 0.0,
            "insulin": 0.0,
            "glyburide-metformin": 0.0,
            "glipizide-metformin": 0.0,
            "glimepiride-pioglitazone": 0.0,
            "metformin-rosiglitazone": 0.0,
            "metformin-pioglitazone": 0.0,
            "change": 0.0,
            "diabetesMed": 0.0
        },
        "Inherent": {
            "number_inpatient": 18.41639809188297,
            "diabetesMed": 4.4798580412681765,
            "payer_code": 3.236270548397282,
            "num_procedures": 2.6440560617551836,
            "admission_source_id": 2.054925335272925,
            "insulin": 1.745949304277112,
            "glimepiride": 0.8167044015362559,
            "pioglitazone": 0.48470874305270045,
            "glyburide": 0.4415294872652275,
            "rosiglitazone": 0.3149629857133924,
            "number_outpatient": 0.1498814136236124,
            "num_lab_procedures": 0.12564947757555703,
            "glyburide-metformin": 0.0785825636253901,
            "glipizide": 0.060373029786107306,
            "tolazamide": 0.03209555066113199,
            "nateglinide": 0.017497532224528826,
            "metformin-pioglitazone": -0.0,
            "metformin-rosiglitazone": -0.0,
            "troglitazone": -0.0,
            "miglitol": -0.0,
            "acarbose": -0.0,
            "glipizide-metformin": -0.0,
            "glimepiride-pioglitazone": -0.0,
            "acetohexamide": -0.0,
            "repaglinide": 0.0,
            "chlorpropamide": -0.0,
            "tolbutamide": -0.0,
            "race": -0.07887086420663471,
            "medical_specialty": -0.07994636678518509,
            "diag_3": -0.49978266848274644,
            "gender": -0.9705551848051257,
            "admission_type_id": -1.0305912264680075,
            "num_medications": -1.120666784504524,
            "diag_1": -1.4060293442082712,
            "diag_2": -1.5104006224195883,
            "number_emergency": -1.9616979274205755,
            "change": -2.3063354110313896,
            "time_in_hospital": -2.6972072643729716,
            "discharge_disposition_id": -6.796619322318303,
            "metformin": -10.040001012652986,
            "number_diagnoses": -13.09613368921946,
            "age": -21.30571974318666
        }
    },
    "DecisionTree": {
        "SHAP": {
            "number_inpatient": 37.54960951297953,
            "discharge_disposition_id": -36.82749830979268,
            "number_diagnoses": -7.4520903910352825,
            "payer_code": 7.167337885444006,
            "num_medications": -5.325046275321981,
            "admission_source_id": -3.921923258910293,
            "number_emergency": -1.041521646431562,
            "medical_specialty": -0.45152495160895245,
            "diag_1": -0.2634477684757131,
            "gender": 0.0,
            "num_lab_procedures": 0.0,
            "time_in_hospital": 0.0,
            "admission_type_id": 0.0,
            "age": 0.0,
            "race": 0.0,
            "number_outpatient": 0.0,
            "diag_2": 0.0,
            "num_procedures": 0.0,
            "diag_3": 0.0,
            "metformin": 0.0,
            "repaglinide": 0.0,
            "nateglinide": 0.0,
            "chlorpropamide": 0.0,
            "glimepiride": 0.0,
            "acetohexamide": 0.0,
            "glipizide": 0.0,
            "glyburide": 0.0,
            "tolbutamide": 0.0,
            "pioglitazone": 0.0,
            "rosiglitazone": 0.0,
            "acarbose": 0.0,
            "miglitol": 0.0,
            "troglitazone": 0.0,
            "tolazamide": 0.0,
            "insulin": 0.0,
            "glyburide-metformin": 0.0,
            "glipizide-metformin": 0.0,
            "glimepiride-pioglitazone": 0.0,
            "metformin-rosiglitazone": 0.0,
            "metformin-pioglitazone": 0.0,
            "change": 0.0,
            "diabetesMed": 0.0
        },
        "Lime": {
            "race": 0.0,
            "gender": 0.0,
            "age": 0.0,
            "admission_type_id": 0.0,
            "discharge_disposition_id": -15.70190487147555,
            "admission_source_id": 0.0,
            "time_in_hospital": -3.911774343178456,
            "payer_code": 3.2770003410992308,
            "medical_specialty": 0.0,
            "num_lab_procedures": 0.0,
            "num_procedures": 0.0,
            "num_medications": -2.753474065245788,
            "number_outpatient": 3.656145471088827,
            "number_emergency": -3.869197792196397,
            "number_inpatient": 9.259678389502321,
            "diag_1": -2.065756672422594,
            "diag_2": 0.0,
            "diag_3": 9.627638337824116,