{
    "LogisticRegression": {
        "SHAP": {
            "discharge_disposition_id": 39.26010461716421,
            "diabetesMed": -16.82349338736917,
            "number_inpatient": -12.682390993341523,
            "number_diagnoses": 6.170311715954423,
            "payer_code": 3.0650422084685682,
            "age": 2.8873529814338785,
            "metformin": 2.5391477767560384,
            "diag_2": 2.2764320418370265,
            "change": -2.092140608599111,
            "time_in_hospital": 2.0036777237662466,
            "number_emergency": -1.786843373021345,
            "insulin": 1.3289348558203846,
            "glimepiride": 1.0769837907083657,
            "gender": 1.0745602045197038,
            "number_outpatient": -1.0483922114945305,
            "diag_1": 0.7477922377485658,
            "diag_3": 0.5576060549409875,
            "glyburide": 0.3800050457742146,
            "num_procedures": 0.3656854253921299,
            "pioglitazone": 0.3477585328760108,
            "rosiglitazone": 0.33877792558096576,
            "admission_source_id": -0.19720003722703563,
            "num_medications": 0.1850203242094905,
            "glyburide-metformin": 0.15182307721568047,
            "acarbose": 0.14559758803278025,
            "admission_type_id": -0.09088556737751007,
            "glipizide": 0.06571027407572884,
            "glipizide-metformin": -0.06073855871080166,
            "num_lab_procedures": 0.05135624886047182,
            "chlorpropamide": -0.04044215806454659,
            "medical_specialty": -0.029325592295544142,
            "race": 0.021900239997340195,
            "tolazamide": 0.020267231418215962,
            "tolbutamide": -0.01779276464770582,
            "troglitazone": -0.015900414729522038,
            "repaglinide": 0.010520540424504315,
            "miglitol": -0.01049524123783371,
            "metformin-rosiglitazone": -0.010325189441319625,
            "acetohexamide": -0.005840117340136774,
            "nateglinide": 0.0053445410509831,
            "glimepiride-pioglitazone": -0.005240693212078345,
            "metformin-pioglitazone": -0.00483988786335563
        },
        "Lime": {
            "race": 0.0,
            "gender": 0.0,
            "age": 0.0,
            "admission_type_id": -6.162105054417221,
            "discharge_disposition_id": 33.00864273537758,
            "admission_source_id": 0.0,
            "time_in_hospital": 22.155754852263673,
            "payer_code": 0.0,
            "medical_specialty": 0.0,
            "num_lab_procedures": 0.0,
            "num_procedures": 0.0,
            "num_medications": 10.243328386666342,
            "number_outpatient": 0.0,
            "number_emergency": -28.4301689712752,
            "number_inpatient": 0.0,
            "diag_1": 0.0,
            "diag_2": 0.0,
            "diag_3": 0.0,
            "number_diagnoses": 0.0,
            "metformin": 0.0,
            "repaglinide": 0.0,
            "nateglinide": 0.0,
            "chlorpropamide": 0.0,
            "glimepiride": 0.0,
            "acetohexamide": 0.0,
            "glipizide": 0.0,
            "glyburide": 0.0,
            "tolbutamide": 0.0,
            "pioglitazone": 0.0,
            "rosiglitazone": 0.0,
            "acarbose": 0.0,
            "miglitol": 0.0,
            "troglitazone": 0.0,
            "tolazamide": 0.0,
            "insulin": 0.0,
            "glyburide-metformin": 0.0,
            "glipizide-metformin": 0.0,
            "glimepiride-pioglitazone": 0.0,
            "metformin-rosiglitazone": 0.0,
            "metformin-pioglitazone": 0.0,
            "change": 0.0,
            "diabetesMed": 0.0
        },
        "Inherent": {
            "discharge_disposition_id": 37.23279293280976,
            "number_diagnoses": 7.4200579603763455,
            "age": 3.204464312478189,
            "payer_code": 2.705041382538751,
            "time_in_hospital": 2.700402608343731,
            "diag_2": 2.242953041673571,
            "metformin": 2.163961757766363,
            "insulin": 1.4593542317477943,
            "gender": 0.9717049880475463,
            "glimepiride": 0.6826435461495028,
            "diag_1": 0.6271684923235669,
            "diag_3": 0.49903833657726165,
            "num_medications": 0.498861381944045,
            "pioglitazone": 0.4051444985294043,
            "glyburide": 0.36905305560903884,
            "num_procedures": 0.3291546037781572,
            "rosiglitazone": 0.26326226364004796,
            "glyburide-metformin": 0.06568334858713729,
            "glipizide": 0.050462883593444516,
            "num_lab_procedures": 0.04194664080957359,
            "tolazamide": 0.026827112083298257,
            "race": 0.025956267350927608,
            "nateglinide": 0.014625337422143551,
            "troglitazone": -0.0,
            "glipizide-metformin": -0.0,
            "miglitol": -0.0,
            "metformin-rosiglitazone": -0.0,
            "metformin-pioglitazone": -0.0,
            "glimepiride-pioglitazone": -0.0,
            "acetohexamide": -0.0,
            "repaglinide": 0.0,
            "chlorpropamide": -0.0,
            "tolbutamide": -0.0,
            "acarbose": -0.0,
            "medical_specialty": -0.037102031709607235,
            "admission_type_id": -0.07112651744615715,
            "admission_source_id": -0.3580521089363659,
            "number_outpatient": -0.9801207701865468,
            "number_emergency": -1.6396880280423756,
            "change": -1.927753763338505,
            "number_inpatient": -13.927337273630553,
            "diabetesMed": -17.0582585225303
        }
    },
    "DecisionTree": {
        "SHAP": {
            "discharge_disposition_id": 73.80480189455777,
            "number_inpatient": -9.432943394113055,
            "medical_specialty": -9.176885620701482,
            "payer_code": 2.993228292344987,
            "diag_1": 2.7084920685605267,
            "number_diagnoses": 1.3738288165901966,
            "num_medications": -0.42207656522742626,
            "admission_source_id": 0.087743347904551,
            "gender": 0.0,
            "race": 0.0,
            "num_lab_procedures": 0.0,
            "time_in_hospital": 0.0,
            "admission_type_id": 0.0,
            "age": 0.0,
            "number_emergency": 0.0,
            "number_outpatient": 0.0,
            "diag_2": 0.0,
            "num_procedures": 0.0,
            "diag_3": 0.0,
            "metformin": 0.0,
            "repaglinide": 0.0,
            "nateglinide": 0.0,
            "chlorpropamide": 0.0,
            "glimepiride": 0.0,
            "acetohexamide": 0.0,
            "glipizide": 0.0,
            "glyburide": 0.0,
            "tolbutamide": 0.0,
            "pioglitazone": 0.0,
            "rosiglitazone": 0.0,
            "acarbose": 0.0,
            "miglitol": 0.0,
            "troglitazone": 0.0,
            "tolazamide": 0.0,
            "insulin": 0.0,
            "glyburide-metformin": 0.0,
            "glipizide-metformin": 0.0,
            "glimepiride-pioglitazone": 0.0,
            "metformin-rosiglitazone": 0.0,
            "metformin-pioglitazone": 0.0,
            "change": 0.0,
            "diabetesMed": 0.0
        },
        "Lime": {
            "race": 0.0,
            "gender": 0.0,
            "age": 0.0,
            "admission_type_id": 0.0,
            "discharge_disposition_id": 0.0,
            "admission_source_id": 0.0,
            "time_in_hospital": 0.0,
            "payer_code": 3.6716739849570157,
            "medical_specialty": -3.4298323914163404,
            "num_lab_procedures": 0.0,
            "num_procedures": 0.0,
            "num_medications": 0.0,
            "number_outpatient": 0.0,
            "number_emergency": 0.0,
            "number_inpatient": -32.24817685689087,
            "diag_1": 15.333253932281954,
            "diag_2": 18.125150893799805,
            "diag_3": 0.0,
            "number_diagnoses": 4.145400533135478,
            "metformin": 0.0,