{
    "LogisticRegression": {
        "SHAP": {
            "number_inpatient": -17.483894071322535,
            "num_procedures": -10.316192546786413,
            "time_in_hospital": -9.11453106098141,
            "discharge_disposition_id": -7.594618867640443,
            "number_diagnoses": -7.3424045014522585,
            "diabetesMed": 6.725660921673189,
            "age": -6.093061808301676,
            "admission_source_id": -5.247216970719183,
            "admission_type_id": -4.671692536022565,
            "payer_code": 4.225455067986156,
            "metformin": 3.5004590840594982,
            "diag_1": -3.0334207871081675,
            "change": -2.8842167697135035,
            "number_emergency": -2.4633352080338735,
            "insulin": 1.8320643370048006,
            "glimepiride": 1.484725594973572,
            "gender": 1.4813844486378747,
            "num_medications": 0.7712273004220589,
            "num_lab_procedures": 0.5243900490061398,
            "glyburide": 0.5238734533868762,
            "pioglitazone": 0.47941853822318714,
            "glipizide": -0.46768574081972697,
            "rosiglitazone": 0.4670379085197543,
            "diag_2": 0.31951595153502454,
            "glyburide-metformin": 0.20930269387017136,
            "acarbose": 0.20072025910111735,
            "number_outpatient": 0.14447288246980466,
            "glipizide-metformin": -0.08373393685007831,
            "medical_specialty": 0.06643441192597574,
            "chlorpropamide": -0.0557533991805999,
            "race": 0.03019158425655437,
            "tolazamide": 0.027940325087052423,
            "tolbutamide": -0.0245290349824246,
            "troglitazone": -0.02192024886845196,
            "diag_3": -0.014994985215316739,
            "repaglinide": 0.014503575426090537,
            "miglitol": -0.01446869806739124,
            "metformin-rosiglitazone": -0.014234265333181161,
            "acetohexamide": -0.008051162670560602,
            "nateglinide": 0.007367963158073484,
            "glimepiride-pioglitazone": -0.007224798938022253,
            "metformin-pioglitazone": -0.006672250269244689
        },
        "Lime": {
            "race": -42.026478117534886,
            "gender": 0.0,
            "age": 0.0,
            "admission_type_id": 0.0,
            "discharge_disposition_id": -22.49954172121121,
            "admission_source_id": 0.0,
            "time_in_hospital": -13.995405050948284,
            "payer_code": 0.0,
            "medical_specialty": 0.0,
            "num_lab_procedures": 0.0,
            "num_procedures": 0.0,
            "num_medications": 0.0,
            "number_outpatient": 0.0,
            "number_emergency": -21.478575110305623,
            "number_inpatient": 0.0,
            "diag_1": 0.0,
            "diag_2": 0.0,
            "diag_3": 0.0,
            "number_diagnoses": 0.0,
            "metformin": 0.0,
            "repaglinide": 0.0,
            "nateglinide": 0.0,
            "chlorpropamide": 0.0,
            "glimepiride": 0.0,
            "acetohexamide": 0.0,
            "glipizide": 0.0,
            "glyburide": 0.0,
            "tolbutamide": 0.0,
            "pioglitazone": 0.0,
            "rosiglitazone": 0.0,
            "acarbose": 0.0,
            "miglitol": 0.0,
            "troglitazone": 0.0,
            "tolazamide": 0.0,
            "insulin": 0.0,
            "glyburide-metformin": 0.0,
            "glipizide-metformin": 0.0,
            "glimepiride-pioglitazone": 0.0,
            "metformin-rosiglitazone": 0.0,
            "metformin-pioglitazone": 0.0,
            "change": 0.0,
            "diabetesMed": 0.0
        },
        "Inherent": {
            "diabetesMed": 5.5459180011221205,
            "payer_code": 4.006397284360606,
            "metformin": 3.2050121546157757,
            "insulin": 2.1614282386716,
            "gender": 1.439178065978285,
            "num_medications": 1.2704076068145496,
            "glimepiride": 1.0110533861455566,
            "pioglitazone": 0.6000535996083203,
            "glyburide": 0.5465990906170012,
            "num_lab_procedures": 0.5292435275164674,
            "diag_2": 0.4191828609692843,
            "rosiglitazone": 0.3899138937136037,
            "number_outpatient": 0.18554829688610278,
            "glyburide-metformin": 0.09728264828253438,
            "medical_specialty": 0.055098009669955296,
            "tolazamide": 0.03973324389473514,
            "race": 0.03844344848036886,
            "nateglinide": 0.021661373651866517,
            "troglitazone": -0.0,
            "miglitol": -0.0,
            "acarbose": -0.0,
            "glipizide-metformin": -0.0,
            "glimepiride-pioglitazone": -0.0,
            "chlorpropamide": -0.0,
            "repaglinide": 0.0,
            "acetohexamide": -0.0,
            "metformin-pioglitazone": -0.0,
            "metformin-rosiglitazone": -0.0,
            "tolbutamide": -0.0,
            "diag_3": -0.06796092814420117,
            "glipizide": -0.5001820053261816,
            "number_emergency": -2.428517990575866,
            "change": -2.855167943902863,
            "diag_1": -3.2566356094568447,
            "admission_type_id": -4.78731983203816,
            "number_diagnoses": -5.331655784731581,
            "age": -5.627871630152128,
            "admission_source_id": -5.654032794287537,
            "time_in_hospital": -8.231442138337732,
            "discharge_disposition_id": -8.413992831734706,
            "num_procedures": -10.655489954068827,
            "number_inpatient": -20.62757582624463
        }
    },
    "DecisionTree": {
        "SHAP": {
            "discharge_disposition_id": -34.68471142977973,
            "number_inpatient": -27.388758933413726,
            "number_diagnoses": -19.02714843617841,
            "diag_1": -13.869581698755509,
            "payer_code": 3.47997891609838,
            "num_medications": -0.975344129367759,
            "medical_specialty": 0.4384605098310238,
            "admission_source_id": 0.13601594657545396,
            "gender": 0.0,
            "race": 0.0,
            "num_lab_procedures": 0.0,
            "time_in_hospital": 0.0,
            "admission_type_id": 0.0,
            "age": 0.0,
            "number_emergency": 0.0,
            "number_outpatient": 0.0,
            "diag_2": 0.0,
            "num_procedures": 0.0,
            "diag_3": 0.0,
            "metformin": 0.0,
            "repaglinide": 0.0,
            "nateglinide": 0.0,
            "chlorpropamide": 0.0,
            "glimepiride": 0.0,
            "acetohexamide": 0.0,
            "glipizide": 0.0,
            "glyburide": 0.0,
            "tolbutamide": 0.0,
            "pioglitazone": 0.0,
            "rosiglitazone": 0.0,
            "acarbose": 0.0,
            "miglitol": 0.0,
            "troglitazone": 0.0,
            "tolazamide": 0.0,
            "insulin": 0.0,
            "glyburide-metformin": 0.0,
            "glipizide-metformin": 0.0,
            "glimepiride-pioglitazone": 0.0,
            "metformin-rosiglitazone": 0.0,
            "metformin-pioglitazone": 0.0,
            "change": 0.0,
            "diabetesMed": 0.0
        },
        "Lime": {
            "race": 0.0,
            "gender": 0.0,
            "age": -2.652583856241136,
            "admission_type_id": 0.0,
            "discharge_disposition_id": -17.82507756575173,
            "admission_source_id": 0.0,
            "time_in_hospital": 0.0,
            "payer_code": 0.0,
            "medical_specialty": -5.6229865173411815,
            "num_lab_procedures": 0.0,
            "num_procedures": 0.0,
            "num_medications": 0.0,
            "number_outpatient": 0.0,
            "number_emergency": -4.123487901410411,
            "number_inpatient": -33.26391143634114,
            "diag_1": -7.795919327273344,
            "diag_2": 0.0,
            "diag_3": 0.0,
            "number_diagnoses": -6.728329398380451,
            "metformin": 0.0,