{
    "LogisticRegression": {
        "SHAP": {
            "number_inpatient": -20.80799286113723,
            "payer_code": -9.409968393447354,
            "discharge_disposition_id": -9.038534238211996,
            "number_diagnoses": -8.738367998945654,
            "diabetesMed": 8.004366983334126,
            "age": -7.251495924901747,
            "glyburide-metformin": -7.245953011148271,
            "num_procedures": -5.8387815369299725,
            "metformin": 4.165978547724258,
            "change": -3.4325740998744894,
            "number_emergency": -2.931673070899565,
            "time_in_hospital": -2.3665071188701354,
            "insulin": 2.1803827848664366,
            "glimepiride": 1.7670067923616108,
            "diag_1": 1.4363808107536264,
            "gender": -1.2887155812549789,
            "glyburide": 0.6234740975749267,
            "pioglitazone": 0.5705672592244395,
            "rosiglitazone": 0.5558327811136413,
            "num_lab_procedures": -0.4015856903595653,
            "admission_source_id": -0.32354600713623144,
            "num_medications": 0.30356275779051756,
            "acarbose": 0.23888189332559462,
            "diag_2": 0.21770197001990993,
            "number_outpatient": 0.17194056969210497,
            "admission_type_id": -0.14911590710020856,
            "glipizide": 0.10781081537298388,
            "glipizide-metformin": -0.09965372434217394,
            "chlorpropamide": -0.06635342947066382,
            "medical_specialty": 0.036671940585065226,
            "race": 0.03593171333079837,
            "tolazamide": 0.03325243693296197,
            "tolbutamide": -0.029192580481372608,
            "troglitazone": -0.026087802872086258,
            "diag_3": -0.01784588399130968,
            "repaglinide": 0.01726104566270853,
            "miglitol": -0.017219537299190096,
            "metformin-rosiglitazone": -0.016940533397658723,
            "acetohexamide": -0.009581877737846946,
            "nateglinide": 0.008768785956315176,
            "glimepiride-pioglitazone": -0.008598402856495185,
            "metformin-pioglitazone": -0.007940801711781503
        },
        "Lime": {
            "race": -42.604759498960284,
            "gender": 0.0,
            "age": 0.0,
            "admission_type_id": 0.0,
            "discharge_disposition_id": -23.940097632172343,
            "admission_source_id": 0.0,
            "time_in_hospital": 0.0,
            "payer_code": 0.0,
            "medical_specialty": 0.0,
            "num_lab_procedures": 0.0,
            "num_procedures": 0.0,
            "num_medications": 0.0,
            "number_outpatient": 0.0,
            "number_emergency": -33.455142868867384,
            "number_inpatient": 0.0,
            "diag_1": 0.0,
            "diag_2": 0.0,
            "diag_3": 0.0,
            "number_diagnoses": 0.0,
            "metformin": 0.0,
            "repaglinide": 0.0,
            "nateglinide": 0.0,
            "chlorpropamide": 0.0,
            "glimepiride": 0.0,
            "acetohexamide": 0.0,
            "glipizide": 0.0,
            "glyburide": 0.0,
            "tolbutamide": 0.0,
            "pioglitazone": 0.0,
            "rosiglitazone": 0.0,
            "acarbose": 0.0,
            "miglitol": 0.0,
            "troglitazone": 0.0,
            "tolazamide": 0.0,
            "insulin": 0.0,
            "glyburide-metformin": 0.0,
            "glipizide-metformin": 0.0,
            "glimepiride-pioglitazone": 0.0,
            "metformin-rosiglitazone": 0.0,
            "metformin-pioglitazone": 0.0,
            "change": 0.0,
            "diabetesMed": 0.0
        },
        "Inherent": {
            "diabetesMed": 6.573572566865769,
            "metformin": 3.7988985722094677,
            "insulin": 2.5619393168283087,
            "diag_1": 1.3158635639268375,
            "glimepiride": 1.1984008421073702,
            "num_medications": 0.8757658423473335,
            "pioglitazone": 0.7112430945131554,
            "glyburide": 0.6478835039441065,
            "rosiglitazone": 0.4621646541901549,
            "diag_2": 0.33012655594635726,
            "number_outpatient": 0.21993026113843764,
            "glipizide": 0.0885890777619771,
            "tolazamide": 0.047095785045175656,
            "race": 0.0455669914800649,
            "nateglinide": 0.02567521041056287,
            "medical_specialty": 0.02182718417082251,
            "tolbutamide": -0.0,
            "acarbose": -0.0,
            "troglitazone": -0.0,
            "miglitol": -0.0,
            "glimepiride-pioglitazone": -0.0,
            "glipizide-metformin": -0.0,
            "metformin-pioglitazone": -0.0,
            "acetohexamide": -0.0,
            "chlorpropamide": -0.0,
            "repaglinide": 0.0,
            "metformin-rosiglitazone": -0.0,
            "diag_3": -0.08055403862391494,
            "admission_type_id": -0.12486469532222262,
            "num_lab_procedures": -0.42466750148506427,
            "admission_source_id": -0.6285710181953257,
            "time_in_hospital": -1.0583071813432965,
            "gender": -1.4241556046401487,
            "number_emergency": -2.87852060520178,
            "change": -3.384228484091703,
            "num_procedures": -6.026051941762735,
            "number_diagnoses": -6.3196077178550665,
            "age": -6.670712143656796,
            "glyburide-metformin": -7.571961090841251,
            "discharge_disposition_id": -9.973099574372622,
            "payer_code": -10.060304778810023,
            "number_inpatient": -24.449850600912146
        }
    },
    "DecisionTree": {
        "SHAP": {
            "number_inpatient": -32.84691517790487,
            "discharge_disposition_id": -32.54683820445884,
            "number_diagnoses": -22.137392717525252,
            "diag_1": 8.772853279259268,
            "payer_code": -1.8300514922440165,
            "num_medications": -1.3677707451187717,
            "medical_specialty": -0.30743685237818796,
            "admission_source_id": 0.19074153111080736,
            "gender": 0.0,
            "race": 0.0,
            "num_lab_procedures": 0.0,
            "time_in_hospital": 0.0,
            "admission_type_id": 0.0,
            "age": 0.0,
            "number_emergency": 0.0,
            "number_outpatient": 0.0,
            "diag_2": 0.0,
            "num_procedures": 0.0,
            "diag_3": 0.0,
            "metformin": 0.0,
            "repaglinide": 0.0,
            "nateglinide": 0.0,
            "chlorpropamide": 0.0,
            "glimepiride": 0.0,
            "acetohexamide": 0.0,
            "glipizide": 0.0,
            "glyburide": 0.0,
            "tolbutamide": 0.0,
            "pioglitazone": 0.0,
            "rosiglitazone": 0.0,
            "acarbose": 0.0,
            "miglitol": 0.0,
            "troglitazone": 0.0,
            "tolazamide": 0.0,
            "insulin": 0.0,
            "glyburide-metformin": 0.0,
            "glipizide-metformin": 0.0,
            "glimepiride-pioglitazone": 0.0,
            "metformin-rosiglitazone": 0.0,
            "metformin-pioglitazone": 0.0,
            "change": 0.0,
            "diabetesMed": 0.0
        },
        "Lime": {
            "race": 0.0,
            "gender": 0.0,
            "age": 0.0,
            "admission_type_id": 0.0,
            "discharge_disposition_id": -20.129033981839402,
            "admission_source_id": 0.0,
            "time_in_hospital": 0.0,
            "payer_code": 0.0,
            "medical_specialty": 0.0,
            "num_lab_procedures": 0.0,
            "num_procedures": 0.0,
            "num_medications": 0.0,
            "number_outpatient": 3.0851153307368957,
            "number_emergency": 0.0,
            "number_inpatient": -35.092510023721964,
            "diag_1": 0.0,
            "diag_2": 0.0,
            "diag_3": -2.9224025046058615,
            "number_diagnoses": -8.188058333535988,
            "metformin": 0.0,
            "repaglinide": 0.0,