{
    "LogisticRegression": {
        "SHAP": {
            "discharge_disposition_id": 32.2444885704319,
            "diabetesMed": -17.651086693147203,
            "number_inpatient": -13.306272231659669,
            "number_diagnoses": -9.608617887263483,
            "age": 6.86267385992925,
            "payer_code": 3.2158199545198225,
            "metformin": 2.6640553482121643,
            "num_procedures": 2.4424005017646224,
            "change": -2.195058684087698,
            "number_emergency": -1.8747430487864603,
            "insulin": 1.394308768667628,
            "glimepiride": 1.1299635467613427,
            "gender": -0.8241064127519638,
            "admission_type_id": 0.7696626377348448,
            "diag_3": -0.42099028174960895,
            "glyburide": 0.3986985254697413,
            "diag_2": -0.3711068967167491,
            "pioglitazone": 0.3648657190714447,
            "rosiglitazone": 0.35544333132640227,
            "diag_1": 0.3218174756896944,
            "time_in_hospital": 0.29445635908288803,
            "admission_source_id": -0.20690084234226824,
            "num_medications": 0.19412197618051433,
            "glyburide-metformin": 0.15929166649575546,
            "acarbose": 0.1527599286013463,
            "number_outpatient": 0.10995236509634017,
            "num_lab_procedures": -0.08420103105187168,
            "medical_specialty": 0.07224814871713219,
            "glipizide": 0.0689427408228993,
            "glipizide-metformin": -0.06372645328383993,
            "chlorpropamide": -0.042431617596807844,
            "race": 0.022977572249293206,
            "tolazamide": 0.02126423154548814,
            "tolbutamide": -0.018668039037790622,
            "troglitazone": -0.01668259929049595,
            "repaglinide": 0.011038074365167544,
            "miglitol": -0.011011530642831953,
            "metformin-rosiglitazone": -0.010833113536855076,
            "acetohexamide": -0.006127408564638584,
            "nateglinide": 0.005607453532618471,
            "glimepiride-pioglitazone": -0.005498497136631178,
            "metformin-pioglitazone": -0.005077975084850109
        },
        "Lime": {
            "race": -12.979883680341977,
            "gender": 0.0,
            "age": 0.0,
            "admission_type_id": 0.0,
            "discharge_disposition_id": 29.682871866566103,
            "admission_source_id": 0.0,
            "time_in_hospital": 0.0,
            "payer_code": 0.0,
            "medical_specialty": 0.0,
            "num_lab_procedures": 6.317954213814966,
            "num_procedures": 0.0,
            "num_medications": 0.0,
            "number_outpatient": 0.0,
            "number_emergency": -32.250176195801906,
            "number_inpatient": 0.0,
            "diag_1": 0.0,
            "diag_2": 0.0,
            "diag_3": 0.0,
            "number_diagnoses": -18.76911404347504,
            "metformin": 0.0,
            "repaglinide": 0.0,
            "nateglinide": 0.0,
            "chlorpropamide": 0.0,
            "glimepiride": 0.0,
            "acetohexamide": 0.0,
            "glipizide": 0.0,
            "glyburide": 0.0,
            "tolbutamide": 0.0,
            "pioglitazone": 0.0,
            "rosiglitazone": 0.0,
            "acarbose": 0.0,
            "miglitol": 0.0,
            "troglitazone": 0.0,
            "tolazamide": 0.0,
            "insulin": 0.0,
            "glyburide-metformin": 0.0,
            "glipizide-metformin": 0.0,
            "glimepiride-pioglitazone": 0.0,
            "metformin-rosiglitazone": 0.0,
            "metformin-pioglitazone": 0.0,
            "change": 0.0,
            "diabetesMed": 0.0
        },
        "Inherent": {
            "discharge_disposition_id": 31.36777891018368,
            "age": 7.23952467994088,
            "payer_code": 2.9199864955791086,
            "num_procedures": 2.385649740471402,
            "metformin": 2.3359121787989467,
            "insulin": 1.575315881108795,
            "time_in_hospital": 1.1321172729272957,
            "admission_type_id": 0.7763138909712389,
            "glimepiride": 0.7368870394803386,
            "num_medications": 0.5385013729717593,
            "pioglitazone": 0.43733765852917905,
            "glyburide": 0.3983783558679667,
            "rosiglitazone": 0.2841813288279758,
            "diag_1": 0.2206237606464404,
            "number_outpatient": 0.13523334874953388,
            "glyburide-metformin": 0.07090260877223695,
            "medical_specialty": 0.0615457583972037,
            "glipizide": 0.05447271142393611,
            "tolazamide": 0.02895881944885398,
            "race": 0.02801877658123546,
            "nateglinide": 0.01578748038444664,
            "glipizide-metformin": -0.0,
            "troglitazone": -0.0,
            "miglitol": -0.0,
            "chlorpropamide": -0.0,
            "repaglinide": 0.0,
            "metformin-pioglitazone": -0.0,
            "acetohexamide": -0.0,
            "tolbutamide": -0.0,
            "glimepiride-pioglitazone": -0.0,
            "metformin-rosiglitazone": -0.0,
            "acarbose": -0.0,
            "num_lab_procedures": -0.09089996940304362,
            "diag_2": -0.3002941932548347,
            "admission_source_id": -0.3865032637048136,
            "diag_3": -0.4534629620287306,
            "gender": -0.8757018272927634,
            "number_emergency": -1.7699791691737223,
            "change": -2.0809348766661984,
            "number_diagnoses": -7.851055509500606,
            "number_inpatient": -15.034016492645726,
            "diabetesMed": -18.413723666267114
        }
    },
    "DecisionTree": {
        "SHAP": {
            "number_inpatient": -44.808692532857705,
            "discharge_disposition_id": -34.71090261841047,
            "number_diagnoses": -8.675614288366658,
            "payer_code": 8.515996029691872,
            "num_medications": -1.2008447076673792,
            "medical_specialty": 1.0729743055696472,
            "diag_1": -0.7653380259365241,
            "admission_source_id": 0.2496374914997319,
            "gender": 0.0,
            "race": 0.0,
            "num_lab_procedures": 0.0,
            "time_in_hospital": 0.0,
            "admission_type_id": 0.0,
            "age": 0.0,
            "number_emergency": 0.0,
            "number_outpatient": 0.0,
            "diag_2": 0.0,
            "num_procedures": 0.0,
            "diag_3": 0.0,
            "metformin": 0.0,
            "repaglinide": 0.0,
            "nateglinide": 0.0,
            "chlorpropamide": 0.0,
            "glimepiride": 0.0,
            "acetohexamide": 0.0,
            "glipizide": 0.0,
            "glyburide": 0.0,
            "tolbutamide": 0.0,
            "pioglitazone": 0.0,
            "rosiglitazone": 0.0,
            "acarbose": 0.0,
            "miglitol": 0.0,
            "troglitazone": 0.0,
            "tolazamide": 0.0,
            "insulin": 0.0,
            "glyburide-metformin": 0.0,
            "glipizide-metformin": 0.0,
            "glimepiride-pioglitazone": 0.0,
            "metformin-rosiglitazone": 0.0,
            "metformin-pioglitazone": 0.0,
            "change": 0.0,
            "diabetesMed": 0.0
        },
        "Lime": {
            "race": 0.0,
            "gender": 3.5570590942168425,
            "age": 0.0,
            "admission_type_id": 0.0,
            "discharge_disposition_id": 0.0,
            "admission_source_id": 0.0,
            "time_in_hospital": 0.0,
            "payer_code": 5.05438340979906,
            "medical_specialty": 0.0,
            "num_lab_procedures": 0.0,
            "num_procedures": 0.0,
            "num_medications": 0.0,
            "number_outpatient": 0.0,
            "number_emergency": -10.058575829849113,
            "number_inpatient": -50.1426419715083,
            "diag_1": 0.0,
            "diag_2": 0.0,
            "diag_3": 4.433984865426606,
            "number_diagnoses": -9.438734167885821,