{
    "LogisticRegression": {
        "SHAP": {
            "number_inpatient": 25.32866445527337,
            "number_emergency": 16.085349394213868,
            "age": 9.252371921286437,
            "number_diagnoses": 8.72814781574219,
            "insulin": -8.254572711345306,
            "diabetesMed": 6.901014310396,
            "change": 3.656341312658655,
            "metformin": 3.5917240719356163,
            "num_procedures": 3.2928852928610355,
            "payer_code": -2.3035694183008615,
            "num_lab_procedures": -1.9751879278923,
            "num_medications": -1.856747342556079,
            "discharge_disposition_id": -1.7614294028944253,
            "glimepiride": 1.5234357927421118,
            "gender": 1.5200075350668738,
            "glyburide": 0.5375320345111915,
            "pioglitazone": 0.49191807786293734,
            "rosiglitazone": 0.4792146567791029,
            "diag_1": 0.41746124826805314,
            "time_in_hospital": 0.39699099861505543,
            "admission_source_id": -0.27894718345217284,
            "glyburide-metformin": 0.21475969461201327,
            "acarbose": 0.20595349610616479,
            "diag_2": 0.20043431016073168,
            "number_outpatient": 0.1482396215032869,
            "admission_type_id": -0.12856119802462887,
            "glipizide": 0.09294975870715472,
            "glipizide-metformin": -0.08591707241827913,
            "chlorpropamide": -0.05720701802832225,
            "medical_specialty": 0.03161693951494864,
            "race": 0.0309787480270675,
            "tolazamide": 0.028668793373380002,
            "tolbutamide": -0.02516856312045605,
            "troglitazone": -0.02249175997576098,
            "diag_3": 0.019126574611603095,
            "repaglinide": 0.014881716865152135,
            "miglitol": -0.014845930173807491,
            "metformin-rosiglitazone": -0.014605385241130966,
            "acetohexamide": -0.008261074926602524,
            "nateglinide": 0.007560062837614212,
            "glimepiride-pioglitazone": -0.007413165998356897,
            "metformin-pioglitazone": -0.00684621111989484
        },
        "Lime": {
            "race": -13.572904108032525,
            "gender": 0.0,
            "age": 0.0,
            "admission_type_id": 0.0,
            "discharge_disposition_id": -10.071417662498295,
            "admission_source_id": 0.0,
            "time_in_hospital": 0.0,
            "payer_code": 0.0,
            "medical_specialty": 0.0,
            "num_lab_procedures": 0.0,
            "num_procedures": 0.0,
            "num_medications": 0.0,
            "number_outpatient": 0.0,
            "number_emergency": 12.130013058476463,
            "number_inpatient": 64.22566517099271,
            "diag_1": 0.0,
            "diag_2": 0.0,
            "diag_3": 0.0,
            "number_diagnoses": 0.0,
            "metformin": 0.0,
            "repaglinide": 0.0,
            "nateglinide": 0.0,
            "chlorpropamide": 0.0,
            "glimepiride": 0.0,
            "acetohexamide": 0.0,
            "glipizide": 0.0,
            "glyburide": 0.0,
            "tolbutamide": 0.0,
            "pioglitazone": 0.0,
            "rosiglitazone": 0.0,
            "acarbose": 0.0,
            "miglitol": 0.0,
            "troglitazone": 0.0,
            "tolazamide": 0.0,
            "insulin": 0.0,
            "glyburide-metformin": 0.0,
            "glipizide-metformin": 0.0,
            "glimepiride-pioglitazone": 0.0,
            "metformin-rosiglitazone": 0.0,
            "metformin-pioglitazone": 0.0,
            "change": 0.0,
            "diabetesMed": 0.0
        },
        "Inherent": {
            "number_inpatient": 22.924100914555755,
            "number_emergency": 16.341640453794916,
            "number_diagnoses": 11.050090188124246,
            "age": 9.9876116777409,
            "diabetesMed": 5.576373691996774,
            "change": 3.8055416954490786,
            "num_procedures": 3.2912303307634145,
            "metformin": 3.2226126419310823,
            "time_in_hospital": 1.5618632708015268,
            "gender": 1.447081385551734,
            "glimepiride": 1.0166056372570926,
            "pioglitazone": 0.6033488244807753,
            "glyburide": 0.5496007673336112,
            "rosiglitazone": 0.3920551256994121,
            "diag_2": 0.2929049515862677,
            "diag_1": 0.2878024858137369,
            "number_outpatient": 0.18656724479898895,
            "glyburide-metformin": 0.09781688089523453,
            "glipizide": 0.07515027750970486,
            "tolazamide": 0.039951441025176004,
            "race": 0.03865456263366806,
            "nateglinide": 0.021780328187387614,
            "medical_specialty": 0.018516040454783722,
            "repaglinide": 0.0,
            "troglitazone": -0.0,
            "chlorpropamide": -0.0,
            "metformin-pioglitazone": -0.0,
            "glimepiride-pioglitazone": -0.0,
            "acarbose": -0.0,
            "glipizide-metformin": -0.0,
            "metformin-rosiglitazone": -0.0,
            "miglitol": -0.0,
            "acetohexamide": -0.0,
            "tolbutamide": -0.0,
            "diag_3": -0.03350532199562687,
            "admission_type_id": -0.10592295056781001,
            "admission_source_id": -0.5332179501727577,
            "num_medications": -1.3949675898293818,
            "num_lab_procedures": -2.0041338068310663,
            "discharge_disposition_id": -2.3737248155194672,
            "payer_code": -2.6716406640869232,
            "insulin": -8.0539860826117
        }
    },
    "DecisionTree": {
        "SHAP": {
            "discharge_disposition_id": 63.3850549575106,
            "payer_code": -24.109181097586813,
            "num_medications": -4.432650417519089,
            "number_diagnoses": 2.379781476740366,
            "diag_1": -2.3009675683859974,
            "number_inpatient": 1.4033291887738188,
            "admission_source_id": 0.8773268775163245,
            "medical_specialty": -0.6284772724398049,
            "number_emergency": -0.48323114352719565,
            "gender": 0.0,
            "num_lab_procedures": 0.0,
            "time_in_hospital": 0.0,
            "admission_type_id": 0.0,
            "age": 0.0,
            "race": 0.0,
            "number_outpatient": 0.0,
            "diag_2": 0.0,
            "num_procedures": 0.0,
            "diag_3": 0.0,
            "metformin": 0.0,
            "repaglinide": 0.0,
            "nateglinide": 0.0,
            "chlorpropamide": 0.0,
            "glimepiride": 0.0,
            "acetohexamide": 0.0,
            "glipizide": 0.0,
            "glyburide": 0.0,
            "tolbutamide": 0.0,
            "pioglitazone": 0.0,
            "rosiglitazone": 0.0,
            "acarbose": 0.0,
            "miglitol": 0.0,
            "troglitazone": 0.0,
            "tolazamide": 0.0,
            "insulin": 0.0,
            "glyburide-metformin": 0.0,
            "glipizide-metformin": 0.0,
            "glimepiride-pioglitazone": 0.0,
            "metformin-rosiglitazone": 0.0,
            "metformin-pioglitazone": 0.0,
            "change": 0.0,
            "diabetesMed": 0.0
        },
        "Lime": {
            "race": 0.0,
            "gender": 0.0,
            "age": 0.0,
            "admission_type_id": 0.0,
            "discharge_disposition_id": 28.097081795032842,
            "admission_source_id": 0.0,
            "time_in_hospital": -3.48797035050526,
            "payer_code": 0.0,
            "medical_specialty": 0.0,
            "num_lab_procedures": 0.0,
            "num_procedures": 0.0,
            "num_medications": 0.0,
            "number_outpatient": 0.0,
            "number_emergency": 3.3734501784488424,
            "number_inpatient": 8.621170801236541,
            "diag_1": 0.0,
            "diag_2": -7.63406284653511,
            "diag_3": -2.4438177987274856,
            "number_diagnoses": 5.401673956049579,
            "metformin": 0.0,