{
    "LogisticRegression": {
        "SHAP": {
            "discharge_disposition_id": 35.88598576388441,
            "diabetesMed": -13.223493557004524,
            "number_diagnoses": -10.210481064414317,
            "number_inpatient": -9.968531013527466,
            "age": 8.012987203598671,
            "time_in_hospital": 2.929240615993815,
            "admission_type_id": -2.6635892290946046,
            "payer_code": 2.409164670047707,
            "diag_1": 2.10222752051979,
            "metformin": 1.9958045272228955,
            "change": -1.6444508415195531,
            "number_emergency": -1.4044830812763167,
            "num_medications": -1.3260249360981453,
            "num_procedures": -1.2548821240884043,
            "insulin": 1.0445607876431457,
            "glimepiride": 0.8465238395803503,
            "gender": -0.6173878146291435,
            "diag_3": 0.4382859079907133,
            "glyburide": 0.29868911044344854,
            "pioglitazone": 0.273342914755851,
            "rosiglitazone": 0.26628403584350957,
            "num_lab_procedures": -0.21825023634107224,
            "medical_specialty": -0.20177312043769455,
            "admission_source_id": -0.15500189893203514,
            "glyburide-metformin": 0.11933499405500708,
            "acarbose": 0.11444167527728587,
            "number_outpatient": 0.08237194778457135,
            "race": -0.058127780041409505,
            "glipizide": 0.05164916500170967,
            "glipizide-metformin": -0.047741329418362025,
            "chlorpropamide": -0.03178808374005129,
            "diag_2": 0.019336402713867783,
            "tolazamide": 0.015930318270182313,
            "tolbutamide": -0.013985353889512766,
            "troglitazone": -0.012497941235403216,
            "repaglinide": 0.008269287199535288,
            "miglitol": -0.008249401696314692,
            "metformin-rosiglitazone": -0.008115738682112818,
            "acetohexamide": -0.004590411292189156,
            "nateglinide": 0.004200881619859156,
            "glimepiride-pioglitazone": -0.004119255812599835,
            "metformin-pioglitazone": -0.003804217382446739
        },
        "Lime": {
            "race": 0.0,
            "gender": 0.0,
            "age": 0.0,
            "admission_type_id": 0.0,
            "discharge_disposition_id": 25.42541713304816,
            "admission_source_id": 0.0,
            "time_in_hospital": 14.985028677344761,
            "payer_code": 0.0,
            "medical_specialty": 0.0,
            "num_lab_procedures": 0.0,
            "num_procedures": -8.424883456922387,
            "num_medications": 0.0,
            "number_outpatient": 8.332480076407704,
            "number_emergency": -19.415165478260548,
            "number_inpatient": 0.0,
            "diag_1": 0.0,
            "diag_2": 0.0,
            "diag_3": 0.0,
            "number_diagnoses": -23.417025178016427,
            "metformin": 0.0,
            "repaglinide": 0.0,
            "nateglinide": 0.0,
            "chlorpropamide": 0.0,
            "glimepiride": 0.0,
            "acetohexamide": 0.0,
            "glipizide": 0.0,
            "glyburide": 0.0,
            "tolbutamide": 0.0,
            "pioglitazone": 0.0,
            "rosiglitazone": 0.0,
            "acarbose": 0.0,
            "miglitol": 0.0,
            "troglitazone": 0.0,
            "tolazamide": 0.0,
            "insulin": 0.0,
            "glyburide-metformin": 0.0,
            "glipizide-metformin": 0.0,
            "glimepiride-pioglitazone": 0.0,
            "metformin-rosiglitazone": 0.0,
            "metformin-pioglitazone": 0.0,
            "change": 0.0,
            "diabetesMed": 0.0
        },
        "Inherent": {
            "discharge_disposition_id": 35.35366779340054,
            "age": 8.32309322380259,
            "time_in_hospital": 3.5481603307134826,
            "payer_code": 2.205391864518086,
            "diag_1": 2.0170852244704265,
            "metformin": 1.7642553221227204,
            "insulin": 1.189796197175376,
            "glimepiride": 0.5565521225523518,
            "diag_3": 0.4068607211240567,
            "pioglitazone": 0.33031005986771,
            "glyburide": 0.3008850850377168,
            "rosiglitazone": 0.21463496204315835,
            "number_outpatient": 0.10213832413105389,
            "diag_2": 0.06884385454571053,
            "glyburide-metformin": 0.053550945114350004,
            "glipizide": 0.0411418596608148,
            "tolazamide": 0.02187186307719019,
            "nateglinide": 0.011923884187071306,
            "troglitazone": -0.0,
            "miglitol": -0.0,
            "glipizide-metformin": -0.0,
            "glimepiride-pioglitazone": -0.0,
            "metformin-rosiglitazone": -0.0,
            "acetohexamide": -0.0,
            "chlorpropamide": -0.0,
            "repaglinide": 0.0,
            "metformin-pioglitazone": -0.0,
            "acarbose": -0.0,
            "tolbutamide": -0.0,
            "race": -0.05374741069005027,
            "medical_specialty": -0.20794602408454074,
            "num_lab_procedures": -0.22293409751380514,
            "admission_source_id": -0.29191612861046234,
            "gender": -0.6613954169236878,
            "num_medications": -1.0562923678004654,
            "num_procedures": -1.2651082515191454,
            "number_emergency": -1.3368204496740468,
            "change": -1.5716774219811622,
            "admission_type_id": -2.635264418642901,
            "number_diagnoses": -8.924503147349437,
            "number_inpatient": -11.354811987695834,
            "diabetesMed": -13.907419239970057
        }
    },
    "DecisionTree": {
        "SHAP": {
            "number_inpatient": -42.08396299187239,
            "discharge_disposition_id": -35.89015974821878,
            "number_diagnoses": -9.191990418779673,
            "payer_code": 6.430873911901977,
            "diag_1": 4.9025484709694815,
            "num_medications": -0.9068206321208349,
            "medical_specialty": -0.4051295025133219,
            "admission_source_id": 0.18851432362355905,
            "gender": 0.0,
            "race": 0.0,
            "num_lab_procedures": 0.0,
            "time_in_hospital": 0.0,
            "admission_type_id": 0.0,
            "age": 0.0,
            "number_emergency": 0.0,
            "number_outpatient": 0.0,
            "diag_2": 0.0,
            "num_procedures": 0.0,
            "diag_3": 0.0,
            "metformin": 0.0,
            "repaglinide": 0.0,
            "nateglinide": 0.0,
            "chlorpropamide": 0.0,
            "glimepiride": 0.0,
            "acetohexamide": 0.0,
            "glipizide": 0.0,
            "glyburide": 0.0,
            "tolbutamide": 0.0,
            "pioglitazone": 0.0,
            "rosiglitazone": 0.0,
            "acarbose": 0.0,
            "miglitol": 0.0,
            "troglitazone": 0.0,
            "tolazamide": 0.0,
            "insulin": 0.0,
            "glyburide-metformin": 0.0,
            "glipizide-metformin": 0.0,
            "glimepiride-pioglitazone": 0.0,
            "metformin-rosiglitazone": 0.0,
            "metformin-pioglitazone": 0.0,
            "change": 0.0,
            "diabetesMed": 0.0
        },
        "Lime": {
            "race": 0.0,
            "gender": 0.0,
            "age": 0.0,
            "admission_type_id": 0.0,
            "discharge_disposition_id": 0.0,
            "admission_source_id": 3.976180164772844,
            "time_in_hospital": 0.0,
            "payer_code": 5.814506750563499,
            "medical_specialty": 0.0,
            "num_lab_procedures": 0.0,
            "num_procedures": 0.0,
            "num_medications": 0.0,
            "number_outpatient": 0.0,
            "number_emergency": 0.0,
            "number_inpatient": -39.38815168225062,
            "diag_1": 0.0,
            "diag_2": -4.636772550590667,
            "diag_3": 0.0,
            "number_diagnoses": -8.687879746949733,