{
    "LogisticRegression": {
        "SHAP": {
            "number_inpatient": 64.19929112156906,
            "metformin": 7.932745719168715,
            "number_diagnoses": 3.61198287970455,
            "discharge_disposition_id": -3.224835262732724,
            "num_medications": 3.176715335098658,
            "insulin": 2.8749009867349904,
            "diabetesMed": 2.8558574015885707,
            "age": -2.587242483114364,
            "time_in_hospital": -1.8529673107906455,
            "change": 1.5131093678156855,
            "number_emergency": -1.045984055453561,
            "number_outpatient": -0.83872716977328,
            "glimepiride": 0.6304457850483511,
            "payer_code": -0.6098513147044228,
            "gender": -0.45979750040602535,
            "admission_type_id": 0.4294214333372769,
            "num_lab_procedures": -0.33588481965553696,
            "glyburide": 0.22244771135124047,
            "num_procedures": 0.2140652784945306,
            "pioglitazone": 0.20357121728088087,
            "diag_3": -0.20346384724337602,
            "rosiglitazone": 0.19831414093007368,
            "diag_1": 0.17275863258923038,
            "admission_source_id": -0.11543714339413672,
            "glyburide-metformin": 0.08887433583447023,
            "acarbose": 0.08523005311723264,
            "diag_2": 0.07240060619830997,
            "race": -0.043290468865579884,
            "medical_specialty": 0.04030974359023516,
            "glipizide": 0.038465542084126926,
            "glipizide-metformin": -0.03555519466449039,
            "chlorpropamide": -0.023674068551470657,
            "tolazamide": 0.011864051002856488,
            "tolbutamide": -0.01041554531579851,
            "troglitazone": -0.009307799739636342,
            "repaglinide": 0.006158523855495586,
            "miglitol": -0.006143714193791074,
            "metformin-rosiglitazone": -0.006044169113097064,
            "acetohexamide": -0.0034186933852136544,
            "nateglinide": 0.003128592470638757,
            "glimepiride-pioglitazone": -0.0030678019249604223,
            "metformin-pioglitazone": -0.0028331781126922076
        },
        "Lime": {
            "race": 0.0,
            "gender": 0.0,
            "age": 0.0,
            "admission_type_id": 0.0,
            "discharge_disposition_id": -7.984867119975691,
            "admission_source_id": 0.0,
            "time_in_hospital": 0.0,
            "payer_code": 0.0,
            "medical_specialty": 0.0,
            "num_lab_procedures": 0.0,
            "num_procedures": 0.0,
            "num_medications": 0.0,
            "number_outpatient": 0.0,
            "number_emergency": -15.209351509671245,
            "number_inpatient": 49.244116205310426,
            "diag_1": 0.0,
            "diag_2": 0.0,
            "diag_3": 0.0,
            "number_diagnoses": 27.561665165042637,
            "metformin": 0.0,
            "repaglinide": 0.0,
            "nateglinide": 0.0,
            "chlorpropamide": 0.0,
            "glimepiride": 0.0,
            "acetohexamide": 0.0,
            "glipizide": 0.0,
            "glyburide": 0.0,
            "tolbutamide": 0.0,
            "pioglitazone": 0.0,
            "rosiglitazone": 0.0,
            "acarbose": 0.0,
            "miglitol": 0.0,
            "troglitazone": 0.0,
            "tolazamide": 0.0,
            "insulin": 0.0,
            "glyburide-metformin": 0.0,
            "glipizide-metformin": 0.0,
            "glimepiride-pioglitazone": 0.0,
            "metformin-rosiglitazone": 0.0,
            "metformin-pioglitazone": 0.0,
            "change": 0.0,
            "diabetesMed": 0.0
        },
        "Inherent": {
            "number_inpatient": 63.92445996723514,
            "metformin": 7.867128258685563,
            "number_diagnoses": 4.589239901286792,
            "num_medications": 3.41615185911279,
            "insulin": 3.0263567327287006,
            "diabetesMed": 2.3159373558146195,
            "change": 1.5804888012167537,
            "admission_type_id": 0.4447990909959841,
            "glimepiride": 0.4222089661663926,
            "pioglitazone": 0.2505782715400333,
            "glyburide": 0.22825603486349458,
            "num_procedures": 0.2035791970113326,
            "rosiglitazone": 0.16282537026688024,
            "diag_1": 0.11952795217955886,
            "diag_2": 0.11096690553057047,
            "glyburide-metformin": 0.04062456732762918,
            "medical_specialty": 0.035263438807574904,
            "glipizide": 0.031210845003868413,
            "tolazamide": 0.016592330392351935,
            "nateglinide": 0.009045641210069441,
            "troglitazone": -0.0,
            "miglitol": -0.0,
            "repaglinide": 0.0,
            "chlorpropamide": -0.0,
            "acarbose": -0.0,
            "acetohexamide": -0.0,
            "glimepiride-pioglitazone": -0.0,
            "glipizide-metformin": -0.0,
            "metformin-pioglitazone": -0.0,
            "tolbutamide": -0.0,
            "metformin-rosiglitazone": -0.0,
            "race": -0.04077360912307377,
            "admission_source_id": -0.22145204711949612,
            "diag_3": -0.22799482281886224,
            "num_lab_procedures": -0.344679583065419,
            "gender": -0.5017446954041095,
            "payer_code": -0.7617393923509448,
            "number_outpatient": -0.8340892129206615,
            "number_emergency": -1.0141324722984588,
            "time_in_hospital": -1.3943662951801081,
            "age": -2.35016062973911,
            "discharge_disposition_id": -3.513625752603648
        }
    },
    "DecisionTree": {
        "SHAP": {
            "number_inpatient": 83.3219242932527,
            "discharge_disposition_id": -10.702470983882655,
            "diag_1": -1.733774697226579,
            "number_diagnoses": 1.5780764916016776,
            "num_medications": 1.2374706362627017,
            "payer_code": -0.9081720437801575,
            "medical_specialty": 0.3051340181253125,
            "admission_source_id": 0.2129768358682071,
            "gender": 0.0,
            "race": 0.0,
            "num_lab_procedures": 0.0,
            "time_in_hospital": 0.0,
            "admission_type_id": 0.0,
            "age": 0.0,
            "number_emergency": 0.0,
            "number_outpatient": 0.0,
            "diag_2": 0.0,
            "num_procedures": 0.0,
            "diag_3": 0.0,
            "metformin": 0.0,
            "repaglinide": 0.0,
            "nateglinide": 0.0,
            "chlorpropamide": 0.0,
            "glimepiride": 0.0,
            "acetohexamide": 0.0,
            "glipizide": 0.0,
            "glyburide": 0.0,
            "tolbutamide": 0.0,
            "pioglitazone": 0.0,
            "rosiglitazone": 0.0,
            "acarbose": 0.0,
            "miglitol": 0.0,
            "troglitazone": 0.0,
            "tolazamide": 0.0,
            "insulin": 0.0,
            "glyburide-metformin": 0.0,
            "glipizide-metformin": 0.0,
            "glimepiride-pioglitazone": 0.0,
            "metformin-rosiglitazone": 0.0,
            "metformin-pioglitazone": 0.0,
            "change": 0.0,
            "diabetesMed": 0.0
        },
        "Lime": {
            "race": 2.4555543718336432,
            "gender": 0.0,
            "age": 0.0,
            "admission_type_id": 0.0,
            "discharge_disposition_id": -17.53854257401104,
            "admission_source_id": 0.0,
            "time_in_hospital": 0.0,
            "payer_code": -2.904794709474199,
            "medical_specialty": 0.0,
            "num_lab_procedures": 0.0,
            "num_procedures": 0.0,
            "num_medications": 2.61321381182365,
            "number_outpatient": 0.0,
            "number_emergency": 0.0,
            "number_inpatient": 45.93882805344947,
            "diag_1": 3.0214045681811306,
            "diag_2": 0.0,
            "diag_3": -6.293836351676845,
            "number_diagnoses": 3.629308907639913,