{
    "LogisticRegression": {
        "SHAP": {
            "glimepiride": -24.492041074033644,
            "number_inpatient": 24.481231066780087,
            "number_diagnoses": 8.436125948903307,
            "discharge_disposition_id": 7.041618364355859,
            "diabetesMed": 6.670123733775727,
            "age": 3.9476244526407953,
            "change": 3.5340093312963616,
            "metformin": 3.4715540208779267,
            "insulin": -3.0807297109812555,
            "number_emergency": -2.442994201864181,
            "payer_code": -2.226497781096012,
            "diag_1": 1.3715119372368454,
            "diag_2": -1.3579524454525949,
            "num_medications": -1.2827284210643572,
            "gender": -1.0739003349687617,
            "admission_type_id": 1.0029541715569195,
            "glyburide": 0.5195475650089053,
            "num_procedures": 0.4999696041789208,
            "pioglitazone": 0.4754597365903205,
            "rosiglitazone": 0.46318134001551775,
            "time_in_hospital": 0.3837086785878088,
            "num_lab_procedures": 0.29513739446425963,
            "admission_source_id": -0.2696143124948051,
            "glyburide-metformin": 0.20757437554245806,
            "acarbose": 0.19906281028317235,
            "number_outpatient": 0.14327989672264071,
            "diag_3": 0.13190320690011015,
            "medical_specialty": 0.09414719981259638,
            "glipizide": 0.08983989363235259,
            "glipizide-metformin": -0.08304250333322474,
            "chlorpropamide": -0.055293015131764316,
            "race": 0.02994227705726113,
            "tolazamide": 0.027709607674689954,
            "tolbutamide": -0.024326486319828117,
            "troglitazone": -0.021739242273807358,
            "repaglinide": 0.01438381205963414,
            "miglitol": -0.014349222700946442,
            "metformin-rosiglitazone": -0.01411672579653224,
            "acetohexamide": -0.007984680143529382,
            "nateglinide": 0.007307122155368028,
            "glimepiride-pioglitazone": -0.007165140114775703,
            "metformin-pioglitazone": -0.0066171541201498355
        },
        "Lime": {
            "race": -22.743391766856313,
            "gender": 0.0,
            "age": 0.0,
            "admission_type_id": 0.0,
            "discharge_disposition_id": 15.49035488560537,
            "admission_source_id": 0.0,
            "time_in_hospital": 0.0,
            "payer_code": 0.0,
            "medical_specialty": 0.0,
            "num_lab_procedures": 0.0,
            "num_procedures": 0.0,
            "num_medications": 0.0,
            "number_outpatient": 0.0,
            "number_emergency": -15.910290462774046,
            "number_inpatient": 45.85596288476428,
            "diag_1": 0.0,
            "diag_2": 0.0,
            "diag_3": 0.0,
            "number_diagnoses": 0.0,
            "metformin": 0.0,
            "repaglinide": 0.0,
            "nateglinide": 0.0,
            "chlorpropamide": 0.0,
            "glimepiride": 0.0,
            "acetohexamide": 0.0,
            "glipizide": 0.0,
            "glyburide": 0.0,
            "tolbutamide": 0.0,
            "pioglitazone": 0.0,
            "rosiglitazone": 0.0,
            "acarbose": 0.0,
            "miglitol": 0.0,
            "troglitazone": 0.0,
            "tolazamide": 0.0,
            "insulin": 0.0,
            "glyburide-metformin": 0.0,
            "glipizide-metformin": 0.0,
            "glimepiride-pioglitazone": 0.0,
            "metformin-rosiglitazone": 0.0,
            "metformin-pioglitazone": 0.0,
            "change": 0.0,
            "diabetesMed": 0.0
        },
        "Inherent": {
            "number_inpatient": 22.239953335208597,
            "number_diagnoses": 10.72031095351213,
            "discharge_disposition_id": 6.5543601570855525,
            "diabetesMed": 5.409952222420515,
            "age": 4.629728507869535,
            "change": 3.6919689909512963,
            "metformin": 3.1264368902028736,
            "time_in_hospital": 1.5152509748614216,
            "diag_1": 1.2597551111822336,
            "admission_type_id": 1.0390358032883538,
            "pioglitazone": 0.5853424634326793,
            "glyburide": 0.5331984649715636,
            "num_procedures": 0.475554196897803,
            "rosiglitazone": 0.3803546203571244,
            "num_lab_procedures": 0.2884359183395145,
            "number_outpatient": 0.18099932615343575,
            "glyburide-metformin": 0.09489763086518113,
            "diag_3": 0.08237852001125989,
            "medical_specialty": 0.08237421390878948,
            "glipizide": 0.07290749029474863,
            "tolazamide": 0.0387591289789727,
            "race": 0.037500954666441065,
            "nateglinide": 0.021130315396817208,
            "troglitazone": -0.0,
            "acarbose": -0.0,
            "miglitol": -0.0,
            "metformin-pioglitazone": -0.0,
            "glimepiride-pioglitazone": -0.0,
            "metformin-rosiglitazone": -0.0,
            "glipizide-metformin": -0.0,
            "chlorpropamide": -0.0,
            "acetohexamide": -0.0,
            "repaglinide": 0.0,
            "tolbutamide": -0.0,
            "admission_source_id": -0.5173045771146451,
            "num_medications": -0.8348165422892769,
            "gender": -1.1720588310275715,
            "diag_2": -1.2875924117797475,
            "number_emergency": -2.3689795445309194,
            "payer_code": -2.5919081371698063,
            "insulin": -2.8525924040398407,
            "glimepiride": -25.314161361191363
        }
    },
    "DecisionTree": {
        "SHAP": {
            "number_inpatient": -28.03255443991891,
            "num_medications": -16.29271244645338,
            "diag_1": 15.712241641051541,
            "payer_code": -13.750765388393113,
            "number_diagnoses": 10.7282830879268,
            "discharge_disposition_id": -5.8624768598306725,
            "medical_specialty": 4.620079868479266,
            "admission_source_id": 3.2247150554494954,
            "number_emergency": -1.776171212496825,
            "gender": 0.0,
            "num_lab_procedures": 0.0,
            "time_in_hospital": 0.0,
            "admission_type_id": 0.0,
            "age": 0.0,
            "race": 0.0,
            "number_outpatient": 0.0,
            "diag_2": 0.0,
            "num_procedures": 0.0,
            "diag_3": 0.0,
            "metformin": 0.0,
            "repaglinide": 0.0,
            "nateglinide": 0.0,
            "chlorpropamide": 0.0,
            "glimepiride": 0.0,
            "acetohexamide": 0.0,
            "glipizide": 0.0,
            "glyburide": 0.0,
            "tolbutamide": 0.0,
            "pioglitazone": 0.0,
            "rosiglitazone": 0.0,
            "acarbose": 0.0,
            "miglitol": 0.0,
            "troglitazone": 0.0,
            "tolazamide": 0.0,
            "insulin": 0.0,
            "glyburide-metformin": 0.0,
            "glipizide-metformin": 0.0,
            "glimepiride-pioglitazone": 0.0,
            "metformin-rosiglitazone": 0.0,
            "metformin-pioglitazone": 0.0,
            "change": 0.0,
            "diabetesMed": 0.0
        },
        "Lime": {
            "race": 0.0,
            "gender": 0.0,
            "age": 0.0,
            "admission_type_id": 0.0,
            "discharge_disposition_id": 0.0,
            "admission_source_id": 5.097479619586463,
            "time_in_hospital": 0.0,
            "payer_code": 0.0,
            "medical_specialty": 0.0,
            "num_lab_procedures": 0.0,
            "num_procedures": 0.0,
            "num_medications": 0.0,
            "number_outpatient": 0.0,
            "number_emergency": -6.868889018160814,
            "number_inpatient": 14.394640312024437,
            "diag_1": -9.62388057091914,
            "diag_2": -6.635358922603017,
            "diag_3": 0.0,
            "number_diagnoses": 7.21357048399198,
            "metformin": 0.0,