{
    "LogisticRegression": {
        "SHAP": {
            "number_inpatient": 29.318499791262003,
            "time_in_hospital": -10.825344905686087,
            "discharge_disposition_id": -9.02014246474974,
            "diabetesMed": 7.988079552165932,
            "glyburide": -6.794238577181525,
            "metformin": 4.157501538988213,
            "number_diagnoses": 3.828489498300991,
            "num_procedures": 3.8115889190239596,
            "change": -3.425589435815753,
            "number_emergency": -2.9257076493428893,
            "insulin": 2.1759461024151237,
            "num_lab_procedures": -2.016959387916685,
            "glimepiride": 1.7634112548801029,
            "gender": 1.7594429693783802,
            "payer_code": -1.7058067444621412,
            "diag_1": 1.661514973720834,
            "age": -1.254550644417293,
            "admission_type_id": 1.2011287990062842,
            "number_outpatient": -1.0872007781602415,
            "pioglitazone": 0.5694062586130492,
            "rosiglitazone": 0.554701762485652,
            "diag_2": 0.3794896693086354,
            "admission_source_id": -0.3228876498505213,
            "num_medications": 0.30294506278315037,
            "glyburide-metformin": 0.24858918529922333,
            "acarbose": 0.23839581211480432,
            "medical_specialty": 0.11274983069781361,
            "glipizide": 0.10759143996975332,
            "glipizide-metformin": -0.09945094713577438,
            "chlorpropamide": -0.06621841230846634,
            "diag_3": 0.06608335416856356,
            "race": 0.03585859882857113,
            "tolazamide": 0.03318477427096159,
            "tolbutamide": -0.02913317888894159,
            "troglitazone": -0.026034718937467418,
            "repaglinide": 0.01722592257381121,
            "miglitol": -0.017184498672263987,
            "metformin-rosiglitazone": -0.016906062492933673,
            "acetohexamide": -0.009562380359173258,
            "nateglinide": 0.00875094307155121,
            "glimepiride-pioglitazone": -0.008580906670354148,
            "metformin-pioglitazone": -0.007924643624381186
        },
        "Lime": {
            "race": -21.23874775204799,
            "gender": 0.0,
            "age": 0.0,
            "admission_type_id": 0.0,
            "discharge_disposition_id": -9.951005726673928,
            "admission_source_id": 0.0,
            "time_in_hospital": 0.0,
            "payer_code": 0.0,
            "medical_specialty": 0.0,
            "num_lab_procedures": 0.0,
            "num_procedures": 0.0,
            "num_medications": 0.0,
            "number_outpatient": 0.0,
            "number_emergency": -13.08363280054255,
            "number_inpatient": 46.91607446765465,
            "diag_1": 0.0,
            "diag_2": 0.0,
            "diag_3": 0.0,
            "number_diagnoses": 8.810539253080861,
            "metformin": 0.0,
            "repaglinide": 0.0,
            "nateglinide": 0.0,
            "chlorpropamide": 0.0,
            "glimepiride": 0.0,
            "acetohexamide": 0.0,
            "glipizide": 0.0,
            "glyburide": 0.0,
            "tolbutamide": 0.0,
            "pioglitazone": 0.0,
            "rosiglitazone": 0.0,
            "acarbose": 0.0,
            "miglitol": 0.0,
            "troglitazone": 0.0,
            "tolazamide": 0.0,
            "insulin": 0.0,
            "glyburide-metformin": 0.0,
            "glipizide-metformin": 0.0,
            "glimepiride-pioglitazone": 0.0,
            "metformin-rosiglitazone": 0.0,
            "metformin-pioglitazone": 0.0,
            "change": 0.0,
            "diabetesMed": 0.0
        },
        "Inherent": {
            "number_inpatient": 27.422261908133677,
            "number_diagnoses": 6.674605281836055,
            "diabetesMed": 6.670568256941614,
            "num_procedures": 3.9370346722248666,
            "metformin": 3.854952838712422,
            "insulin": 2.5997417552193838,
            "gender": 1.7310273107281695,
            "diag_1": 1.5731207710803496,
            "admission_type_id": 1.281149807297204,
            "glimepiride": 1.2160837254231471,
            "num_medications": 0.8886881173141457,
            "pioglitazone": 0.7217377705910795,
            "diag_2": 0.5041884654028274,
            "rosiglitazone": 0.4689840783473924,
            "glyburide-metformin": 0.11701048328759812,
            "medical_specialty": 0.10156888525064284,
            "glipizide": 0.08989624500525327,
            "tolazamide": 0.04779070217336651,
            "race": 0.04623935064828451,
            "nateglinide": 0.02605405840018847,
            "diag_3": 0.005749482721829961,
            "glimepiride-pioglitazone": -0.0,
            "repaglinide": 0.0,
            "troglitazone": -0.0,
            "acetohexamide": -0.0,
            "chlorpropamide": -0.0,
            "metformin-pioglitazone": -0.0,
            "metformin-rosiglitazone": -0.0,
            "acarbose": -0.0,
            "glipizide-metformin": -0.0,
            "miglitol": -0.0,
            "tolbutamide": -0.0,
            "age": -0.5303013817470089,
            "admission_source_id": -0.6378458347507627,
            "number_outpatient": -1.0896211683691301,
            "num_lab_procedures": -2.116462871604053,
            "payer_code": -2.194029384223524,
            "number_emergency": -2.9209943270111993,
            "change": -3.4341641277390234,
            "glyburide": -7.077183585987452,
            "time_in_hospital": -9.900686707906157,
            "discharge_disposition_id": -10.12025664392219
        }
    },
    "DecisionTree": {
        "SHAP": {
            "discharge_disposition_id": -30.350996487560877,
            "number_inpatient": 25.349126728876698,
            "num_medications": -21.808695231574568,
            "diag_1": 8.21688504639863,
            "number_diagnoses": 5.888638003095871,
            "payer_code": -3.735874334497893,
            "admission_source_id": 1.946902409270809,
            "number_emergency": -1.447676152602455,
            "medical_specialty": 1.255205606122196,
            "gender": 0.0,
            "num_lab_procedures": 0.0,
            "time_in_hospital": 0.0,
            "admission_type_id": 0.0,
            "age": 0.0,
            "race": 0.0,
            "number_outpatient": 0.0,
            "diag_2": 0.0,
            "num_procedures": 0.0,
            "diag_3": 0.0,
            "metformin": 0.0,
            "repaglinide": 0.0,
            "nateglinide": 0.0,
            "chlorpropamide": 0.0,
            "glimepiride": 0.0,
            "acetohexamide": 0.0,
            "glipizide": 0.0,
            "glyburide": 0.0,
            "tolbutamide": 0.0,
            "pioglitazone": 0.0,
            "rosiglitazone": 0.0,
            "acarbose": 0.0,
            "miglitol": 0.0,
            "troglitazone": 0.0,
            "tolazamide": 0.0,
            "insulin": 0.0,
            "glyburide-metformin": 0.0,
            "glipizide-metformin": 0.0,
            "glimepiride-pioglitazone": 0.0,
            "metformin-rosiglitazone": 0.0,
            "metformin-pioglitazone": 0.0,
            "change": 0.0,
            "diabetesMed": 0.0
        },
        "Lime": {
            "race": 0.0,
            "gender": 0.0,
            "age": 0.0,
            "admission_type_id": 0.0,
            "discharge_disposition_id": -18.70584334492461,
            "admission_source_id": 2.976256058375831,
            "time_in_hospital": 0.0,
            "payer_code": -6.241354195120534,
            "medical_specialty": 0.0,
            "num_lab_procedures": 0.0,
            "num_procedures": 0.0,
            "num_medications": 0.0,
            "number_outpatient": 4.591585886296098,
            "number_emergency": 0.0,
            "number_inpatient": 9.865773733120735,
            "diag_1": 7.7751641101610485,
            "diag_2": 3.6037311985141063,
            "diag_3": -7.110563326613543,
            "number_diagnoses": 0.0,