{
    "LogisticRegression": {
        "SHAP": {
            "number_inpatient": -23.33790072248232,
            "time_in_hospital": -12.166284019191343,
            "diabetesMed": 8.977565652296056,
            "num_medications": -6.549337305488172,
            "discharge_disposition_id": -6.2144616392616046,
            "payer_code": 5.640233833589643,
            "metformin": 4.672492652588603,
            "num_procedures": 4.283731720075757,
            "change": -3.8499183510896637,
            "number_emergency": -3.288116039640431,
            "number_diagnoses": -2.749041637270678,
            "insulin": 2.4454812777863166,
            "diag_1": 2.038198342959989,
            "glimepiride": 1.9818455999716922,
            "diag_2": -1.8277183030374888,
            "gender": -1.4454020863788897,
            "age": -1.409952254585736,
            "num_lab_procedures": -1.3586063476952432,
            "admission_type_id": 1.3499130272204924,
            "glyburide": 0.6992782383840002,
            "pioglitazone": 0.6399388033311275,
            "glipizide": -0.6242775976590985,
            "rosiglitazone": 0.6234128563240215,
            "admission_source_id": -0.36288385160894576,
            "glyburide-metformin": 0.2793820112707121,
            "acarbose": 0.2679259815224026,
            "number_outpatient": 0.19284569984334804,
            "race": -0.1360862857309469,
            "medical_specialty": 0.1267161901386458,
            "glipizide-metformin": -0.11176996939800792,
            "diag_3": 0.07875887241595587,
            "chlorpropamide": -0.0744209093071532,
            "tolazamide": 0.03729538341833406,
            "tolbutamide": -0.03274191555398842,
            "troglitazone": -0.02925964832646349,
            "repaglinide": 0.019359703395270645,
            "miglitol": -0.01931314830110992,
            "metformin-rosiglitazone": -0.01900022213862139,
            "acetohexamide": -0.010746875629628307,
            "nateglinide": 0.009834925332341553,
            "glimepiride-pioglitazone": -0.009643826464953226,
            "metformin-pioglitazone": -0.008906271894806191
        },
        "Lime": {
            "race": 0.0,
            "gender": 0.0,
            "age": 0.0,
            "admission_type_id": 0.0,
            "discharge_disposition_id": -17.42129106835105,
            "admission_source_id": 0.0,
            "time_in_hospital": -11.063264454417244,
            "payer_code": 0.0,
            "medical_specialty": 0.0,
            "num_lab_procedures": -14.019087400679103,
            "num_procedures": 0.0,
            "num_medications": -14.884990332859472,
            "number_outpatient": 0.0,
            "number_emergency": -42.61136674369313,
            "number_inpatient": 0.0,
            "diag_1": 0.0,
            "diag_2": 0.0,
            "diag_3": 0.0,
            "number_diagnoses": 0.0,
            "metformin": 0.0,
            "repaglinide": 0.0,
            "nateglinide": 0.0,
            "chlorpropamide": 0.0,
            "glimepiride": 0.0,
            "acetohexamide": 0.0,
            "glipizide": 0.0,
            "glyburide": 0.0,
            "tolbutamide": 0.0,
            "pioglitazone": 0.0,
            "rosiglitazone": 0.0,
            "acarbose": 0.0,
            "miglitol": 0.0,
            "troglitazone": 0.0,
            "tolazamide": 0.0,
            "insulin": 0.0,
            "glyburide-metformin": 0.0,
            "glipizide-metformin": 0.0,
            "glimepiride-pioglitazone": 0.0,
            "metformin-rosiglitazone": 0.0,
            "metformin-pioglitazone": 0.0,
            "change": 0.0,
            "diabetesMed": 0.0
        },
        "Inherent": {
            "diabetesMed": 7.5923215301596265,
            "payer_code": 5.484728831957047,
            "num_procedures": 4.481062475571251,
            "metformin": 4.387638400169131,
            "insulin": 2.9589795862544404,
            "diag_1": 1.9709689393759544,
            "admission_type_id": 1.4581818056025861,
            "glimepiride": 1.384124754498813,
            "pioglitazone": 0.8214690268832404,
            "glyburide": 0.7482901916720476,
            "rosiglitazone": 0.5337892932335438,
            "number_outpatient": 0.2540142730288788,
            "number_diagnoses": 0.14895914509251543,
            "glyburide-metformin": 0.13317924010362017,
            "medical_specialty": 0.11560388929088468,
            "tolazamide": 0.05439452278667732,
            "nateglinide": 0.029654263463077334,
            "diag_3": 0.01128595731256983,
            "troglitazone": -0.0,
            "miglitol": -0.0,
            "acarbose": -0.0,
            "glipizide-metformin": -0.0,
            "glimepiride-pioglitazone": -0.0,
            "acetohexamide": -0.0,
            "chlorpropamide": -0.0,
            "repaglinide": 0.0,
            "metformin-pioglitazone": -0.0,
            "metformin-rosiglitazone": -0.0,
            "tolbutamide": -0.0,
            "race": -0.13366784279816477,
            "age": -0.6035795517003215,
            "glipizide": -0.6847455384785742,
            "admission_source_id": -0.7259847253734864,
            "num_lab_procedures": -1.4497005830102248,
            "gender": -1.6448661894915828,
            "diag_2": -1.8070059009969688,
            "number_emergency": -3.3246235199471954,
            "change": -3.908704212418803,
            "num_medications": -6.265409826526495,
            "discharge_disposition_id": -7.375279645638686,
            "time_in_hospital": -11.268784601308532,
            "number_inpatient": -28.23900173585505
        }
    },
    "DecisionTree": {
        "SHAP": {
            "discharge_disposition_id": 58.40589893454295,
            "payer_code": 22.01598615964947,
            "number_inpatient": -12.649363507992295,
            "diag_1": 3.488342586040856,
            "number_diagnoses": 2.0906636839446278,
            "num_medications": -0.6423072045869639,
            "medical_specialty": 0.5739119491501928,
            "admission_source_id": 0.1335259740926537,
            "gender": 0.0,
            "race": 0.0,
            "num_lab_procedures": 0.0,
            "time_in_hospital": 0.0,
            "admission_type_id": 0.0,
            "age": 0.0,
            "number_emergency": 0.0,
            "number_outpatient": 0.0,
            "diag_2": 0.0,
            "num_procedures": 0.0,
            "diag_3": 0.0,
            "metformin": 0.0,
            "repaglinide": 0.0,
            "nateglinide": 0.0,
            "chlorpropamide": 0.0,
            "glimepiride": 0.0,
            "acetohexamide": 0.0,
            "glipizide": 0.0,
            "glyburide": 0.0,
            "tolbutamide": 0.0,
            "pioglitazone": 0.0,
            "rosiglitazone": 0.0,
            "acarbose": 0.0,
            "miglitol": 0.0,
            "troglitazone": 0.0,
            "tolazamide": 0.0,
            "insulin": 0.0,
            "glyburide-metformin": 0.0,
            "glipizide-metformin": 0.0,
            "glimepiride-pioglitazone": 0.0,
            "metformin-rosiglitazone": 0.0,
            "metformin-pioglitazone": 0.0,
            "change": 0.0,
            "diabetesMed": 0.0
        },
        "Lime": {
            "race": 0.0,
            "gender": 0.0,
            "age": 0.0,
            "admission_type_id": 0.0,
            "discharge_disposition_id": 30.64446666205593,
            "admission_source_id": 0.0,
            "time_in_hospital": 0.0,
            "payer_code": 3.540072360961627,
            "medical_specialty": -2.1543440465345576,
            "num_lab_procedures": 0.0,
            "num_procedures": 0.0,
            "num_medications": -2.5376126828574153,
            "number_outpatient": 0.0,
            "number_emergency": -3.3720586142549953,
            "number_inpatient": -33.17212086302502,
            "diag_1": 4.0501244658618365,
            "diag_2": 0.0,
            "diag_3": 0.0,
            "number_diagnoses": 0.0,
            "metformin": 0.0,