{
    "LogisticRegression": {
        "SHAP": {
            "number_inpatient": 51.20681075416539,
            "metformin": -8.947073096297203,
            "age": 6.906774163052163,
            "number_diagnoses": 6.515447750903491,
            "diabetesMed": 5.15151657795326,
            "num_procedures": 2.4580956381901333,
            "change": -2.2091643745687914,
            "time_in_hospital": 2.1157533233033585,
            "number_emergency": -1.88679035548011,
            "payer_code": -1.7195843267512483,
            "insulin": 1.4032687514090803,
            "discharge_disposition_id": -1.3148839231119127,
            "diag_2": -1.1629171234609599,
            "glimepiride": 1.1372248177975468,
            "num_lab_procedures": 0.9575401882861214,
            "diag_1": 0.9121816497199166,
            "gender": -0.8294022119331119,
            "admission_type_id": 0.774608575181279,
            "glyburide": 0.4012606064001115,
            "pioglitazone": 0.3672103866366868,
            "rosiglitazone": 0.35772744958328745,
            "admission_source_id": -0.20823041009529192,
            "num_medications": -0.1999823092633539,
            "glyburide-metformin": 0.16031529240612177,
            "acarbose": 0.15374158083979664,
            "number_outpatient": 0.11065893118541847,
            "diag_3": 0.08899083751014218,
            "glipizide": 0.0693857745194541,
            "glipizide-metformin": -0.06413596653831281,
            "chlorpropamide": -0.04270428787609081,
            "medical_specialty": -0.03096591763295726,
            "race": 0.023125228676205638,
            "tolazamide": 0.02140087785507126,
            "tolbutamide": -0.01878800192646642,
            "troglitazone": -0.01678980352321998,
            "repaglinide": 0.011109006254884679,
            "miglitol": -0.011082291959646324,
            "metformin-rosiglitazone": -0.010902728325564442,
            "acetohexamide": -0.006166783971451417,
            "nateglinide": 0.005643487650745525,
            "glimepiride-pioglitazone": -0.005533831088877076,
            "metformin-pioglitazone": -0.005110606715765877
        },
        "Lime": {
            "race": -3.7072981624980343,
            "gender": 0.0,
            "age": 0.0,
            "admission_type_id": 0.0,
            "discharge_disposition_id": -6.285849539256762,
            "admission_source_id": 0.0,
            "time_in_hospital": 11.016608703593178,
            "payer_code": 0.0,
            "medical_specialty": 0.0,
            "num_lab_procedures": 0.0,
            "num_procedures": 0.0,
            "num_medications": 0.0,
            "number_outpatient": 0.0,
            "number_emergency": -18.215481278467628,
            "number_inpatient": 60.77476231618439,
            "diag_1": 0.0,
            "diag_2": 0.0,
            "diag_3": 0.0,
            "number_diagnoses": 0.0,
            "metformin": 0.0,
            "repaglinide": 0.0,
            "nateglinide": 0.0,
            "chlorpropamide": 0.0,
            "glimepiride": 0.0,
            "acetohexamide": 0.0,
            "glipizide": 0.0,
            "glyburide": 0.0,
            "tolbutamide": 0.0,
            "pioglitazone": 0.0,
            "rosiglitazone": 0.0,
            "acarbose": 0.0,
            "miglitol": 0.0,
            "troglitazone": 0.0,
            "tolazamide": 0.0,
            "insulin": 0.0,
            "glyburide-metformin": 0.0,
            "glipizide-metformin": 0.0,
            "glimepiride-pioglitazone": 0.0,
            "metformin-rosiglitazone": 0.0,
            "metformin-pioglitazone": 0.0,
            "change": 0.0,
            "diabetesMed": 0.0
        },
        "Inherent": {
            "number_inpatient": 49.11619441344135,
            "number_diagnoses": 8.15056434815255,
            "age": 7.366878484962439,
            "diabetesMed": 4.1131422307133185,
            "time_in_hospital": 2.966257857116283,
            "num_procedures": 2.427616801201169,
            "insulin": 1.6030279865907988,
            "num_lab_procedures": 0.9468159397277051,
            "diag_1": 0.811126140402926,
            "admission_type_id": 0.7899703853237225,
            "glimepiride": 0.7498499579726142,
            "pioglitazone": 0.44503106622585187,
            "glyburide": 0.40538641257072155,
            "rosiglitazone": 0.2891804931574523,
            "num_medications": 0.15374821240289271,
            "number_outpatient": 0.1376123007236573,
            "glyburide-metformin": 0.0721498891410875,
            "glipizide": 0.055430965919414425,
            "diag_3": 0.04978681618869031,
            "tolazamide": 0.0294682473476168,
            "race": 0.028511667753988307,
            "nateglinide": 0.01606520520583352,
            "repaglinide": 0.0,
            "miglitol": -0.0,
            "troglitazone": -0.0,
            "acetohexamide": -0.0,
            "glimepiride-pioglitazone": -0.0,
            "metformin-rosiglitazone": -0.0,
            "metformin-pioglitazone": -0.0,
            "glipizide-metformin": -0.0,
            "acarbose": -0.0,
            "chlorpropamide": -0.0,
            "tolbutamide": -0.0,
            "medical_specialty": -0.04075473513969858,
            "admission_source_id": -0.39330242020502465,
            "gender": -0.8911067004992976,
            "diag_2": -1.0927547992483757,
            "discharge_disposition_id": -1.7508632530882675,
            "number_emergency": -1.8011156859988862,
            "payer_code": -1.970606463572932,
            "change": -2.11754155821807,
            "metformin": -9.218138561787384
        }
    },
    "DecisionTree": {
        "SHAP": {
            "number_inpatient": 67.79360569003451,
            "discharge_disposition_id": 21.520129761728406,
            "payer_code": -5.040535497484748,
            "diag_1": 2.591793563726519,
            "number_diagnoses": 1.769670788697459,
            "num_medications": -0.8529219028847256,
            "medical_specialty": -0.2540332041852356,
            "admission_source_id": 0.17730959125840423,
            "gender": 0.0,
            "race": 0.0,
            "num_lab_procedures": 0.0,
            "time_in_hospital": 0.0,
            "admission_type_id": 0.0,
            "age": 0.0,
            "number_emergency": 0.0,
            "number_outpatient": 0.0,
            "diag_2": 0.0,
            "num_procedures": 0.0,
            "diag_3": 0.0,
            "metformin": 0.0,
            "repaglinide": 0.0,
            "nateglinide": 0.0,
            "chlorpropamide": 0.0,
            "glimepiride": 0.0,
            "acetohexamide": 0.0,
            "glipizide": 0.0,
            "glyburide": 0.0,
            "tolbutamide": 0.0,
            "pioglitazone": 0.0,
            "rosiglitazone": 0.0,
            "acarbose": 0.0,
            "miglitol": 0.0,
            "troglitazone": 0.0,
            "tolazamide": 0.0,
            "insulin": 0.0,
            "glyburide-metformin": 0.0,
            "glipizide-metformin": 0.0,
            "glimepiride-pioglitazone": 0.0,
            "metformin-rosiglitazone": 0.0,
            "metformin-pioglitazone": 0.0,
            "change": 0.0,
            "diabetesMed": 0.0
        },
        "Lime": {
            "race": 0.0,
            "gender": 0.0,
            "age": 0.0,
            "admission_type_id": 0.0,
            "discharge_disposition_id": 23.531472000237823,
            "admission_source_id": 0.0,
            "time_in_hospital": 0.0,
            "payer_code": -2.6900822700697438,
            "medical_specialty": 2.043746246126012,
            "num_lab_procedures": 0.0,
            "num_procedures": 2.2417380237312985,
            "num_medications": 0.0,
            "number_outpatient": 0.0,
            "number_emergency": -3.4644235777049754,
            "number_inpatient": 40.79109423321559,
            "diag_1": 0.0,
            "diag_2": 0.0,
            "diag_3": -16.248587355975832,
            "number_diagnoses": 2.5678151770954933,