{
    "LogisticRegression": {
        "SHAP": {
            "metformin": 16.65677835465431,
            "number_inpatient": -15.5886027599318,
            "number_diagnoses": -11.256715983920852,
            "glimepiride": -10.347547259240594,
            "discharge_disposition_id": -6.771346026107248,
            "time_in_hospital": 6.698556526666423,
            "diabetesMed": 5.996584970045489,
            "age": 3.5489994496233717,
            "change": 3.177150542611631,
            "insulin": -2.7696423963015993,
            "admission_source_id": 2.419221970219711,
            "diag_1": -2.233790288361905,
            "number_emergency": -2.1963044311494917,
            "payer_code": -2.0016694836337345,
            "num_procedures": -1.9623612462465936,
            "num_medications": 1.6080371765174593,
            "gender": -0.9654595424356813,
            "num_lab_procedures": 0.8719654014458723,
            "glyburide": 0.467084456586617,
            "pioglitazone": 0.4274485487970661,
            "rosiglitazone": 0.41641000569120357,
            "diag_3": -0.32825810690980206,
            "diag_2": 0.28487974267189986,
            "glyburide-metformin": 0.1866138365981824,
            "acarbose": 0.1789617560157879,
            "number_outpatient": 0.1288117146681924,
            "admission_type_id": -0.11171229519755815,
            "glipizide": 0.08076800032033184,
            "glipizide-metformin": -0.07465699996558886,
            "chlorpropamide": -0.049709612103394335,
            "medical_specialty": -0.0360456485874756,
            "race": 0.026918752295599785,
            "tolazamide": 0.024911534409249068,
            "tolbutamide": -0.021870035408911852,
            "troglitazone": -0.01954404725944982,
            "repaglinide": 0.012931356995972226,
            "miglitol": -0.012900260417151676,
            "metformin-rosiglitazone": -0.01269124069004639,
            "acetohexamide": -0.007178399509570308,
            "nateglinide": 0.006569260277629448,
            "glimepiride-pioglitazone": -0.006441615363589696,
            "metformin-pioglitazone": -0.005948964145962464
        },
        "Lime": {
            "race": 0.0,
            "gender": 0.0,
            "age": 0.0,
            "admission_type_id": 0.0,
            "discharge_disposition_id": -16.37606418806574,
            "admission_source_id": -10.279415086027763,
            "time_in_hospital": 15.16783576100195,
            "payer_code": 0.0,
            "medical_specialty": 0.0,
            "num_lab_procedures": 0.0,
            "num_procedures": 0.0,
            "num_medications": 0.0,
            "number_outpatient": 0.0,
            "number_emergency": -24.677147537349338,
            "number_inpatient": -8.852516236743952,
            "diag_1": 0.0,
            "diag_2": 0.0,
            "diag_3": 0.0,
            "number_diagnoses": -24.647021190811255,
            "metformin": 0.0,
            "repaglinide": 0.0,
            "nateglinide": 0.0,
            "chlorpropamide": 0.0,
            "glimepiride": 0.0,
            "acetohexamide": 0.0,
            "glipizide": 0.0,
            "glyburide": 0.0,
            "tolbutamide": 0.0,
            "pioglitazone": 0.0,
            "rosiglitazone": 0.0,
            "acarbose": 0.0,
            "miglitol": 0.0,
            "troglitazone": 0.0,
            "tolazamide": 0.0,
            "insulin": 0.0,
            "glyburide-metformin": 0.0,
            "glipizide-metformin": 0.0,
            "glimepiride-pioglitazone": 0.0,
            "metformin-rosiglitazone": 0.0,
            "metformin-pioglitazone": 0.0,
            "change": 0.0,
            "diabetesMed": 0.0
        },
        "Inherent": {
            "metformin": 16.07543010883827,
            "time_in_hospital": 7.587435482934028,
            "diabetesMed": 4.73230991991809,
            "age": 4.0498158289678825,
            "change": 3.2295186281870163,
            "admission_source_id": 2.1707258264036877,
            "num_medications": 1.9911750402674306,
            "num_lab_procedures": 0.8501904765582718,
            "pioglitazone": 0.5120233658944219,
            "glyburide": 0.4664108445566041,
            "diag_2": 0.357687079185668,
            "rosiglitazone": 0.33271198506026084,
            "number_outpatient": 0.15832762868119366,
            "glyburide-metformin": 0.0830108994417501,
            "glipizide": 0.06377521008934198,
            "tolazamide": 0.03390422003995287,
            "race": 0.032803642708511,
            "nateglinide": 0.0184835645588412,
            "troglitazone": -0.0,
            "miglitol": -0.0,
            "acarbose": -0.0,
            "glipizide-metformin": -0.0,
            "metformin-pioglitazone": -0.0,
            "chlorpropamide": -0.0,
            "repaglinide": 0.0,
            "acetohexamide": -0.0,
            "metformin-rosiglitazone": -0.0,
            "glimepiride-pioglitazone": -0.0,
            "tolbutamide": -0.0,
            "medical_specialty": -0.0468897078114857,
            "admission_type_id": -0.08988999973915861,
            "diag_3": -0.36833906398992344,
            "gender": -1.025248542826825,
            "num_procedures": -1.9610816135090499,
            "number_emergency": -2.0722448069330284,
            "payer_code": -2.2672497066077932,
            "diag_1": -2.314861488230131,
            "insulin": -2.4952810627745,
            "discharge_disposition_id": -7.179626841882884,
            "number_diagnoses": -9.191808181618635,
            "glimepiride": -10.640310273288481,
            "number_inpatient": -17.601428958496886
        }
    },
    "DecisionTree": {
        "SHAP": {
            "discharge_disposition_id": -30.975303890678223,
            "number_inpatient": -30.075942869264576,
            "number_diagnoses": -20.346866097971944,
            "diag_1": -14.8315719828452,
            "payer_code": -1.3955059554764755,
            "admission_source_id": -1.272687095816762,
            "num_medications": 0.8676861042360182,
            "medical_specialty": -0.2344360037108164,
            "gender": 0.0,
            "race": 0.0,
            "num_lab_procedures": 0.0,
            "time_in_hospital": 0.0,
            "admission_type_id": 0.0,
            "age": 0.0,
            "number_emergency": 0.0,
            "number_outpatient": 0.0,
            "diag_2": 0.0,
            "num_procedures": 0.0,
            "diag_3": 0.0,
            "metformin": 0.0,
            "repaglinide": 0.0,
            "nateglinide": 0.0,
            "chlorpropamide": 0.0,
            "glimepiride": 0.0,
            "acetohexamide": 0.0,
            "glipizide": 0.0,
            "glyburide": 0.0,
            "tolbutamide": 0.0,
            "pioglitazone": 0.0,
            "rosiglitazone": 0.0,
            "acarbose": 0.0,
            "miglitol": 0.0,
            "troglitazone": 0.0,
            "tolazamide": 0.0,
            "insulin": 0.0,
            "glyburide-metformin": 0.0,
            "glipizide-metformin": 0.0,
            "glimepiride-pioglitazone": 0.0,
            "metformin-rosiglitazone": 0.0,
            "metformin-pioglitazone": 0.0,
            "change": 0.0,
            "diabetesMed": 0.0
        },
        "Lime": {
            "race": 0.0,
            "gender": 0.0,
            "age": 0.0,
            "admission_type_id": 0.0,
            "discharge_disposition_id": -18.603983951589147,
            "admission_source_id": 0.0,
            "time_in_hospital": 0.0,
            "payer_code": 0.0,
            "medical_specialty": 0.0,
            "num_lab_procedures": 0.0,
            "num_procedures": 0.0,
            "num_medications": 0.0,
            "number_outpatient": 0.0,
            "number_emergency": 0.0,
            "number_inpatient": -39.54106480836082,
            "diag_1": -2.8961699229372377,
            "diag_2": 0.0,
            "diag_3": -3.346984433930875,
            "number_diagnoses": -8.160611682907104,