{
    "LogisticRegression": {
        "SHAP": {
            "number_inpatient": 25.471799502856157,
            "glimepiride": 15.039590796314661,
            "num_procedures": -7.853683019887309,
            "discharge_disposition_id": -7.836664972120467,
            "diabetesMed": 6.9400126955430865,
            "payer_code": 4.36012343735216,
            "age": 4.107354662678079,
            "change": 3.6770036965238,
            "metformin": 3.612021296720151,
            "num_medications": 3.4588537910228956,
            "number_diagnoses": 3.3261769051558816,
            "insulin": -3.205383312078987,
            "number_emergency": -2.5418435178680348,
            "gender": 1.5285972635636995,
            "diag_1": 1.5095627943342027,
            "admission_type_id": 1.043536066416089,
            "num_lab_procedures": 1.0091495386686353,
            "glyburide": 0.5405696867124317,
            "pioglitazone": 0.4946979606161745,
            "rosiglitazone": 0.48192275111315563,
            "time_in_hospital": 0.39923443808171377,
            "admission_source_id": -0.28052354443429317,
            "glyburide-metformin": 0.21597332508832354,
            "acarbose": 0.2071173617934794,
            "diag_2": 0.1759405514791434,
            "number_outpatient": 0.14907733978547255,
            "medical_specialty": 0.09795661790210797,
            "glipizide": 0.09347502793952388,
            "glipizide-metformin": -0.08640259917277819,
            "chlorpropamide": -0.05753030113162258,
            "race": 0.031153812313648405,
            "tolazamide": 0.028830803854070212,
            "tolbutamide": -0.025310793417919954,
            "troglitazone": -0.02261886336646822,
            "diag_3": -0.015472886453200795,
            "repaglinide": 0.014965815071568371,
            "miglitol": -0.01492982614572465,
            "metformin-rosiglitazone": -0.014687921867376927,
            "acetohexamide": -0.008307759162748975,
            "nateglinide": 0.007602785577926937,
            "glimepiride-pioglitazone": -0.007455058608596479,
            "metformin-pioglitazone": -0.0068848998062303705
        },
        "Lime": {
            "race": -13.581549834667769,
            "gender": 0.0,
            "age": 0.0,
            "admission_type_id": 0.0,
            "discharge_disposition_id": -7.203560678118223,
            "admission_source_id": 0.0,
            "time_in_hospital": 0.0,
            "payer_code": 0.0,
            "medical_specialty": 0.0,
            "num_lab_procedures": 0.0,
            "num_procedures": 0.0,
            "num_medications": 3.0863517070352704,
            "number_outpatient": 0.0,
            "number_emergency": -13.272461502115322,
            "number_inpatient": 52.85062249868546,
            "diag_1": 0.0,
            "diag_2": 0.0,
            "diag_3": 0.0,
            "number_diagnoses": 10.005453779377953,
            "metformin": 0.0,
            "repaglinide": 0.0,
            "nateglinide": 0.0,
            "chlorpropamide": 0.0,
            "glimepiride": 0.0,
            "acetohexamide": 0.0,
            "glipizide": 0.0,
            "glyburide": 0.0,
            "tolbutamide": 0.0,
            "pioglitazone": 0.0,
            "rosiglitazone": 0.0,
            "acarbose": 0.0,
            "miglitol": 0.0,
            "troglitazone": 0.0,
            "tolazamide": 0.0,
            "insulin": 0.0,
            "glyburide-metformin": 0.0,
            "glipizide-metformin": 0.0,
            "glimepiride-pioglitazone": 0.0,
            "metformin-rosiglitazone": 0.0,
            "metformin-pioglitazone": 0.0,
            "change": 0.0,
            "diabetesMed": 0.0
        },
        "Inherent": {
            "number_inpatient": 23.014532863654473,
            "glimepiride": 14.62882912638723,
            "number_diagnoses": 5.601759735405878,
            "diabetesMed": 5.598371603441573,
            "age": 4.7909740316531115,
            "payer_code": 4.044290013723908,
            "num_medications": 3.9653169020218884,
            "change": 3.8205539549997845,
            "metformin": 3.235325338646483,
            "time_in_hospital": 1.5680245741534327,
            "gender": 1.4527898925369227,
            "diag_1": 1.3868017352756072,
            "admission_type_id": 1.075223642822862,
            "num_lab_procedures": 1.005784131222469,
            "pioglitazone": 0.6057289400799686,
            "glyburide": 0.5517688553559673,
            "rosiglitazone": 0.3936017211058487,
            "diag_2": 0.268242995124371,
            "number_outpatient": 0.18730322304511668,
            "glyburide-metformin": 0.09820275300542476,
            "medical_specialty": 0.08524316686043791,
            "glipizide": 0.07544673345778512,
            "tolazamide": 0.04010904313549105,
            "race": 0.038807048764031474,
            "nateglinide": 0.021866248134143063,
            "miglitol": -0.0,
            "metformin-pioglitazone": -0.0,
            "glimepiride-pioglitazone": -0.0,
            "troglitazone": -0.0,
            "acetohexamide": -0.0,
            "repaglinide": 0.0,
            "chlorpropamide": -0.0,
            "acarbose": -0.0,
            "tolbutamide": -0.0,
            "metformin-rosiglitazone": -0.0,
            "glipizide-metformin": -0.0,
            "diag_3": -0.06860370639974255,
            "admission_source_id": -0.5353214105749028,
            "number_emergency": -2.4514870494183385,
            "insulin": -2.9519433175002336,
            "num_procedures": -7.944173396043699,
            "discharge_disposition_id": -8.493572846048881
        }
    },
    "DecisionTree": {
        "SHAP": {
            "number_inpatient": 41.27067204151309,
            "num_medications": 20.83373323838932,
            "discharge_disposition_id": -16.239225707180672,
            "admission_source_id": 6.310027309331553,
            "payer_code": 5.924498298707291,
            "diag_1": 4.886498748541299,
            "number_diagnoses": 3.5019136899514485,
            "medical_specialty": 0.746458127239641,
            "number_emergency": -0.2869728391456903,
            "gender": 0.0,
            "num_lab_procedures": 0.0,
            "time_in_hospital": 0.0,
            "admission_type_id": 0.0,
            "age": 0.0,
            "race": 0.0,
            "number_outpatient": 0.0,
            "diag_2": 0.0,
            "num_procedures": 0.0,
            "diag_3": 0.0,
            "metformin": 0.0,
            "repaglinide": 0.0,
            "nateglinide": 0.0,
            "chlorpropamide": 0.0,
            "glimepiride": 0.0,
            "acetohexamide": 0.0,
            "glipizide": 0.0,
            "glyburide": 0.0,
            "tolbutamide": 0.0,
            "pioglitazone": 0.0,
            "rosiglitazone": 0.0,
            "acarbose": 0.0,
            "miglitol": 0.0,
            "troglitazone": 0.0,
            "tolazamide": 0.0,
            "insulin": 0.0,
            "glyburide-metformin": 0.0,
            "glipizide-metformin": 0.0,
            "glimepiride-pioglitazone": 0.0,
            "metformin-rosiglitazone": 0.0,
            "metformin-pioglitazone": 0.0,
            "change": 0.0,
            "diabetesMed": 0.0
        },
        "Lime": {
            "race": 0.0,
            "gender": 0.0,
            "age": 0.0,
            "admission_type_id": 2.6138769578973786,
            "discharge_disposition_id": -13.5767545480534,
            "admission_source_id": 0.0,
            "time_in_hospital": 0.0,
            "payer_code": 3.9314369370937436,
            "medical_specialty": 0.0,
            "num_lab_procedures": 0.0,
            "num_procedures": 0.0,
            "num_medications": 5.179991379906099,
            "number_outpatient": 0.0,
            "number_emergency": -2.5010598355327605,
            "number_inpatient": 8.414043670073431,
            "diag_1": 0.0,
            "diag_2": 4.668321683849622,
            "diag_3": 0.0,
            "number_diagnoses": 0.0,