{
    "LogisticRegression": {
        "SHAP": {
            "number_diagnoses": -17.296753084233035,
            "number_inpatient": -16.886885002356568,
            "pioglitazone": 8.502782857145805,
            "discharge_disposition_id": -7.335291264714833,
            "time_in_hospital": -6.509055080037614,
            "diabetesMed": 6.496004956666238,
            "num_medications": 4.733165825399895,
            "payer_code": 4.081171707208216,
            "age": 3.844574558873346,
            "change": 3.441756562439475,
            "metformin": 3.380931602927274,
            "insulin": -3.000309480219317,
            "admission_source_id": 2.6207046157646445,
            "number_emergency": -2.3792215973530837,
            "glimepiride": 1.434027813260344,
            "gender": 1.430800754476025,
            "admission_type_id": -1.2188050741395071,
            "diag_1": 0.9802470633006596,
            "num_lab_procedures": -0.6325814086311863,
            "diag_3": -0.5342754417800317,
            "glyburide": 0.5059851499353313,
            "num_procedures": 0.4869182576752975,
            "rosiglitazone": 0.4510903246577286,
            "diag_2": 0.42854022760504845,
            "medical_specialty": -0.3899739305027707,
            "glyburide-metformin": 0.20215579593714997,
            "acarbose": 0.1938664189600291,
            "number_outpatient": 0.139539678190353,
            "race": -0.09846958751189275,
            "glipizide": 0.08749468790015592,
            "glipizide-metformin": -0.08087473858018517,
            "chlorpropamide": -0.053849630786630215,
            "tolazamide": 0.026986268319219017,
            "tolbutamide": -0.023691460911239255,
            "troglitazone": -0.021171755008041214,
            "repaglinide": 0.014008333003179139,
            "miglitol": -0.0139746465747932,
            "metformin-rosiglitazone": -0.01374821883465452,
            "acetohexamide": -0.007776245817916841,
            "nateglinide": 0.007116374993146777,
            "glimepiride-pioglitazone": -0.006978099291487006,
            "metformin-pioglitazone": -0.006444418076662183
        },
        "Lime": {
            "race": 0.0,
            "gender": 0.0,
            "age": 0.0,
            "admission_type_id": -15.458643568358196,
            "discharge_disposition_id": -19.5949328407253,
            "admission_source_id": 0.0,
            "time_in_hospital": 0.0,
            "payer_code": 0.0,
            "medical_specialty": 0.0,
            "num_lab_procedures": 0.0,
            "num_procedures": 0.0,
            "num_medications": 9.92872759387827,
            "number_outpatient": 0.0,
            "number_emergency": -26.691898849890055,
            "number_inpatient": 0.0,
            "diag_1": 0.0,
            "diag_2": 0.0,
            "diag_3": 0.0,
            "number_diagnoses": -28.32579714714818,
            "metformin": 0.0,
            "repaglinide": 0.0,
            "nateglinide": 0.0,
            "chlorpropamide": 0.0,
            "glimepiride": 0.0,
            "acetohexamide": 0.0,
            "glipizide": 0.0,
            "glyburide": 0.0,
            "tolbutamide": 0.0,
            "pioglitazone": 0.0,
            "rosiglitazone": 0.0,
            "acarbose": 0.0,
            "miglitol": 0.0,
            "troglitazone": 0.0,
            "tolazamide": 0.0,
            "insulin": 0.0,
            "glyburide-metformin": 0.0,
            "glipizide-metformin": 0.0,
            "glimepiride-pioglitazone": 0.0,
            "metformin-rosiglitazone": 0.0,
            "metformin-pioglitazone": 0.0,
            "change": 0.0,
            "diabetesMed": 0.0
        },
        "Inherent": {
            "pioglitazone": 8.837986682042171,
            "diabetesMed": 5.343809944555616,
            "num_medications": 5.321551775106987,
            "age": 4.573125274270265,
            "payer_code": 3.8603934724016824,
            "change": 3.646830840219378,
            "metformin": 3.088212956050208,
            "admission_source_id": 2.4512228603659407,
            "gender": 1.3867305754259254,
            "glimepiride": 0.9742079017879591,
            "diag_1": 0.8791609304446761,
            "diag_2": 0.5271241433326814,
            "glyburide": 0.5266795606305736,
            "num_procedures": 0.4697400535305701,
            "rosiglitazone": 0.3757043905671832,
            "number_outpatient": 0.17878642163383843,
            "glyburide-metformin": 0.093737408886992,
            "glipizide": 0.07201612059622843,
            "tolazamide": 0.03828525842091042,
            "nateglinide": 0.020871975371824544,
            "troglitazone": -0.0,
            "miglitol": -0.0,
            "repaglinide": 0.0,
            "acetohexamide": -0.0,
            "acarbose": -0.0,
            "glipizide-metformin": -0.0,
            "metformin-pioglitazone": -0.0,
            "glimepiride-pioglitazone": -0.0,
            "metformin-rosiglitazone": -0.0,
            "tolbutamide": -0.0,
            "chlorpropamide": -0.0,
            "race": -0.09408130896125416,
            "medical_specialty": -0.4134806164253932,
            "diag_3": -0.5995046419707722,
            "num_lab_procedures": -0.6602878702647695,
            "admission_type_id": -1.2293433394627131,
            "number_emergency": -2.3400163121679323,
            "insulin": -2.8177165027996476,
            "time_in_hospital": -5.574418445017301,
            "discharge_disposition_id": -8.10736447212998,
            "number_diagnoses": -15.621756046508487,
            "number_inpatient": -19.875851898650136
        }
    },
    "DecisionTree": {
        "SHAP": {
            "discharge_disposition_id": -35.35927086934781,
            "number_inpatient": -29.796931303564083,
            "number_diagnoses": -19.82668368681401,
            "diag_1": 7.857139692020018,
            "payer_code": 4.370746891436103,
            "admission_source_id": -1.4947785755727327,
            "num_medications": 1.019102498326036,
            "medical_specialty": -0.2753464829192171,
            "gender": 0.0,
            "race": 0.0,
            "num_lab_procedures": 0.0,
            "time_in_hospital": 0.0,
            "admission_type_id": 0.0,
            "age": 0.0,
            "number_emergency": 0.0,
            "number_outpatient": 0.0,
            "diag_2": 0.0,
            "num_procedures": 0.0,
            "diag_3": 0.0,
            "metformin": 0.0,
            "repaglinide": 0.0,
            "nateglinide": 0.0,
            "chlorpropamide": 0.0,
            "glimepiride": 0.0,
            "acetohexamide": 0.0,
            "glipizide": 0.0,
            "glyburide": 0.0,
            "tolbutamide": 0.0,
            "pioglitazone": 0.0,
            "rosiglitazone": 0.0,
            "acarbose": 0.0,
            "miglitol": 0.0,
            "troglitazone": 0.0,
            "tolazamide": 0.0,
            "insulin": 0.0,
            "glyburide-metformin": 0.0,
            "glipizide-metformin": 0.0,
            "glimepiride-pioglitazone": 0.0,
            "metformin-rosiglitazone": 0.0,
            "metformin-pioglitazone": 0.0,
            "change": 0.0,
            "diabetesMed": 0.0
        },
        "Lime": {
            "race": 0.0,
            "gender": 0.0,
            "age": 0.0,
            "admission_type_id": 0.0,
            "discharge_disposition_id": -16.113470810621862,
            "admission_source_id": 0.0,
            "time_in_hospital": 0.0,
            "payer_code": 3.085085386806896,
            "medical_specialty": 0.0,
            "num_lab_procedures": 0.0,
            "num_procedures": 0.0,
            "num_medications": 0.0,
            "number_outpatient": 0.0,
            "number_emergency": 0.0,
            "number_inpatient": -31.828066546200883,
            "diag_1": -8.874550179038202,
            "diag_2": 4.6310147196488325,
            "diag_3": 0.0,
            "number_diagnoses": -6.294911483081736,
            "metformin": 0.0,