{
    "LogisticRegression": {
        "SHAP": {
            "number_diagnoses": -16.6510315893326,
            "number_inpatient": -16.2564646815697,
            "num_procedures": -9.591960412307635,
            "time_in_hospital": -8.474659688366911,
            "age": 8.384227624595683,
            "discharge_disposition_id": -7.061450549181961,
            "diabetesMed": 6.253496434339999,
            "metformin": 3.25471483853417,
            "num_medications": -3.1222985304007866,
            "insulin": -2.8883020812990434,
            "change": -2.681734850346867,
            "admission_source_id": 2.5228686060845043,
            "number_emergency": -2.290400619273523,
            "payer_code": -2.0874269340230485,
            "glimepiride": 1.3804927608260604,
            "diag_1": 1.3007228953983658,
            "num_lab_procedures": -1.1572369017296387,
            "gender": -1.0068226892939802,
            "diag_3": -0.5143298985168122,
            "glyburide": 0.4870957383895602,
            "pioglitazone": 0.4457617108935893,
            "rosiglitazone": 0.43425024390068584,
            "diag_2": 0.4125419859092502,
            "medical_specialty": -0.3290472389195876,
            "glyburide-metformin": 0.19460892617959327,
            "acarbose": 0.18662900779666014,
            "number_outpatient": 0.13433039011413395,
            "admission_type_id": -0.11649838085835847,
            "glipizide": 0.08422834071975731,
            "glipizide-metformin": -0.07785552700669726,
            "chlorpropamide": -0.051839319144783645,
            "race": 0.02807203138758125,
            "tolazamide": 0.025978818340832335,
            "tolbutamide": -0.02280701251323757,
            "troglitazone": -0.020381372140986235,
            "repaglinide": 0.013485374637304018,
            "miglitol": -0.013452945788926843,
            "metformin-rosiglitazone": -0.013234971037516004,
            "acetohexamide": -0.007485943409724652,
            "nateglinide": 0.006850706848584107,
            "glimepiride-pioglitazone": -0.006717593248293845,
            "metformin-pioglitazone": -0.006203835393082167
        },
        "Lime": {
            "race": -21.579470975496296,
            "gender": 0.0,
            "age": 0.0,
            "admission_type_id": 0.0,
            "discharge_disposition_id": -14.54806742797996,
            "admission_source_id": 0.0,
            "time_in_hospital": 0.0,
            "payer_code": 0.0,
            "medical_specialty": 0.0,
            "num_lab_procedures": 0.0,
            "num_procedures": -5.653039979181735,
            "num_medications": -6.223398053589725,
            "number_outpatient": 0.0,
            "number_emergency": -23.06922251414142,
            "number_inpatient": 0.0,
            "diag_1": 0.0,
            "diag_2": 0.0,
            "diag_3": 0.0,
            "number_diagnoses": -28.926801049610873,
            "metformin": 0.0,
            "repaglinide": 0.0,
            "nateglinide": 0.0,
            "chlorpropamide": 0.0,
            "glimepiride": 0.0,
            "acetohexamide": 0.0,
            "glipizide": 0.0,
            "glyburide": 0.0,
            "tolbutamide": 0.0,
            "pioglitazone": 0.0,
            "rosiglitazone": 0.0,
            "acarbose": 0.0,
            "miglitol": 0.0,
            "troglitazone": 0.0,
            "tolazamide": 0.0,
            "insulin": 0.0,
            "glyburide-metformin": 0.0,
            "glipizide-metformin": 0.0,
            "glimepiride-pioglitazone": 0.0,
            "metformin-rosiglitazone": 0.0,
            "metformin-pioglitazone": 0.0,
            "change": 0.0,
            "diabetesMed": 0.0
        },
        "Inherent": {
            "age": 9.22501336219595,
            "diabetesMed": 5.1505929025971,
            "metformin": 2.9765519167361294,
            "admission_source_id": 2.362593579913418,
            "diag_1": 1.2146648330931613,
            "glimepiride": 0.9389833015515945,
            "pioglitazone": 0.5572804737998508,
            "diag_2": 0.5080648263329397,
            "glyburide": 0.5076363184829501,
            "rosiglitazone": 0.36211998323432565,
            "number_outpatient": 0.17232201068194197,
            "glyburide-metformin": 0.09034812950506842,
            "glipizide": 0.0694122215168632,
            "tolazamide": 0.036900971842709365,
            "race": 0.03570311585102447,
            "nateglinide": 0.020117303820437568,
            "tolbutamide": -0.0,
            "metformin-rosiglitazone": -0.0,
            "troglitazone": -0.0,
            "miglitol": -0.0,
            "glimepiride-pioglitazone": -0.0,
            "glipizide-metformin": -0.0,
            "metformin-pioglitazone": -0.0,
            "repaglinide": 0.0,
            "acetohexamide": -0.0,
            "chlorpropamide": -0.0,
            "acarbose": -0.0,
            "admission_type_id": -0.0978352649141329,
            "medical_specialty": -0.35083478496852305,
            "diag_3": -0.5778282510130424,
            "gender": -1.1158689852192234,
            "num_lab_procedures": -1.2003795435638904,
            "number_emergency": -2.2554079457284777,
            "payer_code": -2.4676490857284303,
            "change": -2.6516453623391794,
            "insulin": -2.7158358495957815,
            "num_medications": -2.769439147098966,
            "time_in_hospital": -7.644687037796583,
            "discharge_disposition_id": -7.814225120686448,
            "num_procedures": -9.895943452466689,
            "number_diagnoses": -15.056917565196265,
            "number_inpatient": -19.157197352528907
        }
    },
    "DecisionTree": {
        "SHAP": {
            "discharge_disposition_id": -32.81507799292731,
            "number_inpatient": -32.44615277281453,
            "number_diagnoses": -22.222166378576084,
            "diag_1": 8.806448332653058,
            "payer_code": -1.8370595517245827,
            "num_medications": -0.8464609488097916,
            "admission_source_id": -0.7180198613045868,
            "medical_specialty": -0.3086141611900523,
            "gender": 0.0,
            "race": 0.0,
            "num_lab_procedures": 0.0,
            "time_in_hospital": 0.0,
            "admission_type_id": 0.0,
            "age": 0.0,
            "number_emergency": 0.0,
            "number_outpatient": 0.0,
            "diag_2": 0.0,
            "num_procedures": 0.0,
            "diag_3": 0.0,
            "metformin": 0.0,
            "repaglinide": 0.0,
            "nateglinide": 0.0,
            "chlorpropamide": 0.0,
            "glimepiride": 0.0,
            "acetohexamide": 0.0,
            "glipizide": 0.0,
            "glyburide": 0.0,
            "tolbutamide": 0.0,
            "pioglitazone": 0.0,
            "rosiglitazone": 0.0,
            "acarbose": 0.0,
            "miglitol": 0.0,
            "troglitazone": 0.0,
            "tolazamide": 0.0,
            "insulin": 0.0,
            "glyburide-metformin": 0.0,
            "glipizide-metformin": 0.0,
            "glimepiride-pioglitazone": 0.0,
            "metformin-rosiglitazone": 0.0,
            "metformin-pioglitazone": 0.0,
            "change": 0.0,
            "diabetesMed": 0.0
        },
        "Lime": {
            "race": 0.0,
            "gender": 0.0,
            "age": 0.0,
            "admission_type_id": 0.0,
            "discharge_disposition_id": -18.25503948975632,
            "admission_source_id": 0.0,
            "time_in_hospital": 0.0,
            "payer_code": 0.0,
            "medical_specialty": 0.0,
            "num_lab_procedures": 0.0,
            "num_procedures": 0.0,
            "num_medications": 0.0,
            "number_outpatient": 0.0,
            "number_emergency": -4.845268981607573,
            "number_inpatient": -32.77760198464863,
            "diag_1": 0.0,
            "diag_2": 0.0,
            "diag_3": 0.0,
            "number_diagnoses": -7.62505567566237,
            "metformin": 0.0,