{
    "LogisticRegression": {
        "SHAP": {
            "age": -14.475286396217252,
            "number_diagnoses": -12.225734925731778,
            "number_inpatient": -11.936030927580383,
            "metformin": -7.974484548365581,
            "glimepiride": -7.923009265997598,
            "payer_code": -5.94997913771379,
            "insulin": -5.492099624690142,
            "discharge_disposition_id": -5.18474919360369,
            "time_in_hospital": -4.60074683600979,
            "diabetesMed": 4.591522714678488,
            "num_medications": -2.9972445679508555,
            "diag_1": 2.790243145250969,
            "change": 2.432711110944823,
            "num_procedures": 2.1908891851195973,
            "admission_source_id": 1.852373089616837,
            "number_emergency": -1.6816874494976781,
            "diag_2": 1.2014897229754244,
            "gender": 1.01132222160854,
            "admission_type_id": -0.8614788966461797,
            "num_lab_procedures": 0.6366887894048658,
            "glyburide": 0.3576417082062029,
            "pioglitazone": 0.32729290603935146,
            "rosiglitazone": 0.31884080844368595,
            "diag_3": -0.2651213557815283,
            "glyburide-metformin": 0.14288827289098757,
            "acarbose": 0.13702915441203303,
            "number_outpatient": 0.09862978958358748,
            "medical_specialty": 0.06480824400212624,
            "glipizide": 0.061843217421656896,
            "glipizide-metformin": -0.05716408803745377,
            "chlorpropamide": -0.03806213273900468,
            "race": 0.020611408532265414,
            "tolazamide": 0.01907450268259839,
            "tolbutamide": -0.016745658546064073,
            "troglitazone": -0.014964673622865882,
            "repaglinide": 0.009901405495830512,
            "miglitol": -0.009877595169000067,
            "metformin-rosiglitazone": -0.009717550938890115,
            "acetohexamide": -0.005496425810335673,
            "nateglinide": 0.005030014238777962,
            "glimepiride-pioglitazone": -0.004932277856294539,
            "metformin-pioglitazone": -0.004555059945191999
        },
        "Lime": {
            "race": -33.57495114529427,
            "gender": 0.0,
            "age": 0.0,
            "admission_type_id": 0.0,
            "discharge_disposition_id": -16.38078494083771,
            "admission_source_id": 0.0,
            "time_in_hospital": 0.0,
            "payer_code": 0.0,
            "medical_specialty": 0.0,
            "num_lab_procedures": 0.0,
            "num_procedures": 0.0,
            "num_medications": -9.238933796556136,
            "number_outpatient": 0.0,
            "number_emergency": -17.610073258725915,
            "number_inpatient": 0.0,
            "diag_1": 0.0,
            "diag_2": 0.0,
            "diag_3": 0.0,
            "number_diagnoses": -23.195256858585978,
            "metformin": 0.0,
            "repaglinide": 0.0,
            "nateglinide": 0.0,
            "chlorpropamide": 0.0,
            "glimepiride": 0.0,
            "acetohexamide": 0.0,
            "glipizide": 0.0,
            "glyburide": 0.0,
            "tolbutamide": 0.0,
            "pioglitazone": 0.0,
            "rosiglitazone": 0.0,
            "acarbose": 0.0,
            "miglitol": 0.0,
            "troglitazone": 0.0,
            "tolazamide": 0.0,
            "insulin": 0.0,
            "glyburide-metformin": 0.0,
            "glipizide-metformin": 0.0,
            "glimepiride-pioglitazone": 0.0,
            "metformin-rosiglitazone": 0.0,
            "metformin-pioglitazone": 0.0,
            "change": 0.0,
            "diabetesMed": 0.0
        },
        "Inherent": {
            "diabetesMed": 3.7408366594520195,
            "diag_1": 2.749531042026923,
            "change": 2.552897397073751,
            "num_procedures": 2.207878409169444,
            "admission_source_id": 1.715933843396873,
            "diag_2": 1.283318408510961,
            "gender": 0.9707554398751511,
            "num_lab_procedures": 0.6405578025789136,
            "pioglitazone": 0.40474859213511116,
            "glyburide": 0.36869241770063976,
            "rosiglitazone": 0.2630050042821411,
            "number_outpatient": 0.1251561726931375,
            "glyburide-metformin": 0.06561916295016425,
            "medical_specialty": 0.056959556483046084,
            "glipizide": 0.050413571364445645,
            "tolazamide": 0.02680089668298368,
            "race": 0.025930902938345143,
            "nateglinide": 0.014611045571642957,
            "troglitazone": -0.0,
            "miglitol": -0.0,
            "acarbose": -0.0,
            "glipizide-metformin": -0.0,
            "metformin-pioglitazone": -0.0,
            "acetohexamide": -0.0,
            "repaglinide": 0.0,
            "chlorpropamide": -0.0,
            "metformin-rosiglitazone": -0.0,
            "glimepiride-pioglitazone": -0.0,
            "tolbutamide": -0.0,
            "diag_3": -0.30518647235215524,
            "admission_type_id": -0.860579376704931,
            "number_emergency": -1.6380857281782426,
            "num_medications": -2.7285074428094336,
            "time_in_hospital": -3.902269932988859,
            "insulin": -5.402910216686326,
            "discharge_disposition_id": -5.675412588312916,
            "payer_code": -6.28686774649659,
            "metformin": -8.38374865968646,
            "glimepiride": -8.41104310829888,
            "number_diagnoses": -10.93572531772644,
            "number_inpatient": -13.91372750748015,
            "age": -14.292289577392928
        }
    },
    "DecisionTree": {
        "SHAP": {
            "discharge_disposition_id": -33.32948236160614,
            "number_inpatient": -32.05050325626809,
            "number_diagnoses": -21.951188508075983,
            "diag_1": 8.699062195082236,
            "payer_code": -1.814658383592383,
            "num_medications": -0.8361391745298948,
            "admission_source_id": -0.7092643021174919,
            "medical_specialty": 0.6097018187277804,
            "gender": 0.0,
            "race": 0.0,
            "num_lab_procedures": 0.0,
            "time_in_hospital": 0.0,
            "admission_type_id": 0.0,
            "age": 0.0,
            "number_emergency": 0.0,
            "number_outpatient": 0.0,
            "diag_2": 0.0,
            "num_procedures": 0.0,
            "diag_3": 0.0,
            "metformin": 0.0,
            "repaglinide": 0.0,
            "nateglinide": 0.0,
            "chlorpropamide": 0.0,
            "glimepiride": 0.0,
            "acetohexamide": 0.0,
            "glipizide": 0.0,
            "glyburide": 0.0,
            "tolbutamide": 0.0,
            "pioglitazone": 0.0,
            "rosiglitazone": 0.0,
            "acarbose": 0.0,
            "miglitol": 0.0,
            "troglitazone": 0.0,
            "tolazamide": 0.0,
            "insulin": 0.0,
            "glyburide-metformin": 0.0,
            "glipizide-metformin": 0.0,
            "glimepiride-pioglitazone": 0.0,
            "metformin-rosiglitazone": 0.0,
            "metformin-pioglitazone": 0.0,
            "change": 0.0,
            "diabetesMed": 0.0
        },
        "Lime": {
            "race": 0.0,
            "gender": 0.0,
            "age": 0.0,
            "admission_type_id": 0.0,
            "discharge_disposition_id": -16.77321937623824,
            "admission_source_id": 0.0,
            "time_in_hospital": 0.0,
            "payer_code": 0.0,
            "medical_specialty": 0.0,
            "num_lab_procedures": -2.52996257349867,
            "num_procedures": 0.0,
            "num_medications": 0.0,
            "number_outpatient": -3.1318913767280083,
            "number_emergency": -4.0549384210785435,
            "number_inpatient": -32.02986551814196,
            "diag_1": 0.0,
            "diag_2": -3.262875935835583,
            "diag_3": 0.0,
            "number_diagnoses": -6.64013658368853,