{
    "LogisticRegression": {
        "SHAP": {
            "discharge_disposition_id": 28.796168277553935,
            "metformin": -18.257610374629003,
            "number_inpatient": -11.8832604056614,
            "number_diagnoses": -8.581044074926938,
            "time_in_hospital": -4.580406421911806,
            "diabetesMed": 4.571223081448101,
            "num_medications": -2.9839934159448624,
            "payer_code": 2.871910725406437,
            "age": 2.705417880544416,
            "change": 2.4219558242183092,
            "diag_1": -1.9964685775442585,
            "number_emergency": -1.6742525220118976,
            "num_procedures": -1.4959166038322047,
            "insulin": 1.245197294592545,
            "diag_3": 1.1580077685146892,
            "glimepiride": 1.009121926960229,
            "gender": 1.0068510534466657,
            "admission_type_id": 0.6873526551598755,
            "glyburide": 0.35606053438749,
            "pioglitazone": 0.32584590765463983,
            "rosiglitazone": 0.3174311777236645,
            "admission_source_id": -0.18477425870289774,
            "glyburide-metformin": 0.1422565479245973,
            "acarbose": 0.13642333326090558,
            "medical_specialty": -0.1001089215458914,
            "number_outpatient": 0.09819373630049327,
            "diag_2": 0.07368907754976826,
            "race": -0.06929281216035948,
            "glipizide": 0.06156980167061783,
            "glipizide-metformin": -0.05691135923848688,
            "chlorpropamide": -0.03789385581159276,
            "tolazamide": 0.018990172182115198,
            "tolbutamide": -0.016671624124846973,
            "troglitazone": -0.014898513134323487,
            "num_lab_procedures": -0.013538043545376443,
            "repaglinide": 0.00985763027951978,
            "miglitol": -0.00983392522079575,
            "metformin-rosiglitazone": -0.00967458856404953,
            "acetohexamide": -0.005472125499750002,
            "nateglinide": 0.005007775985689418,
            "glimepiride-pioglitazone": -0.00491047170663681,
            "metformin-pioglitazone": -0.004534921517925981
        },
        "Lime": {
            "race": 0.0,
            "gender": 0.0,
            "age": 0.0,
            "admission_type_id": 0.0,
            "discharge_disposition_id": 29.923616346331087,
            "admission_source_id": 0.0,
            "time_in_hospital": 0.0,
            "payer_code": 0.0,
            "medical_specialty": 0.0,
            "num_lab_procedures": 0.0,
            "num_procedures": 0.0,
            "num_medications": -13.775709549182388,
            "number_outpatient": 0.0,
            "number_emergency": -27.50035642146455,
            "number_inpatient": 0.0,
            "diag_1": 0.0,
            "diag_2": 0.0,
            "diag_3": 0.0,
            "number_diagnoses": -28.80031768302198,
            "metformin": 0.0,
            "repaglinide": 0.0,
            "nateglinide": 0.0,
            "chlorpropamide": 0.0,
            "glimepiride": 0.0,
            "acetohexamide": 0.0,
            "glipizide": 0.0,
            "glyburide": 0.0,
            "tolbutamide": 0.0,
            "pioglitazone": 0.0,
            "rosiglitazone": 0.0,
            "acarbose": 0.0,
            "miglitol": 0.0,
            "troglitazone": 0.0,
            "tolazamide": 0.0,
            "insulin": 0.0,
            "glyburide-metformin": 0.0,
            "glipizide-metformin": 0.0,
            "glimepiride-pioglitazone": 0.0,
            "metformin-rosiglitazone": 0.0,
            "metformin-pioglitazone": 0.0,
            "change": 0.0,
            "diabetesMed": 0.0
        },
        "Inherent": {
            "discharge_disposition_id": 28.95093750717442,
            "diabetesMed": 3.7306038816689884,
            "age": 3.1925759105510134,
            "payer_code": 2.6950058146405427,
            "change": 2.5459141379407635,
            "insulin": 1.4539401007201584,
            "diag_3": 1.1449419502953422,
            "gender": 0.9681000112632626,
            "admission_type_id": 0.7165000431752961,
            "glimepiride": 0.6801109728210949,
            "pioglitazone": 0.4036414327538406,
            "glyburide": 0.3676838872770816,
            "rosiglitazone": 0.2622855738419362,
            "diag_2": 0.13573981745313698,
            "number_outpatient": 0.12481381738069491,
            "glyburide-metformin": 0.06543966665724782,
            "glipizide": 0.050275668825526205,
            "tolazamide": 0.02672758484258295,
            "nateglinide": 0.014571078153623093,
            "troglitazone": -0.0,
            "acarbose": -0.0,
            "tolbutamide": -0.0,
            "glimepiride-pioglitazone": -0.0,
            "miglitol": -0.0,
            "repaglinide": 0.0,
            "chlorpropamide": -0.0,
            "metformin-rosiglitazone": -0.0,
            "glipizide-metformin": -0.0,
            "metformin-pioglitazone": -0.0,
            "acetohexamide": -0.0,
            "num_lab_procedures": -0.021052619538724483,
            "race": -0.06567974910128305,
            "medical_specialty": -0.11099185839460754,
            "admission_source_id": -0.3567237535649759,
            "num_procedures": -1.5459720101664802,
            "number_emergency": -1.6336048676724384,
            "diag_1": -2.124151507251264,
            "num_medications": -2.72104381558287,
            "time_in_hospital": -3.89159556660807,
            "number_diagnoses": -7.246143186348365,
            "number_inpatient": -13.875667550663284,
            "metformin": -18.87756465767108
        }
    },
    "DecisionTree": {
        "SHAP": {
            "number_inpatient": -47.3211094784104,
            "discharge_disposition_id": -17.417239602937673,
            "number_diagnoses": -14.150483520003268,
            "diag_1": -10.377870374964822,
            "payer_code": 8.702753129030071,
            "num_medications": -1.2271794163236138,
            "medical_specialty": -0.5482523983458798,
            "admission_source_id": 0.2551120799842737,
            "gender": 0.0,
            "race": 0.0,
            "num_lab_procedures": 0.0,
            "time_in_hospital": 0.0,
            "admission_type_id": 0.0,
            "age": 0.0,
            "number_emergency": 0.0,
            "number_outpatient": 0.0,
            "diag_2": 0.0,
            "num_procedures": 0.0,
            "diag_3": 0.0,
            "metformin": 0.0,
            "repaglinide": 0.0,
            "nateglinide": 0.0,
            "chlorpropamide": 0.0,
            "glimepiride": 0.0,
            "acetohexamide": 0.0,
            "glipizide": 0.0,
            "glyburide": 0.0,
            "tolbutamide": 0.0,
            "pioglitazone": 0.0,
            "rosiglitazone": 0.0,
            "acarbose": 0.0,
            "miglitol": 0.0,
            "troglitazone": 0.0,
            "tolazamide": 0.0,
            "insulin": 0.0,
            "glyburide-metformin": 0.0,
            "glipizide-metformin": 0.0,
            "glimepiride-pioglitazone": 0.0,
            "metformin-rosiglitazone": 0.0,
            "metformin-pioglitazone": 0.0,
            "change": 0.0,
            "diabetesMed": 0.0
        },
        "Lime": {
            "race": 0.0,
            "gender": 0.0,
            "age": 0.0,
            "admission_type_id": 0.0,
            "discharge_disposition_id": 2.105876976737458,
            "admission_source_id": 0.0,
            "time_in_hospital": 0.0,
            "payer_code": 4.748152952682251,
            "medical_specialty": 3.1158291701710286,
            "num_lab_procedures": 0.0,
            "num_procedures": 0.0,
            "num_medications": -2.4068690925855396,
            "number_outpatient": 0.0,
            "number_emergency": 0.0,
            "number_inpatient": -32.753757869767064,
            "diag_1": 2.4301721687888036,
            "diag_2": 0.0,
            "diag_3": -9.586835873102089,
            "number_diagnoses": -8.064426024224915,