{
    "LogisticRegression": {
        "SHAP": {
            "metformin": -21.59952458945204,
            "number_diagnoses": -18.647494306024335,
            "number_inpatient": -14.058399213712047,
            "age": -8.949249236033063,
            "discharge_disposition_id": -6.106659276345228,
            "diabetesMed": 5.407950072634592,
            "payer_code": -5.0569159659553415,
            "change": 2.8652760852244317,
            "num_medications": -2.7001269996006485,
            "insulin": -2.497769626057256,
            "number_emergency": -1.980711482834616,
            "diag_1": 1.961156759972435,
            "time_in_hospital": -1.5988712626533261,
            "glimepiride": 1.1938338823037569,
            "gender": -0.8706884049374518,
            "admission_type_id": 0.8131672366818468,
            "diag_3": -0.44478643927390304,
            "glyburide": 0.4212346583166857,
            "num_procedures": 0.4053613943536171,
            "pioglitazone": 0.3854894781049203,
            "rosiglitazone": 0.37553449701329467,
            "diag_2": 0.3567614511478027,
            "num_lab_procedures": -0.23484913690939632,
            "admission_source_id": -0.21859575609615403,
            "glyburide-metformin": 0.16829550756421702,
            "acarbose": 0.16139456812150413,
            "number_outpatient": 0.11616733943999351,
            "medical_specialty": 0.07633192072385524,
            "glipizide": 0.07283967714637019,
            "glipizide-metformin": -0.06732854289622854,
            "chlorpropamide": -0.04483003271496202,
            "race": 0.024276362156028474,
            "tolazamide": 0.02246617616375003,
            "tolbutamide": -0.019723235836554612,
            "troglitazone": -0.01762557060798453,
            "repaglinide": 0.011661993176943402,
            "miglitol": -0.011633949090762465,
            "metformin-rosiglitazone": -0.01144544709270397,
            "acetohexamide": -0.006473755703137545,
            "nateglinide": 0.005924410605873934,
            "glimepiride-pioglitazone": -0.0058092955319442,
            "metformin-pioglitazone": -0.005365003788983957
        },
        "Lime": {
            "race": -37.534182148836734,
            "gender": 0.0,
            "age": 0.0,
            "admission_type_id": 0.0,
            "discharge_disposition_id": -12.9981429931897,
            "admission_source_id": 0.0,
            "time_in_hospital": 0.0,
            "payer_code": 0.0,
            "medical_specialty": 0.0,
            "num_lab_procedures": 0.0,
            "num_procedures": 0.0,
            "num_medications": 0.0,
            "number_outpatient": 0.0,
            "number_emergency": -24.935951866949694,
            "number_inpatient": 0.0,
            "diag_1": 0.0,
            "diag_2": 0.0,
            "diag_3": 0.0,
            "number_diagnoses": -24.531722991023877,
            "metformin": 0.0,
            "repaglinide": 0.0,
            "nateglinide": 0.0,
            "chlorpropamide": 0.0,
            "glimepiride": 0.0,
            "acetohexamide": 0.0,
            "glipizide": 0.0,
            "glyburide": 0.0,
            "tolbutamide": 0.0,
            "pioglitazone": 0.0,
            "rosiglitazone": 0.0,
            "acarbose": 0.0,
            "miglitol": 0.0,
            "troglitazone": 0.0,
            "tolazamide": 0.0,
            "insulin": 0.0,
            "glyburide-metformin": 0.0,
            "glipizide-metformin": 0.0,
            "glimepiride-pioglitazone": 0.0,
            "metformin-rosiglitazone": 0.0,
            "metformin-pioglitazone": 0.0,
            "change": 0.0,
            "diabetesMed": 0.0
        },
        "Inherent": {
            "diabetesMed": 4.430118839661508,
            "change": 3.023291280554323,
            "diag_1": 1.9003569591784397,
            "admission_type_id": 0.85084893507083,
            "glimepiride": 0.8076366532935981,
            "pioglitazone": 0.47932709352963027,
            "diag_2": 0.43699581804882814,
            "glyburide": 0.43662725063628355,
            "num_procedures": 0.3894233295122244,
            "rosiglitazone": 0.3114659982417533,
            "number_outpatient": 0.14821730244405218,
            "glyburide-metformin": 0.07771007303775854,
            "medical_specialty": 0.06745485762836548,
            "glipizide": 0.05970271696090749,
            "tolazamide": 0.03173919850659828,
            "race": 0.030708900733833346,
            "nateglinide": 0.017303259710775547,
            "acetohexamide": -0.0,
            "troglitazone": -0.0,
            "miglitol": -0.0,
            "acarbose": -0.0,
            "glipizide-metformin": -0.0,
            "metformin-pioglitazone": -0.0,
            "glimepiride-pioglitazone": -0.0,
            "chlorpropamide": -0.0,
            "repaglinide": 0.0,
            "metformin-rosiglitazone": -0.0,
            "tolbutamide": -0.0,
            "num_lab_procedures": -0.24888195636617363,
            "admission_source_id": -0.42361201332261655,
            "diag_3": -0.49700061125211,
            "time_in_hospital": -0.7132235226017158,
            "gender": -0.9597792540585003,
            "number_emergency": -1.9399174853162688,
            "insulin": -2.3359399180346245,
            "num_medications": -2.38204509128897,
            "payer_code": -5.449225379412868,
            "discharge_disposition_id": -6.721157462678469,
            "age": -8.638979358710284,
            "number_inpatient": -16.477454637068732,
            "number_diagnoses": -17.29661155236566,
            "metformin": -22.417243290773285
        }
    },
    "DecisionTree": {
        "SHAP": {
            "discharge_disposition_id": -33.062562648670294,
            "number_inpatient": -32.44788816476845,
            "number_diagnoses": -21.86846585949738,
            "diag_1": 8.666279939822461,
            "payer_code": -1.807819876980274,
            "num_medications": -1.3511549541952077,
            "medical_specialty": 0.6074041686816428,
            "admission_source_id": 0.18842438738428138,
            "gender": 0.0,
            "race": 0.0,
            "num_lab_procedures": 0.0,
            "time_in_hospital": 0.0,
            "admission_type_id": 0.0,
            "age": 0.0,
            "number_emergency": 0.0,
            "number_outpatient": 0.0,
            "diag_2": 0.0,
            "num_procedures": 0.0,
            "diag_3": 0.0,
            "metformin": 0.0,
            "repaglinide": 0.0,
            "nateglinide": 0.0,
            "chlorpropamide": 0.0,
            "glimepiride": 0.0,
            "acetohexamide": 0.0,
            "glipizide": 0.0,
            "glyburide": 0.0,
            "tolbutamide": 0.0,
            "pioglitazone": 0.0,
            "rosiglitazone": 0.0,
            "acarbose": 0.0,
            "miglitol": 0.0,
            "troglitazone": 0.0,
            "tolazamide": 0.0,
            "insulin": 0.0,
            "glyburide-metformin": 0.0,
            "glipizide-metformin": 0.0,
            "glimepiride-pioglitazone": 0.0,
            "metformin-rosiglitazone": 0.0,
            "metformin-pioglitazone": 0.0,
            "change": 0.0,
            "diabetesMed": 0.0
        },
        "Lime": {
            "race": 2.6618938864635995,
            "gender": 0.0,
            "age": 0.0,
            "admission_type_id": 0.0,
            "discharge_disposition_id": -19.902684011327988,
            "admission_source_id": 0.0,
            "time_in_hospital": 0.0,
            "payer_code": 0.0,
            "medical_specialty": 0.0,
            "num_lab_procedures": 0.0,
            "num_procedures": 0.0,
            "num_medications": 0.0,
            "number_outpatient": 0.0,
            "number_emergency": -2.819261582468433,
            "number_inpatient": -34.4414123870768,
            "diag_1": -3.3633531244739925,
            "diag_2": 0.0,
            "diag_3": 0.0,
            "number_diagnoses": -7.792536348644654,
            "metformin": 0.0,