{
    "LogisticRegression": {
        "SHAP": {
            "number_inpatient": 19.03716373041578,
            "number_diagnoses": -13.81087264835802,
            "metformin": -9.008422904865466,
            "num_procedures": -7.955864055134026,
            "discharge_disposition_id": -5.856982116946354,
            "insulin": 5.221427544497124,
            "diabetesMed": 5.186840370716779,
            "age": -4.698978931086141,
            "diag_1": 3.9541280501719402,
            "time_in_hospital": -3.3653800949169517,
            "rosiglitazone": -3.28975326369795,
            "change": 2.7481262719667123,
            "payer_code": 2.634921011281684,
            "admission_source_id": 2.0925440469103194,
            "number_emergency": -1.8997280196604835,
            "diag_2": 1.8839700852006143,
            "num_medications": -1.3955415307693126,
            "glimepiride": 1.1450227338445087,
            "gender": 1.142446036490852,
            "admission_type_id": -0.9731746519210762,
            "num_lab_procedures": -0.5750568182182387,
            "glyburide": 0.40401203819503223,
            "pioglitazone": 0.36972833710853015,
            "glipizide": -0.36067998514097827,
            "medical_specialty": -0.30588682946456835,
            "glyburide-metformin": 0.16141456949862154,
            "acarbose": 0.1547957821916786,
            "number_outpatient": 0.1114177161167055,
            "glipizide-metformin": -0.06457574491355536,
            "chlorpropamide": -0.04299710988145996,
            "race": 0.02328379766710498,
            "tolazamide": 0.02154762302474521,
            "tolbutamide": -0.018916830685230653,
            "troglitazone": -0.016904930696202906,
            "diag_3": -0.011564156382382281,
            "repaglinide": 0.011185180373480274,
            "miglitol": -0.011158282899130574,
            "metformin-rosiglitazone": -0.010977488002661745,
            "acetohexamide": -0.0062090694219063755,
            "nateglinide": 0.005682184874217845,
            "glimepiride-pioglitazone": -0.00557177640063408,
            "metformin-pioglitazone": -0.005145649990846491
        },
        "Lime": {
            "race": -22.24166541606574,
            "gender": 0.0,
            "age": 0.0,
            "admission_type_id": 0.0,
            "discharge_disposition_id": -8.780324118144492,
            "admission_source_id": 0.0,
            "time_in_hospital": 0.0,
            "payer_code": 0.0,
            "medical_specialty": 0.0,
            "num_lab_procedures": 0.0,
            "num_procedures": 0.0,
            "num_medications": 0.0,
            "number_outpatient": 0.0,
            "number_emergency": -11.22073234577575,
            "number_inpatient": 45.640559450962044,
            "diag_1": 0.0,
            "diag_2": 0.0,
            "diag_3": 0.0,
            "number_diagnoses": -12.11671866905197,
            "metformin": 0.0,
            "repaglinide": 0.0,
            "nateglinide": 0.0,
            "chlorpropamide": 0.0,
            "glimepiride": 0.0,
            "acetohexamide": 0.0,
            "glipizide": 0.0,
            "glyburide": 0.0,
            "tolbutamide": 0.0,
            "pioglitazone": 0.0,
            "rosiglitazone": 0.0,
            "acarbose": 0.0,
            "miglitol": 0.0,
            "troglitazone": 0.0,
            "tolazamide": 0.0,
            "insulin": 0.0,
            "glyburide-metformin": 0.0,
            "glipizide-metformin": 0.0,
            "glimepiride-pioglitazone": 0.0,
            "metformin-rosiglitazone": 0.0,
            "metformin-pioglitazone": 0.0,
            "change": 0.0,
            "diabetesMed": 0.0
        },
        "Inherent": {
            "number_inpatient": 18.261114473324863,
            "insulin": 5.804704932318808,
            "diabetesMed": 4.442084717526801,
            "diag_1": 4.122863982221434,
            "change": 3.0314572768906833,
            "payer_code": 2.5418347049089216,
            "diag_2": 2.087226206743797,
            "admission_source_id": 2.037598589818364,
            "gender": 1.1527308718571772,
            "glimepiride": 0.809818103024997,
            "pioglitazone": 0.4806217697372644,
            "glyburide": 0.4378065933453318,
            "number_outpatient": 0.1486176416229226,
            "glyburide-metformin": 0.07791997017066339,
            "tolazamide": 0.03182492699078072,
            "race": 0.030791846354223634,
            "nateglinide": 0.017349996310822693,
            "glipizide-metformin": -0.0,
            "glimepiride-pioglitazone": -0.0,
            "troglitazone": -0.0,
            "acarbose": -0.0,
            "miglitol": -0.0,
            "metformin-pioglitazone": -0.0,
            "acetohexamide": -0.0,
            "repaglinide": 0.0,
            "chlorpropamide": -0.0,
            "metformin-rosiglitazone": -0.0,
            "tolbutamide": -0.0,
            "diag_3": -0.05443430650024236,
            "medical_specialty": -0.33783269326378396,
            "glipizide": -0.4006281451315701,
            "num_lab_procedures": -0.6236984120366628,
            "admission_type_id": -1.0219014743187682,
            "num_medications": -1.1112175321247963,
            "number_emergency": -1.945157258003679,
            "time_in_hospital": -2.6744649180181956,
            "rosiglitazone": -3.591533683469603,
            "age": -4.507726683921975,
            "discharge_disposition_id": -6.7393115014802705,
            "num_procedures": -8.534671640141912,
            "metformin": -9.955345605021515,
            "number_diagnoses": -12.985709543399166
        }
    },
    "DecisionTree": {
        "SHAP": {
            "number_inpatient": 38.47527952766092,
            "discharge_disposition_id": -28.982464245693485,
            "number_diagnoses": -11.822728195480959,
            "num_medications": -6.011599188220082,
            "diag_1": 5.560531506332712,
            "admission_source_id": -4.427572918716275,
            "payer_code": -3.0342808089412197,
            "number_emergency": -1.1758039950221906,
            "medical_specialty": -0.5097396139321556,
            "gender": 0.0,
            "num_lab_procedures": 0.0,
            "time_in_hospital": 0.0,
            "admission_type_id": 0.0,
            "age": 0.0,
            "race": 0.0,
            "number_outpatient": 0.0,
            "diag_2": 0.0,
            "num_procedures": 0.0,
            "diag_3": 0.0,
            "metformin": 0.0,
            "repaglinide": 0.0,
            "nateglinide": 0.0,
            "chlorpropamide": 0.0,
            "glimepiride": 0.0,
            "acetohexamide": 0.0,
            "glipizide": 0.0,
            "glyburide": 0.0,
            "tolbutamide": 0.0,
            "pioglitazone": 0.0,
            "rosiglitazone": 0.0,
            "acarbose": 0.0,
            "miglitol": 0.0,
            "troglitazone": 0.0,
            "tolazamide": 0.0,
            "insulin": 0.0,
            "glyburide-metformin": 0.0,
            "glipizide-metformin": 0.0,
            "glimepiride-pioglitazone": 0.0,
            "metformin-rosiglitazone": 0.0,
            "metformin-pioglitazone": 0.0,
            "change": 0.0,
            "diabetesMed": 0.0
        },
        "Lime": {
            "race": 3.266421763165673,
            "gender": 0.0,
            "age": -3.4185905800349525,
            "admission_type_id": 0.0,
            "discharge_disposition_id": -19.630701275684263,
            "admission_source_id": 0.0,
            "time_in_hospital": 0.0,
            "payer_code": 0.0,
            "medical_specialty": 8.228480229322056,
            "num_lab_procedures": -4.012887609122501,
            "num_procedures": 0.0,
            "num_medications": 0.0,
            "number_outpatient": 0.0,
            "number_emergency": -4.404062603745244,
            "number_inpatient": 11.999880760029527,
            "diag_1": 5.976784903654349,
            "diag_2": 0.0,
            "diag_3": 0.0,