{
    "LogisticRegression": {
        "SHAP": {
            "number_inpatient": -17.66929988110128,
            "number_diagnoses": -12.759212192353909,
            "age": -11.24786443025131,
            "payer_code": -7.990561825212922,
            "discharge_disposition_id": -7.675155071724715,
            "insulin": 6.842306378883775,
            "diabetesMed": 6.796982367822042,
            "change": 3.601222416745589,
            "metformin": 3.5375792729847984,
            "diag_1": 3.354282788689942,
            "num_procedures": 3.2432454517765894,
            "diag_2": -2.538300422973372,
            "number_emergency": -2.4894573440488204,
            "time_in_hospital": -2.0095414407880625,
            "glimepiride": 1.5004701854013318,
            "gender": -1.0943247731101666,
            "admission_type_id": 1.0220292893947625,
            "num_medications": -0.7854919884535998,
            "num_lab_procedures": 0.52995087894936,
            "glyburide": 0.5294288051552272,
            "pioglitazone": 0.48450247329735396,
            "diag_3": -0.4842469310383648,
            "rosiglitazone": 0.47199055472506996,
            "admission_source_id": -0.27474208894507296,
            "glyburide-metformin": 0.21152221861034481,
            "acarbose": 0.20284877246466393,
            "number_outpatient": 0.1460049274282169,
            "medical_specialty": 0.09593777906482727,
            "glipizide": 0.09154855251844722,
            "glipizide-metformin": -0.08462188311103828,
            "chlorpropamide": -0.056344629262458604,
            "race": 0.030511747207940077,
            "tolazamide": 0.028236614836756595,
            "tolbutamide": -0.024789150124706727,
            "troglitazone": -0.022152699458430833,
            "repaglinide": 0.014657376812417402,
            "miglitol": -0.014622129601046484,
            "metformin-rosiglitazone": -0.01438521085366637,
            "acetohexamide": -0.008136540237394763,
            "nateglinide": 0.00744609581949147,
            "glimepiride-pioglitazone": -0.0073014134320319,
            "metformin-pioglitazone": -0.006743005328682211
        },
        "Lime": {
            "race": -32.63563418482336,
            "gender": 0.0,
            "age": 0.0,
            "admission_type_id": 0.0,
            "discharge_disposition_id": -9.885896487965875,
            "admission_source_id": 0.0,
            "time_in_hospital": 0.0,
            "payer_code": 0.0,
            "medical_specialty": 0.0,
            "num_lab_procedures": 0.0,
            "num_procedures": 0.0,
            "num_medications": 0.0,
            "number_outpatient": 0.0,
            "number_emergency": -28.021123987760603,
            "number_inpatient": 0.0,
            "diag_1": 0.0,
            "diag_2": 0.0,
            "diag_3": 0.0,
            "number_diagnoses": -29.457345339450164,
            "metformin": 0.0,
            "repaglinide": 0.0,
            "nateglinide": 0.0,
            "chlorpropamide": 0.0,
            "glimepiride": 0.0,
            "acetohexamide": 0.0,
            "glipizide": 0.0,
            "glyburide": 0.0,
            "tolbutamide": 0.0,
            "pioglitazone": 0.0,
            "rosiglitazone": 0.0,
            "acarbose": 0.0,
            "miglitol": 0.0,
            "troglitazone": 0.0,
            "tolazamide": 0.0,
            "insulin": 0.0,
            "glyburide-metformin": 0.0,
            "glipizide-metformin": 0.0,
            "glimepiride-pioglitazone": 0.0,
            "metformin-rosiglitazone": 0.0,
            "metformin-pioglitazone": 0.0,
            "change": 0.0,
            "diabetesMed": 0.0
        },
        "Inherent": {
            "insulin": 7.352934990617932,
            "diabetesMed": 5.626876909614825,
            "change": 3.8400071224479304,
            "diag_1": 3.3332667977103596,
            "num_procedures": 3.3210378240926777,
            "metformin": 3.2517986894493305,
            "admission_type_id": 1.0806983739258387,
            "glimepiride": 1.0258126701006445,
            "pioglitazone": 0.6088131385073048,
            "glyburide": 0.5545783044731207,
            "num_lab_procedures": 0.5369693861220025,
            "rosiglitazone": 0.3956058284365487,
            "number_outpatient": 0.18825691745812337,
            "glyburide-metformin": 0.09870277332200304,
            "medical_specialty": 0.08567720067288445,
            "glipizide": 0.0758308866346953,
            "tolazamide": 0.040313266905522754,
            "race": 0.03900464315130276,
            "nateglinide": 0.021977584812390868,
            "miglitol": -0.0,
            "troglitazone": -0.0,
            "tolbutamide": -0.0,
            "glimepiride-pioglitazone": -0.0,
            "glipizide-metformin": -0.0,
            "acarbose": -0.0,
            "chlorpropamide": -0.0,
            "metformin-pioglitazone": -0.0,
            "metformin-rosiglitazone": -0.0,
            "repaglinide": 0.0,
            "acetohexamide": -0.0,
            "num_medications": -0.3289796168054434,
            "admission_source_id": -0.5380471140098362,
            "diag_3": -0.5539436551727996,
            "time_in_hospital": -0.9058946533877584,
            "gender": -1.2190552710775033,
            "number_emergency": -2.463969319955805,
            "diag_2": -2.53286969293116,
            "discharge_disposition_id": -8.536819688457948,
            "payer_code": -8.611466000833108,
            "number_diagnoses": -10.929371509897589,
            "age": -10.972724487878557,
            "number_inpatient": -20.928695681137064
        }
    },
    "DecisionTree": {
        "SHAP": {
            "discharge_disposition_id": -33.062562648670294,
            "number_inpatient": -32.44788816476845,
            "number_diagnoses": -21.86846585949738,
            "diag_1": 8.666279939822461,
            "payer_code": -1.807819876980274,
            "num_medications": -1.3511549541952077,
            "medical_specialty": 0.6074041686816428,
            "admission_source_id": 0.18842438738428138,
            "gender": 0.0,
            "race": 0.0,
            "num_lab_procedures": 0.0,
            "time_in_hospital": 0.0,
            "admission_type_id": 0.0,
            "age": 0.0,
            "number_emergency": 0.0,
            "number_outpatient": 0.0,
            "diag_2": 0.0,
            "num_procedures": 0.0,
            "diag_3": 0.0,
            "metformin": 0.0,
            "repaglinide": 0.0,
            "nateglinide": 0.0,
            "chlorpropamide": 0.0,
            "glimepiride": 0.0,
            "acetohexamide": 0.0,
            "glipizide": 0.0,
            "glyburide": 0.0,
            "tolbutamide": 0.0,
            "pioglitazone": 0.0,
            "rosiglitazone": 0.0,
            "acarbose": 0.0,
            "miglitol": 0.0,
            "troglitazone": 0.0,
            "tolazamide": 0.0,
            "insulin": 0.0,
            "glyburide-metformin": 0.0,
            "glipizide-metformin": 0.0,
            "glimepiride-pioglitazone": 0.0,
            "metformin-rosiglitazone": 0.0,
            "metformin-pioglitazone": 0.0,
            "change": 0.0,
            "diabetesMed": 0.0
        },
        "Lime": {
            "race": 0.0,
            "gender": 0.0,
            "age": 0.0,
            "admission_type_id": 0.0,
            "discharge_disposition_id": -16.68252936123684,
            "admission_source_id": 0.0,
            "time_in_hospital": 0.0,
            "payer_code": -2.6813062222650705,
            "medical_specialty": 0.0,
            "num_lab_procedures": 0.0,
            "num_procedures": 0.0,
            "num_medications": -2.3290405127301668,
            "number_outpatient": -2.704482018428477,
            "number_emergency": -4.941068025542023,
            "number_inpatient": -32.68334347236167,
            "diag_1": 0.0,
            "diag_2": 4.539289497727291,
            "diag_3": -3.492219573041629,
            "number_diagnoses": -6.908474441075615,