{
    "LogisticRegression": {
        "SHAP": {
            "discharge_disposition_id": 14.17603083827125,
            "time_in_hospital": 12.611541617781738,
            "number_inpatient": -11.371915532883852,
            "number_emergency": 10.196426610551438,
            "num_procedures": -8.469327555037756,
            "num_medications": 6.208886598915488,
            "age": 5.865034632251123,
            "number_diagnoses": 5.532731460671484,
            "insulin": 4.4036906223999726,
            "diabetesMed": 4.374520206544571,
            "admission_source_id": -3.4129072122214903,
            "change": 2.317737398421822,
            "admission_type_id": -2.2993035243765148,
            "metformin": 2.276776836318906,
            "payer_code": -1.4602217173140444,
            "glimepiride": 0.965698716011096,
            "gender": 0.9635255597475335,
            "num_lab_procedures": -0.7210164964592923,
            "diag_2": -0.38984778413371207,
            "glyburide": 0.3407390045680529,
            "diag_3": 0.3140312389412865,
            "pioglitazone": 0.3118245340158558,
            "rosiglitazone": 0.3037718957044466,
            "glyburide-metformin": 0.13613515077288452,
            "acarbose": 0.1305529433503258,
            "number_outpatient": 0.09396839225499828,
            "medical_specialty": 0.06174530554572768,
            "glipizide": 0.05892041073518047,
            "glipizide-metformin": -0.05446242428663333,
            "chlorpropamide": -0.036263257119183545,
            "diag_1": 0.025252182323207275,
            "race": 0.019637281292651482,
            "tolazamide": 0.018173012004941837,
            "tolbutamide": -0.01595423266609769,
            "troglitazone": -0.014257419861671162,
            "repaglinide": 0.009433449665017071,
            "miglitol": -0.009410764651282684,
            "metformin-rosiglitazone": -0.00925828436052453,
            "acetohexamide": -0.005236656173826675,
            "nateglinide": 0.004792287938900436,
            "glimepiride-pioglitazone": -0.0046991707299358625,
            "metformin-pioglitazone": -0.004339780724281901
        },
        "Lime": {
            "race": 0.0,
            "gender": 0.0,
            "age": 0.0,
            "admission_type_id": 0.0,
            "discharge_disposition_id": 30.376256634406918,
            "admission_source_id": 0.0,
            "time_in_hospital": 12.747701813537592,
            "payer_code": 0.0,
            "medical_specialty": 0.0,
            "num_lab_procedures": 0.0,
            "num_procedures": -6.821365081964766,
            "num_medications": 11.300964898301345,
            "number_outpatient": 7.478525403376351,
            "number_emergency": 25.58872031316587,
            "number_inpatient": 0.0,
            "diag_1": 0.0,
            "diag_2": 0.0,
            "diag_3": 0.0,
            "number_diagnoses": -5.686465855247145,
            "metformin": 0.0,
            "repaglinide": 0.0,
            "nateglinide": 0.0,
            "chlorpropamide": 0.0,
            "glimepiride": 0.0,
            "acetohexamide": 0.0,
            "glipizide": 0.0,
            "glyburide": 0.0,
            "tolbutamide": 0.0,
            "pioglitazone": 0.0,
            "rosiglitazone": 0.0,
            "acarbose": 0.0,
            "miglitol": 0.0,
            "troglitazone": 0.0,
            "tolazamide": 0.0,
            "insulin": 0.0,
            "glyburide-metformin": 0.0,
            "glipizide-metformin": 0.0,
            "glimepiride-pioglitazone": 0.0,
            "metformin-rosiglitazone": 0.0,
            "metformin-pioglitazone": 0.0,
            "change": 0.0,
            "diabetesMed": 0.0
        },
        "Inherent": {
            "discharge_disposition_id": 13.407703997757464,
            "time_in_hospital": 12.960240992052444,
            "number_emergency": 9.971881283461748,
            "number_diagnoses": 6.74290857390218,
            "num_medications": 6.323869042192603,
            "age": 6.094570385228374,
            "insulin": 4.446585316902068,
            "diabetesMed": 3.4027756641713323,
            "change": 2.322190976700227,
            "metformin": 1.9664800959720754,
            "gender": 0.8830278591081234,
            "glimepiride": 0.6203459656017304,
            "pioglitazone": 0.368171290223272,
            "glyburide": 0.3353735275626835,
            "diag_3": 0.27284597019052453,
            "rosiglitazone": 0.23923713051337664,
            "number_outpatient": 0.11384575629223496,
            "glyburide-metformin": 0.059689131367425305,
            "medical_specialty": 0.051812097208995406,
            "glipizide": 0.04585767554150026,
            "tolazamide": 0.024378888284362087,
            "race": 0.023587516243362323,
            "nateglinide": 0.013290639187268867,
            "troglitazone": -0.0,
            "acarbose": -0.0,
            "miglitol": -0.0,
            "glimepiride-pioglitazone": -0.0,
            "glipizide-metformin": -0.0,
            "metformin-pioglitazone": -0.0,
            "metformin-rosiglitazone": -0.0,
            "acetohexamide": -0.0,
            "chlorpropamide": -0.0,
            "repaglinide": 0.0,
            "tolbutamide": -0.0,
            "diag_1": -0.056922578627168145,
            "diag_2": -0.3234166913031597,
            "num_lab_procedures": -0.7070573955554545,
            "payer_code": -1.6302698379437763,
            "admission_type_id": -2.2191542397063486,
            "admission_source_id": -3.4691110097436537,
            "num_procedures": -8.247060419180915,
            "number_inpatient": -12.65633805227415
        }
    },
    "DecisionTree": {
        "SHAP": {
            "number_inpatient": -48.83878025517945,
            "discharge_disposition_id": -36.73050298332618,
            "diag_1": -4.333218776316832,
            "payer_code": -3.4470074383119025,
            "number_diagnoses": 3.1760356480925465,
            "num_medications": 1.9570321802207948,
            "medical_specialty": 1.1581500536461498,
            "admission_source_id": 0.3592726649061334,
            "gender": 0.0,
            "race": 0.0,
            "num_lab_procedures": 0.0,
            "time_in_hospital": 0.0,
            "admission_type_id": 0.0,
            "age": 0.0,
            "number_emergency": 0.0,
            "number_outpatient": 0.0,
            "diag_2": 0.0,
            "num_procedures": 0.0,
            "diag_3": 0.0,
            "metformin": 0.0,
            "repaglinide": 0.0,
            "nateglinide": 0.0,
            "chlorpropamide": 0.0,
            "glimepiride": 0.0,
            "acetohexamide": 0.0,
            "glipizide": 0.0,
            "glyburide": 0.0,
            "tolbutamide": 0.0,
            "pioglitazone": 0.0,
            "rosiglitazone": 0.0,
            "acarbose": 0.0,
            "miglitol": 0.0,
            "troglitazone": 0.0,
            "tolazamide": 0.0,
            "insulin": 0.0,
            "glyburide-metformin": 0.0,
            "glipizide-metformin": 0.0,
            "glimepiride-pioglitazone": 0.0,
            "metformin-rosiglitazone": 0.0,
            "metformin-pioglitazone": 0.0,
            "change": 0.0,
            "diabetesMed": 0.0
        },
        "Lime": {
            "race": 0.0,
            "gender": 0.0,
            "age": 0.0,
            "admission_type_id": 0.0,
            "discharge_disposition_id": 0.0,
            "admission_source_id": 3.843069860732152,
            "time_in_hospital": 0.0,
            "payer_code": 0.0,
            "medical_specialty": -3.4188105997736287,
            "num_lab_procedures": 0.0,
            "num_procedures": 0.0,
            "num_medications": 0.0,
            "number_outpatient": 0.0,
            "number_emergency": 5.460246450490976,
            "number_inpatient": -40.28888876997421,
            "diag_1": 7.963511377665652,
            "diag_2": -16.018860333689062,
            "diag_3": 0.0,
            "number_diagnoses": 3.992071482666039,