{
    "LogisticRegression": {
        "SHAP": {
            "number_inpatient": 29.193049391113846,
            "number_diagnoses": 10.059798088756123,
            "discharge_disposition_id": -8.981546339789299,
            "diabetesMed": 7.953899502594187,
            "time_in_hospital": -5.160732382304108,
            "age": 4.707410150623155,
            "num_medications": -4.581709987665074,
            "metformin": 4.139712080612239,
            "insulin": -3.6736671602837236,
            "change": -3.4109317429417647,
            "number_emergency": -2.9131888916322377,
            "payer_code": -2.655024149538825,
            "num_lab_procedures": -1.901044032656451,
            "diag_1": 1.786869526916267,
            "glimepiride": 1.7558658262556683,
            "gender": -1.2805902380627363,
            "admission_type_id": 1.1959893106444095,
            "diag_2": -0.7528897430285824,
            "glyburide": 0.619543097524988,
            "num_procedures": 0.5961970339251643,
            "pioglitazone": 0.5669698364393894,
            "rosiglitazone": 0.5523282591153515,
            "admission_source_id": -0.32150605170719754,
            "glyburide-metformin": 0.2475255015162766,
            "acarbose": 0.23737574457259125,
            "number_outpatient": 0.17085648554061397,
            "glipizide": 0.10713106889712617,
            "glipizide-metformin": -0.09902540827116255,
            "chlorpropamide": -0.06593507153794885,
            "diag_3": 0.06580059129588584,
            "medical_specialty": 0.0364407242429077,
            "race": 0.03570516411656935,
            "tolazamide": 0.03304278053865066,
            "tolbutamide": -0.02900852145506106,
            "troglitazone": -0.025923319448008426,
            "repaglinide": 0.017152214884291236,
            "miglitol": -0.017110968230729474,
            "metformin-rosiglitazone": -0.016833723446946728,
            "acetohexamide": -0.009521464062262843,
            "nateglinide": 0.008713498819020695,
            "glimepiride-pioglitazone": -0.008544189983514984,
            "metformin-pioglitazone": -0.007890735009657097
        },
        "Lime": {
            "race": -19.04205731528361,
            "gender": 0.0,
            "age": 0.0,
            "admission_type_id": 0.0,
            "discharge_disposition_id": -8.583906606869329,
            "admission_source_id": 0.0,
            "time_in_hospital": 0.0,
            "payer_code": 0.0,
            "medical_specialty": 0.0,
            "num_lab_procedures": 0.0,
            "num_procedures": 0.0,
            "num_medications": 0.0,
            "number_outpatient": 0.0,
            "number_emergency": -18.941325288982515,
            "number_inpatient": 53.43271078886453,
            "diag_1": 0.0,
            "diag_2": 0.0,
            "diag_3": 0.0,
            "number_diagnoses": 0.0,
            "metformin": 0.0,
            "repaglinide": 0.0,
            "nateglinide": 0.0,
            "chlorpropamide": 0.0,
            "glimepiride": 0.0,
            "acetohexamide": 0.0,
            "glipizide": 0.0,
            "glyburide": 0.0,
            "tolbutamide": 0.0,
            "pioglitazone": 0.0,
            "rosiglitazone": 0.0,
            "acarbose": 0.0,
            "miglitol": 0.0,
            "troglitazone": 0.0,
            "tolazamide": 0.0,
            "insulin": 0.0,
            "glyburide-metformin": 0.0,
            "glipizide-metformin": 0.0,
            "glimepiride-pioglitazone": 0.0,
            "metformin-rosiglitazone": 0.0,
            "metformin-pioglitazone": 0.0,
            "change": 0.0,
            "diabetesMed": 0.0
        },
        "Inherent": {
            "number_inpatient": 27.341759823614424,
            "number_diagnoses": 13.17953158028254,
            "diabetesMed": 6.650985822370363,
            "age": 5.691780149120638,
            "metformin": 3.8436360574680672,
            "diag_1": 1.7068360000981633,
            "admission_type_id": 1.2773888035399514,
            "glimepiride": 1.2125137327225282,
            "pioglitazone": 0.7196190031749011,
            "glyburide": 0.6555132624533292,
            "num_procedures": 0.5846454998674404,
            "rosiglitazone": 0.467607306582912,
            "number_outpatient": 0.22252025574571094,
            "glyburide-metformin": 0.11666698179793936,
            "glipizide": 0.08963234135144016,
            "tolazamide": 0.04765040553560252,
            "race": 0.0461036082311756,
            "nateglinide": 0.02597757287837309,
            "medical_specialty": 0.022084230604550004,
            "diag_3": 0.005732604269368041,
            "troglitazone": -0.0,
            "miglitol": -0.0,
            "repaglinide": 0.0,
            "chlorpropamide": -0.0,
            "glimepiride-pioglitazone": -0.0,
            "acetohexamide": -0.0,
            "metformin-pioglitazone": -0.0,
            "metformin-rosiglitazone": -0.0,
            "glipizide-metformin": -0.0,
            "acarbose": -0.0,
            "tolbutamide": -0.0,
            "admission_source_id": -0.6359733444554188,
            "diag_2": -0.678150184846124,
            "gender": -1.4409270817294892,
            "num_lab_procedures": -1.9982109426200318,
            "number_emergency": -2.9124193183929803,
            "payer_code": -3.1864873411931574,
            "change": -3.4240826336671493,
            "insulin": -3.5069721240128984,
            "time_in_hospital": -4.004387440424501,
            "num_medications": -4.2136574054168925,
            "discharge_disposition_id": -10.090547141531946
        }
    },
    "DecisionTree": {
        "SHAP": {
            "discharge_disposition_id": -29.201260011025205,
            "number_inpatient": 26.001880775819526,
            "num_medications": -22.370281207423442,
            "diag_1": 8.428474385339868,
            "number_diagnoses": 6.040273691717974,
            "payer_code": -3.8320751668498554,
            "admission_source_id": 1.9970362241452502,
            "number_emergency": -1.4849546149881985,
            "medical_specialty": -0.6437639226906792,
            "gender": 0.0,
            "num_lab_procedures": 0.0,
            "time_in_hospital": 0.0,
            "admission_type_id": 0.0,
            "age": 0.0,
            "race": 0.0,
            "number_outpatient": 0.0,
            "diag_2": 0.0,
            "num_procedures": 0.0,
            "diag_3": 0.0,
            "metformin": 0.0,
            "repaglinide": 0.0,
            "nateglinide": 0.0,
            "chlorpropamide": 0.0,
            "glimepiride": 0.0,
            "acetohexamide": 0.0,
            "glipizide": 0.0,
            "glyburide": 0.0,
            "tolbutamide": 0.0,
            "pioglitazone": 0.0,
            "rosiglitazone": 0.0,
            "acarbose": 0.0,
            "miglitol": 0.0,
            "troglitazone": 0.0,
            "tolazamide": 0.0,
            "insulin": 0.0,
            "glyburide-metformin": 0.0,
            "glipizide-metformin": 0.0,
            "glimepiride-pioglitazone": 0.0,
            "metformin-rosiglitazone": 0.0,
            "metformin-pioglitazone": 0.0,
            "change": 0.0,
            "diabetesMed": 0.0
        },
        "Lime": {
            "race": 0.0,
            "gender": 0.0,
            "age": 3.35455279021502,
            "admission_type_id": 0.0,
            "discharge_disposition_id": -13.987312817298935,
            "admission_source_id": 0.0,
            "time_in_hospital": 0.0,
            "payer_code": -3.094414769458166,
            "medical_specialty": 0.0,
            "num_lab_procedures": 3.0855566801965093,
            "num_procedures": 0.0,
            "num_medications": 0.0,
            "number_outpatient": 0.0,
            "number_emergency": -3.040572370714414,
            "number_inpatient": 6.84649601242069,
            "diag_1": -10.177355622735684,
            "diag_2": 11.716090938179581,
            "diag_3": 0.0,
            "number_diagnoses": 0.0,