{
    "LogisticRegression": {
        "SHAP": {
            "time_in_hospital": 16.92856783399636,
            "number_inpatient": -15.264608351247865,
            "num_medications": 8.334235508142367,
            "number_diagnoses": 7.426627344844554,
            "discharge_disposition_id": 6.19899179000323,
            "insulin": 5.911107276220841,
            "diabetesMed": 5.8719516060799455,
            "age": -5.319650289818747,
            "num_procedures": -4.283292194712048,
            "payer_code": 3.6891047529507905,
            "diag_1": 3.1771876001547183,
            "change": 3.111116464560764,
            "metformin": 3.0561347918126707,
            "diag_2": -2.279582334915084,
            "number_emergency": -2.1506563146108357,
            "glimepiride": 1.2962647007521415,
            "gender": -0.9453933762515174,
            "admission_type_id": 0.8829368979583389,
            "number_outpatient": -0.799189631720481,
            "diag_3": 0.6711382772717962,
            "glyburide": 0.4573765466059858,
            "pioglitazone": 0.4185644337841233,
            "rosiglitazone": 0.40775531638763285,
            "admission_source_id": -0.23735124841227462,
            "glyburide-metformin": 0.18273524397689395,
            "acarbose": 0.17524220467367474,
            "race": -0.08900988475187772,
            "medical_specialty": 0.08288119129606733,
            "glipizide": 0.079089313595975,
            "glipizide-metformin": -0.07310532462107752,
            "chlorpropamide": -0.048676444690805946,
            "tolazamide": 0.024393771657536648,
            "num_lab_procedures": 0.02221123004404511,
            "tolbutamide": -0.0214154873458603,
            "troglitazone": -0.019137842666733393,
            "repaglinide": 0.012662590934772703,
            "miglitol": -0.012632140669019607,
            "metformin-rosiglitazone": -0.012427465219841576,
            "acetohexamide": -0.007029203244823715,
            "nateglinide": 0.006432724397414952,
            "glimepiride-pioglitazone": -0.006307732462547401,
            "metformin-pioglitazone": -0.005825320535920183
        },
        "Lime": {
            "race": 0.0,
            "gender": 0.0,
            "age": 0.0,
            "admission_type_id": 0.0,
            "discharge_disposition_id": 29.40440617541506,
            "admission_source_id": 0.0,
            "time_in_hospital": 14.755337503018106,
            "payer_code": 0.0,
            "medical_specialty": 0.0,
            "num_lab_procedures": 0.0,
            "num_procedures": -9.066637129109221,
            "num_medications": 15.64620506510771,
            "number_outpatient": 0.0,
            "number_emergency": -20.267005623170032,
            "number_inpatient": -10.860408504179867,
            "diag_1": 0.0,
            "diag_2": 0.0,
            "diag_3": 0.0,
            "number_diagnoses": 0.0,
            "metformin": 0.0,
            "repaglinide": 0.0,
            "nateglinide": 0.0,
            "chlorpropamide": 0.0,
            "glimepiride": 0.0,
            "acetohexamide": 0.0,
            "glipizide": 0.0,
            "glyburide": 0.0,
            "tolbutamide": 0.0,
            "pioglitazone": 0.0,
            "rosiglitazone": 0.0,
            "acarbose": 0.0,
            "miglitol": 0.0,
            "troglitazone": 0.0,
            "tolazamide": 0.0,
            "insulin": 0.0,
            "glyburide-metformin": 0.0,
            "glipizide-metformin": 0.0,
            "glimepiride-pioglitazone": 0.0,
            "metformin-rosiglitazone": 0.0,
            "metformin-pioglitazone": 0.0,
            "change": 0.0,
            "diabetesMed": 0.0
        },
        "Inherent": {
            "time_in_hospital": 17.554155564004972,
            "number_diagnoses": 9.13301428057757,
            "num_medications": 8.565441105695365,
            "insulin": 6.0227314005492065,
            "discharge_disposition_id": 5.5838925917628925,
            "diabetesMed": 4.608930759459152,
            "payer_code": 3.329513287929446,
            "change": 3.145319726641043,
            "diag_1": 3.004140716942974,
            "metformin": 2.663522810986442,
            "admission_type_id": 0.8851915649289086,
            "glimepiride": 0.8402351152539114,
            "diag_3": 0.6142437537354005,
            "pioglitazone": 0.4986740683867668,
            "glyburide": 0.45425074105447877,
            "rosiglitazone": 0.3240376323475221,
            "glyburide-metformin": 0.0808466677546078,
            "medical_specialty": 0.07017752332397159,
            "glipizide": 0.06211248469475251,
            "tolazamide": 0.03302028084845189,
            "nateglinide": 0.018001667405833546,
            "num_lab_procedures": 0.012810507206644431,
            "troglitazone": -0.0,
            "miglitol": -0.0,
            "acarbose": -0.0,
            "tolbutamide": -0.0,
            "metformin-pioglitazone": -0.0,
            "glipizide-metformin": -0.0,
            "metformin-rosiglitazone": -0.0,
            "chlorpropamide": -0.0,
            "glimepiride-pioglitazone": -0.0,
            "acetohexamide": -0.0,
            "repaglinide": 0.0,
            "race": -0.0811432747909531,
            "admission_source_id": -0.44071017255785505,
            "number_outpatient": -0.7528576765297702,
            "gender": -0.998518614606504,
            "number_emergency": -2.0182179513653744,
            "diag_2": -2.1596717870477242,
            "num_procedures": -4.225047471519904,
            "age": -4.67703825791284,
            "number_inpatient": -17.142530542178754
        }
    },
    "DecisionTree": {
        "SHAP": {
            "number_inpatient": -55.59641551645376,
            "payer_code": 13.05871134957168,
            "discharge_disposition_id": 10.414543174320464,
            "diag_1": 10.000646055460688,
            "number_diagnoses": 5.9936737887506535,
            "num_medications": 2.7802722784595577,
            "medical_specialty": 1.6453344615342802,
            "admission_source_id": 0.5104033754488996,
            "gender": 0.0,
            "race": 0.0,
            "num_lab_procedures": 0.0,
            "time_in_hospital": 0.0,
            "admission_type_id": 0.0,
            "age": 0.0,
            "number_emergency": 0.0,
            "number_outpatient": 0.0,
            "diag_2": 0.0,
            "num_procedures": 0.0,
            "diag_3": 0.0,
            "metformin": 0.0,
            "repaglinide": 0.0,
            "nateglinide": 0.0,
            "chlorpropamide": 0.0,
            "glimepiride": 0.0,
            "acetohexamide": 0.0,
            "glipizide": 0.0,
            "glyburide": 0.0,
            "tolbutamide": 0.0,
            "pioglitazone": 0.0,
            "rosiglitazone": 0.0,
            "acarbose": 0.0,
            "miglitol": 0.0,
            "troglitazone": 0.0,
            "tolazamide": 0.0,
            "insulin": 0.0,
            "glyburide-metformin": 0.0,
            "glipizide-metformin": 0.0,
            "glimepiride-pioglitazone": 0.0,
            "metformin-rosiglitazone": 0.0,
            "metformin-pioglitazone": 0.0,
            "change": 0.0,
            "diabetesMed": 0.0
        },
        "Lime": {
            "race": 0.0,
            "gender": 0.0,
            "age": 2.6967728742197807,
            "admission_type_id": 0.0,
            "discharge_disposition_id": 0.0,
            "admission_source_id": 0.0,
            "time_in_hospital": 0.0,
            "payer_code": 2.339288310873562,
            "medical_specialty": 0.0,
            "num_lab_procedures": 0.0,
            "num_procedures": 0.0,
            "num_medications": 0.0,
            "number_outpatient": 0.0,
            "number_emergency": 0.0,
            "number_inpatient": -34.78689694441834,
            "diag_1": -4.961020306495309,
            "diag_2": 7.548965082663268,
            "diag_3": 0.0,
            "number_diagnoses": 3.9241266549806983,
            "metformin": 0.0,