{
    "LogisticRegression": {
        "SHAP": {
            "diabetesMed": -20.86196851151229,
            "number_inpatient": -15.72679558648743,
            "number_diagnoses": -11.356506672253126,
            "time_in_hospital": -8.198537824468882,
            "discharge_disposition_id": -6.831373949157491,
            "age": -5.480720551388325,
            "num_medications": -5.341997628118818,
            "payer_code": 3.8008047774152947,
            "metformin": 3.1486695268969065,
            "num_procedures": 2.886693790932277,
            "diag_1": -2.728567700767552,
            "change": -2.59435840662081,
            "number_emergency": -2.215774650641988,
            "insulin": 1.6479453153761103,
            "glimepiride": 1.3355134639298942,
            "gender": 1.3325080965196534,
            "admission_type_id": 0.9096707750659688,
            "diag_3": -0.4975719713009392,
            "glyburide": 0.4712251561919604,
            "pioglitazone": 0.43123787642796835,
            "rosiglitazone": 0.4201014767344214,
            "diag_2": 0.39910051849058525,
            "admission_source_id": -0.2445378538436128,
            "glyburide-metformin": 0.18826816662063825,
            "acarbose": 0.18054825041108732,
            "race": -0.15113612990111988,
            "num_lab_procedures": -0.14031846330043204,
            "number_outpatient": 0.12995362938740185,
            "glipizide": 0.08148400793380453,
            "glipizide-metformin": -0.07531883361458828,
            "chlorpropamide": -0.05015028737810266,
            "tolazamide": 0.0251323749429947,
            "tolbutamide": -0.02206391308073229,
            "troglitazone": -0.019717305066753905,
            "repaglinide": 0.013045993362168341,
            "miglitol": -0.013014621112449665,
            "metformin-rosiglitazone": -0.01280374842729936,
            "medical_specialty": 0.008492240359564229,
            "acetohexamide": -0.007242035958176393,
            "nateglinide": 0.006627496712294309,
            "glimepiride-pioglitazone": -0.006498720227212671,
            "metformin-pioglitazone": -0.006001701660868017
        },
        "Lime": {
            "race": -26.292328343635653,
            "gender": 0.0,
            "age": 0.0,
            "admission_type_id": 0.0,
            "discharge_disposition_id": -17.747545021533515,
            "admission_source_id": 0.0,
            "time_in_hospital": -7.106296880550166,
            "payer_code": 0.0,
            "medical_specialty": 0.0,
            "num_lab_procedures": 0.0,
            "num_procedures": 0.0,
            "num_medications": -10.34930454975301,
            "number_outpatient": 0.0,
            "number_emergency": -19.809435687600367,
            "number_inpatient": 0.0,
            "diag_1": 0.0,
            "diag_2": 0.0,
            "diag_3": 0.0,
            "number_diagnoses": -18.695089516927283,
            "metformin": 0.0,
            "repaglinide": 0.0,
            "nateglinide": 0.0,
            "chlorpropamide": 0.0,
            "glimepiride": 0.0,
            "acetohexamide": 0.0,
            "glipizide": 0.0,
            "glyburide": 0.0,
            "tolbutamide": 0.0,
            "pioglitazone": 0.0,
            "rosiglitazone": 0.0,
            "acarbose": 0.0,
            "miglitol": 0.0,
            "troglitazone": 0.0,
            "tolazamide": 0.0,
            "insulin": 0.0,
            "glyburide-metformin": 0.0,
            "glipizide-metformin": 0.0,
            "glimepiride-pioglitazone": 0.0,
            "metformin-rosiglitazone": 0.0,
            "metformin-pioglitazone": 0.0,
            "change": 0.0,
            "diabetesMed": 0.0
        },
        "Inherent": {
            "payer_code": 3.5368743824586235,
            "num_procedures": 2.889651532761264,
            "metformin": 2.829406217246415,
            "insulin": 1.9081233398200763,
            "gender": 1.2705160452322195,
            "admission_type_id": 0.9403210315801146,
            "glimepiride": 0.8925647076278322,
            "pioglitazone": 0.5297313406339977,
            "diag_2": 0.4829486663101517,
            "glyburide": 0.4825413417249221,
            "rosiglitazone": 0.34421859944437094,
            "number_outpatient": 0.1638032804502609,
            "glyburide-metformin": 0.08588177410946417,
            "glipizide": 0.06598083171619969,
            "tolazamide": 0.0350767740912387,
            "nateglinide": 0.019122805882786503,
            "tolbutamide": -0.0,
            "metformin-pioglitazone": -0.0,
            "troglitazone": -0.0,
            "miglitol": -0.0,
            "glipizide-metformin": -0.0,
            "glimepiride-pioglitazone": -0.0,
            "metformin-rosiglitazone": -0.0,
            "repaglinide": 0.0,
            "acetohexamide": -0.0,
            "chlorpropamide": -0.0,
            "acarbose": -0.0,
            "medical_specialty": -0.0031736401118546693,
            "race": -0.14626434764152577,
            "num_lab_procedures": -0.1513412554941687,
            "admission_source_id": -0.46815747066086716,
            "diag_3": -0.5492633394782674,
            "number_emergency": -2.1439119634333705,
            "change": -2.5205614025915875,
            "diag_1": -2.8749797492758344,
            "age": -4.968322805666894,
            "num_medications": -4.978817313399874,
            "time_in_hospital": -7.266772305239188,
            "discharge_disposition_id": -7.427929281232613,
            "number_diagnoses": -9.509700523908132,
            "number_inpatient": -18.210162231504924,
            "diabetesMed": -22.303879699270958
        }
    },
    "DecisionTree": {
        "SHAP": {
            "discharge_disposition_id": -34.32805063027192,
            "number_inpatient": -27.63106148858705,
            "number_diagnoses": -19.195477592492377,
            "diag_1": -13.992282953418556,
            "payer_code": 3.5107655532501356,
            "num_medications": -0.9839727925099504,
            "medical_specialty": -0.2211697385944355,
            "admission_source_id": 0.13721925087557485,
            "gender": 0.0,
            "race": 0.0,
            "num_lab_procedures": 0.0,
            "time_in_hospital": 0.0,
            "admission_type_id": 0.0,
            "age": 0.0,
            "number_emergency": 0.0,
            "number_outpatient": 0.0,
            "diag_2": 0.0,
            "num_procedures": 0.0,
            "diag_3": 0.0,
            "metformin": 0.0,
            "repaglinide": 0.0,
            "nateglinide": 0.0,
            "chlorpropamide": 0.0,
            "glimepiride": 0.0,
            "acetohexamide": 0.0,
            "glipizide": 0.0,
            "glyburide": 0.0,
            "tolbutamide": 0.0,
            "pioglitazone": 0.0,
            "rosiglitazone": 0.0,
            "acarbose": 0.0,
            "miglitol": 0.0,
            "troglitazone": 0.0,
            "tolazamide": 0.0,
            "insulin": 0.0,
            "glyburide-metformin": 0.0,
            "glipizide-metformin": 0.0,
            "glimepiride-pioglitazone": 0.0,
            "metformin-rosiglitazone": 0.0,
            "metformin-pioglitazone": 0.0,
            "change": 0.0,
            "diabetesMed": 0.0
        },
        "Lime": {
            "race": 0.0,
            "gender": 0.0,
            "age": 0.0,
            "admission_type_id": 0.0,
            "discharge_disposition_id": -19.390944768504117,
            "admission_source_id": 0.0,
            "time_in_hospital": 0.0,
            "payer_code": 4.306663014612534,
            "medical_specialty": 0.0,
            "num_lab_procedures": 0.0,
            "num_procedures": 0.0,
            "num_medications": 0.0,
            "number_outpatient": 0.0,
            "number_emergency": -2.795351287286316,
            "number_inpatient": -36.6361429231016,
            "diag_1": -6.689906020857316,
            "diag_2": -2.1930854347299387,
            "diag_3": 0.0,