{
    "LogisticRegression": {
        "SHAP": {
            "number_inpatient": -18.043062226208995,
            "number_diagnoses": -13.029110439756561,
            "num_medications": 9.318560761463043,
            "age": 9.305660468772551,
            "discharge_disposition_id": 7.3273281589070995,
            "diabetesMed": 6.940760337891483,
            "glyburide": -5.903444167614396,
            "payer_code": 4.360593150170999,
            "metformin": 3.612410417057997,
            "change": -2.9764595025300205,
            "time_in_hospital": 2.8506045800168023,
            "admission_source_id": 2.8001337400092385,
            "number_emergency": -2.5421173487586004,
            "insulin": 1.8906572357479106,
            "glimepiride": 1.53220994074159,
            "diag_1": 1.443673307846249,
            "admission_type_id": -1.3022517646830394,
            "gender": -1.117473250766862,
            "num_lab_procedures": 0.5411610392070318,
            "num_procedures": 0.5202555960490429,
            "pioglitazone": 0.49475125405543,
            "rosiglitazone": 0.48197466828869906,
            "medical_specialty": -0.3431537298811926,
            "diag_2": 0.22721789654890248,
            "glyburide-metformin": 0.21599659173221075,
            "acarbose": 0.2071396743911011,
            "number_outpatient": 0.14909339977517277,
            "diag_3": 0.10254382057287008,
            "glipizide": 0.09348509793398514,
            "glipizide-metformin": -0.08641190725980728,
            "chlorpropamide": -0.05753649882769736,
            "race": 0.031157168490419475,
            "tolazamide": 0.02883390977488697,
            "tolbutamide": -0.025313520130659677,
            "troglitazone": -0.022621300079607987,
            "repaglinide": 0.014967427327570868,
            "miglitol": -0.014931434524667228,
            "metformin-rosiglitazone": -0.014689504186153526,
            "acetohexamide": -0.00830865415139566,
            "nateglinide": 0.00760360462029951,
            "glimepiride-pioglitazone": -0.007455861736453746,
            "metformin-pioglitazone": -0.0068856415113086504
        },
        "Lime": {
            "race": -15.530304847260165,
            "gender": 0.0,
            "age": 0.0,
            "admission_type_id": 0.0,
            "discharge_disposition_id": 20.242915766562746,
            "admission_source_id": 0.0,
            "time_in_hospital": 14.37460062948758,
            "payer_code": 0.0,
            "medical_specialty": 0.0,
            "num_lab_procedures": 0.0,
            "num_procedures": 0.0,
            "num_medications": 8.312557630960882,
            "number_outpatient": 0.0,
            "number_emergency": -25.892738140679366,
            "number_inpatient": 0.0,
            "diag_1": 0.0,
            "diag_2": 0.0,
            "diag_3": 0.0,
            "number_diagnoses": -15.646882985049265,
            "metformin": 0.0,
            "repaglinide": 0.0,
            "nateglinide": 0.0,
            "chlorpropamide": 0.0,
            "glimepiride": 0.0,
            "acetohexamide": 0.0,
            "glipizide": 0.0,
            "glyburide": 0.0,
            "tolbutamide": 0.0,
            "pioglitazone": 0.0,
            "rosiglitazone": 0.0,
            "acarbose": 0.0,
            "miglitol": 0.0,
            "troglitazone": 0.0,
            "tolazamide": 0.0,
            "insulin": 0.0,
            "glyburide-metformin": 0.0,
            "glipizide-metformin": 0.0,
            "glimepiride-pioglitazone": 0.0,
            "metformin-rosiglitazone": 0.0,
            "metformin-pioglitazone": 0.0,
            "change": 0.0,
            "diabetesMed": 0.0
        },
        "Inherent": {
            "age": 10.090493059261703,
            "num_medications": 9.930156176814567,
            "discharge_disposition_id": 6.825578744579033,
            "diabetesMed": 5.633815355511535,
            "payer_code": 4.069894747153416,
            "time_in_hospital": 4.062915437021079,
            "metformin": 3.255808450038759,
            "admission_source_id": 2.584249277910826,
            "insulin": 2.195684753795582,
            "diag_1": 1.328623231905892,
            "glimepiride": 1.0270775894912736,
            "pioglitazone": 0.609563859927125,
            "num_lab_procedures": 0.5376315177260245,
            "num_procedures": 0.49523256892314665,
            "rosiglitazone": 0.396093646044988,
            "diag_2": 0.3219030083211794,
            "number_outpatient": 0.18848905518877693,
            "glyburide-metformin": 0.09882448272911303,
            "glipizide": 0.075924392946041,
            "diag_3": 0.05059974748627037,
            "tolazamide": 0.04036297679358974,
            "race": 0.039052739388446917,
            "nateglinide": 0.022004685153416737,
            "glimepiride-pioglitazone": -0.0,
            "acarbose": -0.0,
            "troglitazone": -0.0,
            "metformin-pioglitazone": -0.0,
            "metformin-rosiglitazone": -0.0,
            "glipizide-metformin": -0.0,
            "acetohexamide": -0.0,
            "repaglinide": 0.0,
            "chlorpropamide": -0.0,
            "miglitol": -0.0,
            "tolbutamide": -0.0,
            "medical_specialty": -0.36139099198560143,
            "gender": -1.220558475995496,
            "admission_type_id": -1.2960590767486229,
            "number_emergency": -2.4670076159932495,
            "change": -2.9004195521227736,
            "glyburide": -5.977233726529767,
            "number_diagnoses": -10.942848409094887,
            "number_inpatient": -20.9545026474178
        }
    },
    "DecisionTree": {
        "SHAP": {
            "number_inpatient": -39.147841946479176,
            "discharge_disposition_id": 30.447819315240842,
            "number_diagnoses": -12.612008599181983,
            "payer_code": 8.823577199499567,
            "diag_1": 5.499684682346557,
            "admission_source_id": -1.4657058976804427,
            "num_medications": 1.4474983370153038,
            "medical_specialty": -0.5558640225561364,
            "gender": 0.0,
            "race": 0.0,
            "num_lab_procedures": 0.0,
            "time_in_hospital": 0.0,
            "admission_type_id": 0.0,
            "age": 0.0,
            "number_emergency": 0.0,
            "number_outpatient": 0.0,
            "diag_2": 0.0,
            "num_procedures": 0.0,
            "diag_3": 0.0,
            "metformin": 0.0,
            "repaglinide": 0.0,
            "nateglinide": 0.0,
            "chlorpropamide": 0.0,
            "glimepiride": 0.0,
            "acetohexamide": 0.0,
            "glipizide": 0.0,
            "glyburide": 0.0,
            "tolbutamide": 0.0,
            "pioglitazone": 0.0,
            "rosiglitazone": 0.0,
            "acarbose": 0.0,
            "miglitol": 0.0,
            "troglitazone": 0.0,
            "tolazamide": 0.0,
            "insulin": 0.0,
            "glyburide-metformin": 0.0,
            "glipizide-metformin": 0.0,
            "glimepiride-pioglitazone": 0.0,
            "metformin-rosiglitazone": 0.0,
            "metformin-pioglitazone": 0.0,
            "change": 0.0,
            "diabetesMed": 0.0
        },
        "Lime": {
            "race": 0.0,
            "gender": 0.0,
            "age": 0.0,
            "admission_type_id": 0.0,
            "discharge_disposition_id": 0.0,
            "admission_source_id": 0.0,
            "time_in_hospital": 0.0,
            "payer_code": 0.0,
            "medical_specialty": 0.0,
            "num_lab_procedures": 0.0,
            "num_procedures": 0.0,
            "num_medications": 0.0,
            "number_outpatient": 0.0,
            "number_emergency": 0.0,
            "number_inpatient": -41.87929747258277,
            "diag_1": 0.0,
            "diag_2": -2.554031775085956,
            "diag_3": 12.511651671353569,
            "number_diagnoses": -6.890797393691278,
            "metformin": 0.0,