{
    "LogisticRegression": {
        "SHAP": {
            "number_inpatient": -18.456723156469863,
            "number_diagnoses": -13.327819931383345,
            "age": -11.749119732395078,
            "payer_code": -9.200471948996224,
            "discharge_disposition_id": -8.017194416022866,
            "diabetesMed": 7.099886396544621,
            "diag_1": 3.892271720426335,
            "metformin": 3.6952296766088315,
            "insulin": -3.2792241702606617,
            "change": -3.0446987510158947,
            "number_emergency": -2.600398732158824,
            "diag_2": -2.481009417063136,
            "num_procedures": -2.3234127402395255,
            "time_in_hospital": -2.0990956231236453,
            "glimepiride": 1.5673378686673414,
            "gender": 1.5638108161302084,
            "admission_type_id": 1.0675754998271643,
            "diag_3": 1.0067748162197998,
            "glyburide": 0.553022527975886,
            "pioglitazone": 0.5060940772100837,
            "rosiglitazone": 0.4930245714119544,
            "num_lab_procedures": -0.40409004952835825,
            "num_medications": -0.2756181904111399,
            "admission_source_id": 0.23823355720942038,
            "glyburide-metformin": 0.2209485976583077,
            "acarbose": 0.2118886238392769,
            "number_outpatient": 0.15251156204017716,
            "glipizide": 0.09562836674789678,
            "glipizide-metformin": -0.08839301387544511,
            "chlorpropamide": -0.0588555987305091,
            "medical_specialty": -0.0426776259052833,
            "race": 0.031871487553362124,
            "tolazamide": 0.029494965076420656,
            "tolbutamide": -0.02589386586987769,
            "troglitazone": -0.0231399231335732,
            "repaglinide": 0.015310575282962905,
            "miglitol": -0.01527375729771798,
            "metformin-rosiglitazone": -0.015026280388027322,
            "acetohexamide": -0.008499140974662816,
            "nateglinide": 0.007777927255844162,
            "glimepiride-pioglitazone": -0.0076267971720871625,
            "metformin-pioglitazone": -0.007043503898374708
        },
        "Lime": {
            "race": -23.792259622717,
            "gender": 0.0,
            "age": 0.0,
            "admission_type_id": 0.0,
            "discharge_disposition_id": -16.444675579491197,
            "admission_source_id": 0.0,
            "time_in_hospital": 0.0,
            "payer_code": 0.0,
            "medical_specialty": 0.0,
            "num_lab_procedures": 0.0,
            "num_procedures": -12.8447633010009,
            "num_medications": 0.0,
            "number_outpatient": 0.0,
            "number_emergency": -22.159443121620377,
            "number_inpatient": 0.0,
            "diag_1": 0.0,
            "diag_2": 0.0,
            "diag_3": 0.0,
            "number_diagnoses": -24.758858375170522,
            "metformin": 0.0,
            "repaglinide": 0.0,
            "nateglinide": 0.0,
            "chlorpropamide": 0.0,
            "glimepiride": 0.0,
            "acetohexamide": 0.0,
            "glipizide": 0.0,
            "glyburide": 0.0,
            "tolbutamide": 0.0,
            "pioglitazone": 0.0,
            "rosiglitazone": 0.0,
            "acarbose": 0.0,
            "miglitol": 0.0,
            "troglitazone": 0.0,
            "tolazamide": 0.0,
            "insulin": 0.0,
            "glyburide-metformin": 0.0,
            "glipizide-metformin": 0.0,
            "glimepiride-pioglitazone": 0.0,
            "metformin-rosiglitazone": 0.0,
            "metformin-pioglitazone": 0.0,
            "change": 0.0,
            "diabetesMed": 0.0
        },
        "Inherent": {
            "diabetesMed": 5.949425542144357,
            "diag_1": 3.9309188863813884,
            "metformin": 3.438201064584102,
            "gender": 1.5438891710430427,
            "admission_type_id": 1.1426470869127965,
            "glimepiride": 1.0846151780081934,
            "diag_3": 0.997268350741327,
            "pioglitazone": 0.6437120439651435,
            "glyburide": 0.5863683145642773,
            "rosiglitazone": 0.4182830828056435,
            "num_medications": 0.2223880164168726,
            "number_outpatient": 0.19904834088282725,
            "glyburide-metformin": 0.10436069779294437,
            "glipizide": 0.08017772932921538,
            "tolazamide": 0.04262413833954254,
            "race": 0.04124050053948512,
            "nateglinide": 0.02323740265475837,
            "tolbutamide": -0.0,
            "troglitazone": -0.0,
            "miglitol": -0.0,
            "glimepiride-pioglitazone": -0.0,
            "glipizide-metformin": -0.0,
            "metformin-pioglitazone": -0.0,
            "acetohexamide": -0.0,
            "chlorpropamide": -0.0,
            "repaglinide": 0.0,
            "metformin-rosiglitazone": -0.0,
            "acarbose": -0.0,
            "admission_source_id": -0.019237809487016023,
            "medical_specialty": -0.05894939892739892,
            "num_lab_procedures": -0.4344565334692208,
            "time_in_hospital": -0.9578231185665066,
            "num_procedures": -2.465457512098521,
            "diag_2": -2.499724806883573,
            "number_emergency": -2.605211068711398,
            "change": -3.0629030377172057,
            "insulin": -3.1370491664579476,
            "discharge_disposition_id": -9.026174540340032,
            "payer_code": -9.998632647213578,
            "number_diagnoses": -11.555874255834857,
            "age": -11.601712350158062,
            "number_inpatient": -22.12838820702876
        }
    },
    "DecisionTree": {
        "SHAP": {
            "number_inpatient": -32.84691517790487,
            "discharge_disposition_id": -32.54683820445884,
            "number_diagnoses": -22.137392717525252,
            "diag_1": 8.772853279259268,
            "payer_code": -1.8300514922440165,
            "num_medications": -1.3677707451187717,
            "medical_specialty": -0.30743685237818796,
            "admission_source_id": 0.19074153111080736,
            "gender": 0.0,
            "race": 0.0,
            "num_lab_procedures": 0.0,
            "time_in_hospital": 0.0,
            "admission_type_id": 0.0,
            "age": 0.0,
            "number_emergency": 0.0,
            "number_outpatient": 0.0,
            "diag_2": 0.0,
            "num_procedures": 0.0,
            "diag_3": 0.0,
            "metformin": 0.0,
            "repaglinide": 0.0,
            "nateglinide": 0.0,
            "chlorpropamide": 0.0,
            "glimepiride": 0.0,
            "acetohexamide": 0.0,
            "glipizide": 0.0,
            "glyburide": 0.0,
            "tolbutamide": 0.0,
            "pioglitazone": 0.0,
            "rosiglitazone": 0.0,
            "acarbose": 0.0,
            "miglitol": 0.0,
            "troglitazone": 0.0,
            "tolazamide": 0.0,
            "insulin": 0.0,
            "glyburide-metformin": 0.0,
            "glipizide-metformin": 0.0,
            "glimepiride-pioglitazone": 0.0,
            "metformin-rosiglitazone": 0.0,
            "metformin-pioglitazone": 0.0,
            "change": 0.0,
            "diabetesMed": 0.0
        },
        "Lime": {
            "race": 0.0,
            "gender": 0.0,
            "age": 0.0,
            "admission_type_id": 0.0,
            "discharge_disposition_id": -14.608134539827972,
            "admission_source_id": 0.0,
            "time_in_hospital": 0.0,
            "payer_code": 0.0,
            "medical_specialty": 0.0,
            "num_lab_procedures": 0.0,
            "num_procedures": 0.0,
            "num_medications": 0.0,
            "number_outpatient": 0.0,
            "number_emergency": -2.8020530720124093,
            "number_inpatient": -32.26607250628889,
            "diag_1": -7.002065465006374,
            "diag_2": -3.469878467354227,
            "diag_3": 2.881117781288313,
            "number_diagnoses": -6.267005568170095,