{
    "LogisticRegression": {
        "SHAP": {
            "number_inpatient": -23.575289726940802,
            "discharge_disposition_id": -10.24058710490523,
            "diabetesMed": 9.068883864589512,
            "glyburide": -7.71351364272107,
            "time_in_hospital": -5.8841682141039975,
            "age": 5.367298888434212,
            "metformin": 4.720020422645018,
            "num_procedures": 4.327305082585453,
            "change": -3.8890790406255142,
            "num_medications": -3.831999932672183,
            "number_emergency": -3.3215621752837396,
            "payer_code": -3.027207681212844,
            "number_diagnoses": -2.7770044032986414,
            "insulin": 2.4703562814491913,
            "glimepiride": 2.002004583402215,
            "gender": 1.9974993803528918,
            "admission_type_id": 1.3636441041261673,
            "diag_1": 1.023276417192323,
            "pioglitazone": 0.6464481478194595,
            "rosiglitazone": 0.6297541017980334,
            "admission_source_id": -0.36657504205884434,
            "glyburide-metformin": 0.2822238357478927,
            "acarbose": 0.270651277288225,
            "diag_2": 0.22991088034476898,
            "number_outpatient": 0.19480729224380805,
            "medical_specialty": 0.12800512484547685,
            "glipizide": 0.12214879277774357,
            "glipizide-metformin": -0.11290687378710695,
            "chlorpropamide": -0.07517790565319991,
            "diag_3": 0.075024573857022,
            "race": 0.04071034423224306,
            "tolazamide": 0.037674745471753326,
            "tolbutamide": -0.033074960536476385,
            "troglitazone": -0.029557272301713896,
            "num_lab_procedures": -0.02685822644820064,
            "repaglinide": 0.019556626879103426,
            "miglitol": -0.01950959823474696,
            "metformin-rosiglitazone": -0.019193489042599272,
            "acetohexamide": -0.010856190950534568,
            "nateglinide": 0.009934964455882728,
            "glimepiride-pioglitazone": -0.009741921764565165,
            "metformin-pioglitazone": -0.008996864919589603
        },
        "Lime": {
            "race": -29.394417525362726,
            "gender": 0.0,
            "age": 0.0,
            "admission_type_id": 0.0,
            "discharge_disposition_id": -22.401437326937444,
            "admission_source_id": 0.0,
            "time_in_hospital": 0.0,
            "payer_code": 0.0,
            "medical_specialty": 0.0,
            "num_lab_procedures": 0.0,
            "num_procedures": 10.629265723964313,
            "num_medications": 0.0,
            "number_outpatient": 9.432360320642118,
            "number_emergency": -28.142519103093395,
            "number_inpatient": 0.0,
            "diag_1": 0.0,
            "diag_2": 0.0,
            "diag_3": 0.0,
            "number_diagnoses": 0.0,
            "metformin": 0.0,
            "repaglinide": 0.0,
            "nateglinide": 0.0,
            "chlorpropamide": 0.0,
            "glimepiride": 0.0,
            "acetohexamide": 0.0,
            "glipizide": 0.0,
            "glyburide": 0.0,
            "tolbutamide": 0.0,
            "pioglitazone": 0.0,
            "rosiglitazone": 0.0,
            "acarbose": 0.0,
            "miglitol": 0.0,
            "troglitazone": 0.0,
            "tolazamide": 0.0,
            "insulin": 0.0,
            "glyburide-metformin": 0.0,
            "glipizide-metformin": 0.0,
            "glimepiride-pioglitazone": 0.0,
            "metformin-rosiglitazone": 0.0,
            "metformin-pioglitazone": 0.0,
            "change": 0.0,
            "diabetesMed": 0.0
        },
        "Inherent": {
            "diabetesMed": 7.4718292926499466,
            "age": 6.394241512661409,
            "num_procedures": 4.4099467776971,
            "metformin": 4.3180053681486,
            "insulin": 2.9120197637973733,
            "gender": 1.938956333025497,
            "admission_type_id": 1.4350400580152356,
            "glimepiride": 1.3621583127458392,
            "diag_1": 0.8740478493186968,
            "pioglitazone": 0.8084320867719883,
            "rosiglitazone": 0.5253179098701118,
            "diag_2": 0.3580087229805035,
            "number_outpatient": 0.24998299642987515,
            "number_diagnoses": 0.1465951223600181,
            "glyburide-metformin": 0.13106564881718966,
            "medical_specialty": 0.11376922367113357,
            "glipizide": 0.10069447921929373,
            "tolazamide": 0.05353126670185497,
            "race": 0.051793568604508844,
            "nateglinide": 0.029183642119898705,
            "diag_3": 0.006440104015703477,
            "glimepiride-pioglitazone": -0.0,
            "repaglinide": 0.0,
            "troglitazone": -0.0,
            "acarbose": -0.0,
            "acetohexamide": -0.0,
            "metformin-pioglitazone": -0.0,
            "metformin-rosiglitazone": -0.0,
            "glipizide-metformin": -0.0,
            "tolbutamide": -0.0,
            "miglitol": -0.0,
            "chlorpropamide": -0.0,
            "num_lab_procedures": -0.042165178707229294,
            "admission_source_id": -0.7144631474726275,
            "number_emergency": -3.271860827376228,
            "num_medications": -3.3014110989808825,
            "payer_code": -3.5797534519626986,
            "change": -3.8466719981024062,
            "time_in_hospital": -4.498596174396898,
            "glyburide": -7.927286790329184,
            "discharge_disposition_id": -11.335890306272436,
            "number_inpatient": -27.79084098677764
        }
    },
    "DecisionTree": {
        "SHAP": {
            "number_inpatient": -36.05480046020229,
            "discharge_disposition_id": -33.6795824804976,
            "diag_1": 15.232812874713392,
            "number_diagnoses": 9.609091172550707,
            "payer_code": -2.4792879013473783,
            "num_medications": -1.853006581815729,
            "medical_specialty": 0.8330087669772817,
            "admission_source_id": 0.2584097618956193,
            "gender": 0.0,
            "race": 0.0,
            "num_lab_procedures": 0.0,
            "time_in_hospital": 0.0,
            "admission_type_id": 0.0,
            "age": 0.0,
            "number_emergency": 0.0,
            "number_outpatient": 0.0,
            "diag_2": 0.0,
            "num_procedures": 0.0,
            "diag_3": 0.0,
            "metformin": 0.0,
            "repaglinide": 0.0,
            "nateglinide": 0.0,
            "chlorpropamide": 0.0,
            "glimepiride": 0.0,
            "acetohexamide": 0.0,
            "glipizide": 0.0,
            "glyburide": 0.0,
            "tolbutamide": 0.0,
            "pioglitazone": 0.0,
            "rosiglitazone": 0.0,
            "acarbose": 0.0,
            "miglitol": 0.0,
            "troglitazone": 0.0,
            "tolazamide": 0.0,
            "insulin": 0.0,
            "glyburide-metformin": 0.0,
            "glipizide-metformin": 0.0,
            "glimepiride-pioglitazone": 0.0,
            "metformin-rosiglitazone": 0.0,
            "metformin-pioglitazone": 0.0,
            "change": 0.0,
            "diabetesMed": 0.0
        },
        "Lime": {
            "race": 0.0,
            "gender": 0.0,
            "age": 0.0,
            "admission_type_id": 0.0,
            "discharge_disposition_id": -21.73123844052249,
            "admission_source_id": 0.0,
            "time_in_hospital": 0.0,
            "payer_code": -3.397383173180093,
            "medical_specialty": 0.0,
            "num_lab_procedures": 0.0,
            "num_procedures": 0.0,
            "num_medications": -2.6840274166116966,
            "number_outpatient": 0.0,
            "number_emergency": 0.0,
            "number_inpatient": -38.40273354051132,
            "diag_1": 0.0,
            "diag_2": 2.920724722293988,
            "diag_3": 0.0,
            "number_diagnoses": 0.0,
            "metformin": 0.0,
            "repaglinide": 0.0,