{
    "LogisticRegression": {
        "SHAP": {
            "number_inpatient": -19.051783197589838,
            "age": 9.825905577375318,
            "number_diagnoses": 9.269186002515683,
            "discharge_disposition_id": -8.275675404138736,
            "insulin": 7.377662871713897,
            "diabetesMed": 7.328792614363357,
            "num_medications": 4.777511364319316,
            "time_in_hospital": -4.755143983878652,
            "change": 3.8829896595688562,
            "metformin": 3.814366941911519,
            "payer_code": -3.327705025280408,
            "admission_source_id": 2.956678875796417,
            "number_emergency": -2.684237741032094,
            "num_procedures": -2.3983214913230544,
            "glimepiride": 1.617870139681611,
            "admission_type_id": -1.3750558512945334,
            "diag_2": -1.3702699293297071,
            "gender": -1.1799470531000538,
            "diag_1": -0.7597597628418893,
            "num_lab_procedures": -0.6148249677416933,
            "diag_3": -0.6027695387970741,
            "glyburide": 0.5708524323119787,
            "pioglitazone": 0.5224109694255711,
            "rosiglitazone": 0.5089200919358516,
            "glyburide-metformin": 0.2280721634447873,
            "acarbose": 0.2187200885660183,
            "number_outpatient": 0.15742866111618986,
            "medical_specialty": 0.10344415339038557,
            "glipizide": 0.09871150449487502,
            "glipizide-metformin": -0.09124287785322294,
            "chlorpropamide": -0.06075315198001108,
            "race": 0.03289905070925257,
            "tolazamide": 0.030445907179328813,
            "tolbutamide": -0.026728705551800496,
            "troglitazone": -0.023885973420758135,
            "repaglinide": 0.015804200910882492,
            "miglitol": -0.015766195883299222,
            "metformin-rosiglitazone": -0.015510740113070413,
            "acetohexamide": -0.008773160318995585,
            "nateglinide": 0.008028694072545773,
            "glimepiride-pioglitazone": -0.0078726914297168,
            "metformin-pioglitazone": -0.007270592297754333
        },
        "Lime": {
            "race": 0.0,
            "gender": 0.0,
            "age": 0.0,
            "admission_type_id": 0.0,
            "discharge_disposition_id": -34.236543308398716,
            "admission_source_id": 0.0,
            "time_in_hospital": 0.0,
            "payer_code": 0.0,
            "medical_specialty": 0.0,
            "num_lab_procedures": 0.0,
            "num_procedures": 0.0,
            "num_medications": 0.0,
            "number_outpatient": 0.0,
            "number_emergency": -50.6923434199944,
            "number_inpatient": -15.071113271606887,
            "diag_1": 0.0,
            "diag_2": 0.0,
            "diag_3": 0.0,
            "number_diagnoses": 0.0,
            "metformin": 0.0,
            "repaglinide": 0.0,
            "nateglinide": 0.0,
            "chlorpropamide": 0.0,
            "glimepiride": 0.0,
            "acetohexamide": 0.0,
            "glipizide": 0.0,
            "glyburide": 0.0,
            "tolbutamide": 0.0,
            "pioglitazone": 0.0,
            "rosiglitazone": 0.0,
            "acarbose": 0.0,
            "miglitol": 0.0,
            "troglitazone": 0.0,
            "tolazamide": 0.0,
            "insulin": 0.0,
            "glyburide-metformin": 0.0,
            "glipizide-metformin": 0.0,
            "glimepiride-pioglitazone": 0.0,
            "metformin-rosiglitazone": 0.0,
            "metformin-pioglitazone": 0.0,
            "change": 0.0,
            "diabetesMed": 0.0
        },
        "Inherent": {
            "number_diagnoses": 11.25136956507489,
            "age": 10.169537817844374,
            "insulin": 7.419672705742757,
            "diabetesMed": 5.677948340100132,
            "num_medications": 5.110092594974635,
            "change": 3.874860320761559,
            "metformin": 3.281313109861949,
            "admission_source_id": 2.604493220311877,
            "glimepiride": 1.035123291483258,
            "pioglitazone": 0.614338931657087,
            "glyburide": 0.5596118439978901,
            "rosiglitazone": 0.3991964802121467,
            "number_outpatient": 0.1899656006633508,
            "glyburide-metformin": 0.09959863294491539,
            "medical_specialty": 0.08645483581021332,
            "glipizide": 0.07651915330866242,
            "tolazamide": 0.04067916369720182,
            "race": 0.03935866243292276,
            "nateglinide": 0.022177060776235578,
            "miglitol": -0.0,
            "troglitazone": -0.0,
            "tolbutamide": -0.0,
            "glimepiride-pioglitazone": -0.0,
            "glipizide-metformin": -0.0,
            "acarbose": -0.0,
            "repaglinide": 0.0,
            "metformin-pioglitazone": -0.0,
            "metformin-rosiglitazone": -0.0,
            "acetohexamide": -0.0,
            "chlorpropamide": -0.0,
            "num_lab_procedures": -0.6059269277884312,
            "diag_3": -0.6369905408459167,
            "diag_1": -0.8710366211850984,
            "gender": -1.2301198274086005,
            "diag_2": -1.2335468849465976,
            "admission_type_id": -1.3062118687111959,
            "num_procedures": -2.352956649216526,
            "number_emergency": -2.4863331355969525,
            "time_in_hospital": -3.418546607632507,
            "payer_code": -3.573065291206228,
            "discharge_disposition_id": -8.614302739942456,
            "number_inpatient": -21.11865157386345
        }
    },
    "DecisionTree": {
        "SHAP": {
            "number_inpatient": -39.87943238263087,
            "discharge_disposition_id": -38.1099779920318,
            "diag_1": -9.963417786474842,
            "number_diagnoses": 5.42197554975816,
            "payer_code": -2.3086330464620426,
            "admission_source_id": -2.1054496225386474,
            "num_medications": 1.4354426839484369,
            "medical_specialty": 0.7756709361551877,
            "gender": 0.0,
            "race": 0.0,
            "num_lab_procedures": 0.0,
            "time_in_hospital": 0.0,
            "admission_type_id": 0.0,
            "age": 0.0,
            "number_emergency": 0.0,
            "number_outpatient": 0.0,
            "diag_2": 0.0,
            "num_procedures": 0.0,
            "diag_3": 0.0,
            "metformin": 0.0,
            "repaglinide": 0.0,
            "nateglinide": 0.0,
            "chlorpropamide": 0.0,
            "glimepiride": 0.0,
            "acetohexamide": 0.0,
            "glipizide": 0.0,
            "glyburide": 0.0,
            "tolbutamide": 0.0,
            "pioglitazone": 0.0,
            "rosiglitazone": 0.0,
            "acarbose": 0.0,
            "miglitol": 0.0,
            "troglitazone": 0.0,
            "tolazamide": 0.0,
            "insulin": 0.0,
            "glyburide-metformin": 0.0,
            "glipizide-metformin": 0.0,
            "glimepiride-pioglitazone": 0.0,
            "metformin-rosiglitazone": 0.0,
            "metformin-pioglitazone": 0.0,
            "change": 0.0,
            "diabetesMed": 0.0
        },
        "Lime": {
            "race": 0.0,
            "gender": 0.0,
            "age": 0.0,
            "admission_type_id": 0.0,
            "discharge_disposition_id": -20.122181654553998,
            "admission_source_id": 0.0,
            "time_in_hospital": 0.0,
            "payer_code": -4.0565519486806245,
            "medical_specialty": 0.0,
            "num_lab_procedures": 0.0,
            "num_procedures": 0.0,
            "num_medications": 0.0,
            "number_outpatient": 0.0,
            "number_emergency": -2.9569025581874806,
            "number_inpatient": -33.00596839454565,
            "diag_1": -5.666794186396416,
            "diag_2": 0.0,
            "diag_3": -3.1254401110661125,
            "number_diagnoses": 4.375775086672085,
            "metformin": 0.0,