{
    "LogisticRegression": {
        "SHAP": {
            "number_inpatient": -18.724657665617027,
            "time_in_hospital": -9.7613536894759,
            "age": 9.657191470366156,
            "discharge_disposition_id": -8.133579271144965,
            "number_diagnoses": -7.863466237631998,
            "num_medications": -7.46587371275403,
            "diabetesMed": 7.202954777672284,
            "metformin": 3.748872977274646,
            "diag_1": 3.554628499970635,
            "num_procedures": 3.4369590882907697,
            "insulin": -3.3268283582301987,
            "change": -3.088898355595674,
            "admission_source_id": 2.905911704026373,
            "number_emergency": -2.638148475273091,
            "payer_code": 1.926690324265699,
            "glimepiride": 1.5900907646689229,
            "gender": -1.1596869649265782,
            "glyburide": 0.5610507038511144,
            "pioglitazone": 0.5134409971920327,
            "rosiglitazone": 0.5001817626110024,
            "diag_3": -0.40150031352096766,
            "num_lab_procedures": -0.31280017197156695,
            "glyburide-metformin": 0.22415608760971767,
            "acarbose": 0.21496459100533055,
            "diag_2": 0.18260655872817838,
            "number_outpatient": 0.1547255580007861,
            "admission_type_id": -0.1341861433528364,
            "race": -0.10918587509640795,
            "medical_specialty": 0.10166798244846617,
            "glipizide": 0.09701659472790852,
            "glipizide-metformin": -0.08967620692027624,
            "chlorpropamide": -0.059709999905773706,
            "tolazamide": 0.029923140702346605,
            "tolbutamide": -0.026269764678292996,
            "troglitazone": -0.023475843215048964,
            "repaglinide": 0.015532837460188192,
            "miglitol": -0.01549548499172429,
            "metformin-rosiglitazone": -0.015244415483078711,
            "acetohexamide": -0.008622522202517477,
            "nateglinide": 0.007890838692170627,
            "glimepiride-pioglitazone": -0.0077375146672429475,
            "metformin-pioglitazone": -0.007145753780094672
        },
        "Lime": {
            "race": 0.0,
            "gender": 0.0,
            "age": 0.0,
            "admission_type_id": 0.0,
            "discharge_disposition_id": -21.812835462042486,
            "admission_source_id": 0.0,
            "time_in_hospital": -19.10771420140005,
            "payer_code": 0.0,
            "medical_specialty": 0.0,
            "num_lab_procedures": 0.0,
            "num_procedures": 0.0,
            "num_medications": -19.112659103238624,
            "number_outpatient": 0.0,
            "number_emergency": -31.17970053483099,
            "number_inpatient": -8.78709069848784,
            "diag_1": 0.0,
            "diag_2": 0.0,
            "diag_3": 0.0,
            "number_diagnoses": 0.0,
            "metformin": 0.0,
            "repaglinide": 0.0,
            "nateglinide": 0.0,
            "chlorpropamide": 0.0,
            "glimepiride": 0.0,
            "acetohexamide": 0.0,
            "glipizide": 0.0,
            "glyburide": 0.0,
            "tolbutamide": 0.0,
            "pioglitazone": 0.0,
            "rosiglitazone": 0.0,
            "acarbose": 0.0,
            "miglitol": 0.0,
            "troglitazone": 0.0,
            "tolazamide": 0.0,
            "insulin": 0.0,
            "glyburide-metformin": 0.0,
            "glipizide-metformin": 0.0,
            "glimepiride-pioglitazone": 0.0,
            "metformin-rosiglitazone": 0.0,
            "metformin-pioglitazone": 0.0,
            "change": 0.0,
            "diabetesMed": 0.0
        },
        "Inherent": {
            "age": 10.763930213688598,
            "diabetesMed": 6.009814878954032,
            "diag_1": 3.560112779821666,
            "num_procedures": 3.547051561532654,
            "metformin": 3.473100346983343,
            "admission_source_id": 2.7567214722649593,
            "payer_code": 1.6337107315068509,
            "glimepiride": 1.0956245083762506,
            "pioglitazone": 0.6502460098339633,
            "glyburide": 0.5923202158683453,
            "rosiglitazone": 0.4225288436426193,
            "diag_2": 0.28795708064155884,
            "number_outpatient": 0.2010687707905268,
            "glyburide-metformin": 0.10542000566797652,
            "medical_specialty": 0.09150797567851508,
            "glipizide": 0.08099156923137034,
            "tolazamide": 0.0430567924551668,
            "nateglinide": 0.0234732727107091,
            "troglitazone": -0.0,
            "miglitol": -0.0,
            "glimepiride-pioglitazone": -0.0,
            "glipizide-metformin": -0.0,
            "metformin-pioglitazone": -0.0,
            "acetohexamide": -0.0,
            "chlorpropamide": -0.0,
            "repaglinide": 0.0,
            "metformin-rosiglitazone": -0.0,
            "acarbose": -0.0,
            "tolbutamide": -0.0,
            "race": -0.10580676638825247,
            "admission_type_id": -0.11415614510533152,
            "num_lab_procedures": -0.3376285238855811,
            "diag_3": -0.4752807865420791,
            "gender": -1.302018264140494,
            "number_emergency": -2.63165512916299,
            "change": -3.0939928768705527,
            "insulin": -3.1688916220630756,
            "number_diagnoses": -5.777630368508511,
            "num_medications": -7.263533128707351,
            "time_in_hospital": -8.919973830882821,
            "discharge_disposition_id": -9.117794259010056,
            "number_inpatient": -22.353001269083805
        }
    },
    "DecisionTree": {
        "SHAP": {
            "discharge_disposition_id": -33.32948236160614,
            "number_inpatient": -32.05050325626809,
            "number_diagnoses": -21.951188508075983,
            "diag_1": 8.699062195082236,
            "payer_code": -1.814658383592383,
            "num_medications": -0.8361391745298948,
            "admission_source_id": -0.7092643021174919,
            "medical_specialty": 0.6097018187277804,
            "gender": 0.0,
            "race": 0.0,
            "num_lab_procedures": 0.0,
            "time_in_hospital": 0.0,
            "admission_type_id": 0.0,
            "age": 0.0,
            "number_emergency": 0.0,
            "number_outpatient": 0.0,
            "diag_2": 0.0,
            "num_procedures": 0.0,
            "diag_3": 0.0,
            "metformin": 0.0,
            "repaglinide": 0.0,
            "nateglinide": 0.0,
            "chlorpropamide": 0.0,
            "glimepiride": 0.0,
            "acetohexamide": 0.0,
            "glipizide": 0.0,
            "glyburide": 0.0,
            "tolbutamide": 0.0,
            "pioglitazone": 0.0,
            "rosiglitazone": 0.0,
            "acarbose": 0.0,
            "miglitol": 0.0,
            "troglitazone": 0.0,
            "tolazamide": 0.0,
            "insulin": 0.0,
            "glyburide-metformin": 0.0,
            "glipizide-metformin": 0.0,
            "glimepiride-pioglitazone": 0.0,
            "metformin-rosiglitazone": 0.0,
            "metformin-pioglitazone": 0.0,
            "change": 0.0,
            "diabetesMed": 0.0
        },
        "Lime": {
            "race": 0.0,
            "gender": 0.0,
            "age": 0.0,
            "admission_type_id": 0.0,
            "discharge_disposition_id": -16.437371328551517,
            "admission_source_id": 0.0,
            "time_in_hospital": 0.0,
            "payer_code": 0.0,
            "medical_specialty": 0.0,
            "num_lab_procedures": -2.4394401473080594,
            "num_procedures": 0.0,
            "num_medications": 0.0,
            "number_outpatient": 3.2055433163982405,
            "number_emergency": 0.0,
            "number_inpatient": -38.78350333291907,
            "diag_1": 0.0,
            "diag_2": -3.85040077107242,
            "diag_3": -2.4469272540874276,
            "number_diagnoses": -4.593418655839465,