{
    "LogisticRegression": {
        "SHAP": {
            "number_inpatient": 24.485186862112432,
            "age": -16.035711784859032,
            "discharge_disposition_id": -7.53312329569118,
            "number_diagnoses": -7.282951173751571,
            "diabetesMed": 6.671201524523269,
            "time_in_hospital": -4.328478845534179,
            "payer_code": 4.191240477276557,
            "metformin": 3.4721149713119273,
            "num_medications": -3.330853856675279,
            "insulin": -3.0812275101392173,
            "change": -2.860862528642247,
            "admission_source_id": 2.6913847425674846,
            "diag_1": -2.6279373633116263,
            "number_emergency": -2.4433889526442507,
            "diag_2": 2.115198531386584,
            "glimepiride": 1.4727033919846053,
            "admission_type_id": -1.2516761183121026,
            "gender": -1.0740738609618332,
            "glyburide": 0.5196315160090402,
            "num_procedures": 0.5000503916777655,
            "pioglitazone": 0.47553656366660557,
            "rosiglitazone": 0.4632561830892939,
            "glyburide-metformin": 0.2076079164107112,
            "acarbose": 0.1990949758116792,
            "number_outpatient": 0.143303048579062,
            "race": -0.10112530189103242,
            "glipizide": 0.08985441039545652,
            "glipizide-metformin": -0.083055921741236,
            "chlorpropamide": -0.05530194964370013,
            "medical_specialty": -0.04010078853387333,
            "tolazamide": 0.027714085126677626,
            "num_lab_procedures": 0.025234470866201723,
            "tolbutamide": -0.02433041711075827,
            "troglitazone": -0.02174275500537224,
            "repaglinide": 0.014386136265326721,
            "miglitol": -0.014351541317523704,
            "metformin-rosiglitazone": -0.01411900684513889,
            "acetohexamide": -0.00798597034663869,
            "nateglinide": 0.007308302875391306,
            "glimepiride-pioglitazone": -0.007166297892656411,
            "metformin-pioglitazone": -0.006618223351811858,
            "diag_3": 0.0018080338616757686
        },
        "Lime": {
            "race": -26.737379415335198,
            "gender": 0.0,
            "age": 0.0,
            "admission_type_id": 0.0,
            "discharge_disposition_id": -9.945959764310151,
            "admission_source_id": 0.0,
            "time_in_hospital": 0.0,
            "payer_code": 0.0,
            "medical_specialty": 0.0,
            "num_lab_procedures": 0.0,
            "num_procedures": 0.0,
            "num_medications": 0.0,
            "number_outpatient": 0.0,
            "number_emergency": -15.238801945485992,
            "number_inpatient": 48.07785887486865,
            "diag_1": 0.0,
            "diag_2": 0.0,
            "diag_3": 0.0,
            "number_diagnoses": 0.0,
            "metformin": 0.0,
            "repaglinide": 0.0,
            "nateglinide": 0.0,
            "chlorpropamide": 0.0,
            "glimepiride": 0.0,
            "acetohexamide": 0.0,
            "glipizide": 0.0,
            "glyburide": 0.0,
            "tolbutamide": 0.0,
            "pioglitazone": 0.0,
            "rosiglitazone": 0.0,
            "acarbose": 0.0,
            "miglitol": 0.0,
            "troglitazone": 0.0,
            "tolazamide": 0.0,
            "insulin": 0.0,
            "glyburide-metformin": 0.0,
            "glipizide-metformin": 0.0,
            "glimepiride-pioglitazone": 0.0,
            "metformin-rosiglitazone": 0.0,
            "metformin-pioglitazone": 0.0,
            "change": 0.0,
            "diabetesMed": 0.0
        },
        "Inherent": {
            "number_inpatient": 24.338529415579675,
            "diabetesMed": 5.920438740031528,
            "payer_code": 4.276952830079057,
            "metformin": 3.421449455008148,
            "admission_source_id": 2.7157243490193457,
            "diag_2": 2.440585062379956,
            "glimepiride": 1.0793307139350183,
            "pioglitazone": 0.6405757489558381,
            "glyburide": 0.5835114097792515,
            "num_procedures": 0.5204277920662728,
            "rosiglitazone": 0.41624512319718354,
            "number_outpatient": 0.19807853718880916,
            "glyburide-metformin": 0.10385223140844191,
            "glipizide": 0.07978708724831893,
            "tolazamide": 0.042416464934013576,
            "nateglinide": 0.023124185338632957,
            "num_lab_procedures": 0.016455839131454184,
            "tolbutamide": -0.0,
            "troglitazone": -0.0,
            "miglitol": -0.0,
            "glimepiride-pioglitazone": -0.0,
            "glipizide-metformin": -0.0,
            "metformin-pioglitazone": -0.0,
            "acetohexamide": -0.0,
            "chlorpropamide": -0.0,
            "repaglinide": 0.0,
            "metformin-rosiglitazone": -0.0,
            "acarbose": -0.0,
            "diag_3": -0.05406150337790897,
            "medical_specialty": -0.05866218555708708,
            "race": -0.10423324034092385,
            "gender": -1.282655044540673,
            "admission_type_id": -1.3619967789404652,
            "number_emergency": -2.59251795453156,
            "change": -3.047979955880789,
            "diag_1": -3.0543690448479826,
            "insulin": -3.12176482971616,
            "num_medications": -3.183380073850728,
            "time_in_hospital": -3.56454383839532,
            "number_diagnoses": -5.691707207003649,
            "discharge_disposition_id": -8.982197196076577,
            "age": -17.082446161659217
        }
    },
    "DecisionTree": {
        "SHAP": {
            "number_inpatient": 40.52352604226836,
            "discharge_disposition_id": -29.77435203210641,
            "number_diagnoses": -9.071921794063016,
            "diag_1": -7.000216349405706,
            "payer_code": 5.455339691346167,
            "num_medications": -4.053099877294186,
            "admission_source_id": -2.985128364632919,
            "number_emergency": -0.7927426428037482,
            "medical_specialty": -0.3436732060794819,
            "gender": 0.0,
            "num_lab_procedures": 0.0,
            "time_in_hospital": 0.0,
            "admission_type_id": 0.0,
            "age": 0.0,
            "race": 0.0,
            "number_outpatient": 0.0,
            "diag_2": 0.0,
            "num_procedures": 0.0,
            "diag_3": 0.0,
            "metformin": 0.0,
            "repaglinide": 0.0,
            "nateglinide": 0.0,
            "chlorpropamide": 0.0,
            "glimepiride": 0.0,
            "acetohexamide": 0.0,
            "glipizide": 0.0,
            "glyburide": 0.0,
            "tolbutamide": 0.0,
            "pioglitazone": 0.0,
            "rosiglitazone": 0.0,
            "acarbose": 0.0,
            "miglitol": 0.0,
            "troglitazone": 0.0,
            "tolazamide": 0.0,
            "insulin": 0.0,
            "glyburide-metformin": 0.0,
            "glipizide-metformin": 0.0,
            "glimepiride-pioglitazone": 0.0,
            "metformin-rosiglitazone": 0.0,
            "metformin-pioglitazone": 0.0,
            "change": 0.0,
            "diabetesMed": 0.0
        },
        "Lime": {
            "race": 0.0,
            "gender": 0.0,
            "age": 0.0,
            "admission_type_id": 0.0,
            "discharge_disposition_id": -20.46033686935635,
            "admission_source_id": 0.0,
            "time_in_hospital": -3.817124844680856,
            "payer_code": 6.508382166907962,
            "medical_specialty": 0.0,
            "num_lab_procedures": 0.0,
            "num_procedures": 0.0,
            "num_medications": 0.0,
            "number_outpatient": 0.0,
            "number_emergency": -4.047569427362219,
            "number_inpatient": 14.360673821241129,
            "diag_1": 5.044175439110177,
            "diag_2": -5.759983468573606,
            "diag_3": 7.8685444009508565,
            "number_diagnoses": -6.463726939351101,