{
    "LogisticRegression": {
        "SHAP": {
            "number_inpatient": 22.839654933184352,
            "pioglitazone": -14.959784568425588,
            "insulin": -7.44340834397034,
            "discharge_disposition_id": -7.026858222958861,
            "number_diagnoses": -6.7934989690074605,
            "diabetesMed": 6.222862078525281,
            "age": -5.63755498687235,
            "payer_code": 3.9095673143959315,
            "change": 3.297038185591483,
            "metformin": 3.2387707833186625,
            "num_procedures": 2.969298438783082,
            "diag_1": -2.7178171751425007,
            "number_emergency": -2.279180504531988,
            "diag_2": 2.260275073522424,
            "glimepiride": 1.3737300630490925,
            "gender": 1.370638695067068,
            "nateglinide": -1.2906258099328078,
            "admission_type_id": 0.9357016046158622,
            "diag_3": -0.5211466279182962,
            "glyburide": 0.4847095750132259,
            "rosiglitazone": 0.4321229577298278,
            "time_in_hospital": 0.35797929401131046,
            "admission_source_id": -0.25153546590984427,
            "num_medications": -0.24157203220828513,
            "glyburide-metformin": 0.19365558445278455,
            "acarbose": 0.18571475774627308,
            "number_outpatient": 0.1336723382529561,
            "num_lab_procedures": 0.10747475909589159,
            "race": -0.09432915555074559,
            "medical_specialty": 0.08783420861392485,
            "glipizide": 0.08381572659478184,
            "glipizide-metformin": -0.07747413174382184,
            "chlorpropamide": -0.051585370947235545,
            "tolazamide": 0.025851554437661503,
            "tolbutamide": -0.022695286514232502,
            "troglitazone": -0.02028152876333105,
            "repaglinide": 0.01341931307170283,
            "miglitol": -0.013387043084354884,
            "metformin-rosiglitazone": -0.01317013613815725,
            "acetohexamide": -0.007449271596375076,
            "glimepiride-pioglitazone": -0.00668468539523156,
            "metformin-pioglitazone": -0.006173444314612211
        },
        "Lime": {
            "race": -27.231804320614238,
            "gender": 0.0,
            "age": 0.0,
            "admission_type_id": 0.0,
            "discharge_disposition_id": -9.613476293768903,
            "admission_source_id": 0.0,
            "time_in_hospital": 0.0,
            "payer_code": 0.0,
            "medical_specialty": 0.0,
            "num_lab_procedures": 0.0,
            "num_procedures": 0.0,
            "num_medications": 0.0,
            "number_outpatient": 0.0,
            "number_emergency": -10.762306901053636,
            "number_inpatient": 52.39241248456323,
            "diag_1": 0.0,
            "diag_2": 0.0,
            "diag_3": 0.0,
            "number_diagnoses": 0.0,
            "metformin": 0.0,
            "repaglinide": 0.0,
            "nateglinide": 0.0,
            "chlorpropamide": 0.0,
            "glimepiride": 0.0,
            "acetohexamide": 0.0,
            "glipizide": 0.0,
            "glyburide": 0.0,
            "tolbutamide": 0.0,
            "pioglitazone": 0.0,
            "rosiglitazone": 0.0,
            "acarbose": 0.0,
            "miglitol": 0.0,
            "troglitazone": 0.0,
            "tolazamide": 0.0,
            "insulin": 0.0,
            "glyburide-metformin": 0.0,
            "glipizide-metformin": 0.0,
            "glimepiride-pioglitazone": 0.0,
            "metformin-rosiglitazone": 0.0,
            "metformin-pioglitazone": 0.0,
            "change": 0.0,
            "diabetesMed": 0.0
        },
        "Inherent": {
            "number_inpatient": 21.875673746507385,
            "diabetesMed": 5.321339843573631,
            "payer_code": 3.844160965621864,
            "change": 3.631496339536502,
            "num_procedures": 3.140706857326504,
            "metformin": 3.0752273787755104,
            "diag_2": 2.5003665357109006,
            "time_in_hospital": 1.4904319029154487,
            "gender": 1.380899534204788,
            "admission_type_id": 1.022016903591811,
            "glimepiride": 0.9701114705604742,
            "glyburide": 0.5244649341683106,
            "rosiglitazone": 0.37412459718324725,
            "num_medications": 0.1989103324530181,
            "number_outpatient": 0.1780346454685178,
            "num_lab_procedures": 0.10443092342971116,
            "glyburide-metformin": 0.09334325395533574,
            "medical_specialty": 0.08102496446073539,
            "glipizide": 0.07171330116235677,
            "tolazamide": 0.03812427335000316,
            "acarbose": -0.0,
            "glipizide-metformin": -0.0,
            "metformin-pioglitazone": -0.0,
            "troglitazone": -0.0,
            "chlorpropamide": -0.0,
            "acetohexamide": -0.0,
            "glimepiride-pioglitazone": -0.0,
            "repaglinide": 0.0,
            "miglitol": -0.0,
            "tolbutamide": -0.0,
            "metformin-rosiglitazone": -0.0,
            "race": -0.09368570796967501,
            "admission_source_id": -0.5088313804426788,
            "diag_3": -0.6069545738197164,
            "nateglinide": -1.364829864620409,
            "number_emergency": -2.330176814996541,
            "diag_1": -3.0298933920227085,
            "number_diagnoses": -5.115754029138459,
            "age": -5.39997481643017,
            "insulin": -7.68563934344986,
            "discharge_disposition_id": -8.07327394490752,
            "pioglitazone": -15.874383428246212
        }
    },
    "DecisionTree": {
        "SHAP": {
            "number_inpatient": 39.64133470581084,
            "discharge_disposition_id": -27.13691584025733,
            "num_medications": -11.015820839930988,
            "number_diagnoses": -8.368077205607939,
            "diag_1": -6.457104921927528,
            "payer_code": 5.032087440378678,
            "admission_source_id": 0.9834026247616461,
            "number_emergency": -0.73123774540261,
            "medical_specialty": 0.634018675922447,
            "gender": 0.0,
            "num_lab_procedures": 0.0,
            "time_in_hospital": 0.0,
            "admission_type_id": 0.0,
            "age": 0.0,
            "race": 0.0,
            "number_outpatient": 0.0,
            "diag_2": 0.0,
            "num_procedures": 0.0,
            "diag_3": 0.0,
            "metformin": 0.0,
            "repaglinide": 0.0,
            "nateglinide": 0.0,
            "chlorpropamide": 0.0,
            "glimepiride": 0.0,
            "acetohexamide": 0.0,
            "glipizide": 0.0,
            "glyburide": 0.0,
            "tolbutamide": 0.0,
            "pioglitazone": 0.0,
            "rosiglitazone": 0.0,
            "acarbose": 0.0,
            "miglitol": 0.0,
            "troglitazone": 0.0,
            "tolazamide": 0.0,
            "insulin": 0.0,
            "glyburide-metformin": 0.0,
            "glipizide-metformin": 0.0,
            "glimepiride-pioglitazone": 0.0,
            "metformin-rosiglitazone": 0.0,
            "metformin-pioglitazone": 0.0,
            "change": 0.0,
            "diabetesMed": 0.0
        },
        "Lime": {
            "race": 0.0,
            "gender": 0.0,
            "age": 0.0,
            "admission_type_id": 0.0,
            "discharge_disposition_id": -17.622161232198927,
            "admission_source_id": 0.0,
            "time_in_hospital": 0.0,
            "payer_code": 2.489887570228076,
            "medical_specialty": 0.0,
            "num_lab_procedures": 0.0,
            "num_procedures": 0.0,
            "num_medications": 0.0,
            "number_outpatient": 0.0,
            "number_emergency": 0.0,
            "number_inpatient": 8.917709413057864,
            "diag_1": -3.8002914239256516,
            "diag_2": 0.0,
            "diag_3": 2.994538291151753,
            "number_diagnoses": -4.2166641836067935,
            "metformin": 0.0,