{
    "LogisticRegression": {
        "SHAP": {
            "diabetesMed": -23.730393736133806,
            "number_diagnoses": -18.32335266390658,
            "number_inpatient": -17.889158027877038,
            "discharge_disposition_id": -7.770656612908631,
            "time_in_hospital": -4.464963793188413,
            "payer_code": 4.323398045226227,
            "metformin": 3.5815971813492746,
            "change": -2.951070818067191,
            "number_emergency": -2.5204335277019876,
            "insulin": 1.8745302567162903,
            "glimepiride": 1.5191404551049694,
            "gender": 1.5157218634256941,
            "diag_2": -1.286649918928747,
            "age": -1.0807681030945329,
            "admission_type_id": 1.034746344797575,
            "num_medications": -0.7952658229603834,
            "diag_1": -0.7133958181101041,
            "num_lab_procedures": 0.5829554718087582,
            "glyburide": 0.5360164592634485,
            "num_procedures": 0.5158179058480228,
            "pioglitazone": 0.49053111147793976,
            "rosiglitazone": 0.47786350777673603,
            "diag_3": -0.39735133554167235,
            "medical_specialty": -0.36209459873170496,
            "admission_source_id": -0.2781606899605762,
            "glyburide-metformin": 0.2141541781842104,
            "acarbose": 0.205372808815279,
            "number_outpatient": 0.14782165887657672,
            "glipizide": 0.09268768622675204,
            "glipizide-metformin": -0.08567482864496784,
            "chlorpropamide": -0.05704572244972524,
            "race": 0.03089140323512671,
            "tolazamide": 0.028587961514384162,
            "tolbutamide": -0.025097600184598088,
            "troglitazone": -0.022428344304677415,
            "repaglinide": 0.014839757762667662,
            "miglitol": -0.014804071972144024,
            "metformin-rosiglitazone": -0.014564205257550382,
            "acetohexamide": -0.008237782769345526,
            "nateglinide": 0.007538747188736672,
            "glimepiride-pioglitazone": -0.007392264526122342,
            "metformin-pioglitazone": -0.006826908180817783
        },
        "Lime": {
            "race": -35.177696449728515,
            "gender": 0.0,
            "age": 0.0,
            "admission_type_id": 0.0,
            "discharge_disposition_id": -21.02789746406908,
            "admission_source_id": 0.0,
            "time_in_hospital": 0.0,
            "payer_code": 0.0,
            "medical_specialty": 0.0,
            "num_lab_procedures": 0.0,
            "num_procedures": 0.0,
            "num_medications": 0.0,
            "number_outpatient": 0.0,
            "number_emergency": -16.17362871039145,
            "number_inpatient": 0.0,
            "diag_1": 0.0,
            "diag_2": 0.0,
            "diag_3": 0.0,
            "number_diagnoses": -27.620777375810952,
            "metformin": 0.0,
            "repaglinide": 0.0,
            "nateglinide": 0.0,
            "chlorpropamide": 0.0,
            "glimepiride": 0.0,
            "acetohexamide": 0.0,
            "glipizide": 0.0,
            "glyburide": 0.0,
            "tolbutamide": 0.0,
            "pioglitazone": 0.0,
            "rosiglitazone": 0.0,
            "acarbose": 0.0,
            "miglitol": 0.0,
            "troglitazone": 0.0,
            "tolazamide": 0.0,
            "insulin": 0.0,
            "glyburide-metformin": 0.0,
            "glipizide-metformin": 0.0,
            "glimepiride-pioglitazone": 0.0,
            "metformin-rosiglitazone": 0.0,
            "metformin-pioglitazone": 0.0,
            "change": 0.0,
            "diabetesMed": 0.0
        },
        "Inherent": {
            "payer_code": 4.035916369907468,
            "metformin": 3.228626644456848,
            "insulin": 2.1773536151513144,
            "gender": 1.4497819121351836,
            "admission_type_id": 1.0729974078650668,
            "glimepiride": 1.0185028149664521,
            "pioglitazone": 0.6044747870948147,
            "num_lab_procedures": 0.580198855518925,
            "glyburide": 0.5506264259436161,
            "num_procedures": 0.49109801505953127,
            "rosiglitazone": 0.39278677445096133,
            "number_outpatient": 0.1869154144383825,
            "glyburide-metformin": 0.09799942562962558,
            "glipizide": 0.07529052209041392,
            "tolazamide": 0.04002599794340662,
            "race": 0.03872669933240948,
            "nateglinide": 0.02182097438452177,
            "metformin-rosiglitazone": -0.0,
            "troglitazone": -0.0,
            "miglitol": -0.0,
            "glipizide-metformin": -0.0,
            "glimepiride-pioglitazone": -0.0,
            "acetohexamide": -0.0,
            "tolbutamide": -0.0,
            "repaglinide": 0.0,
            "chlorpropamide": -0.0,
            "acarbose": -0.0,
            "metformin-pioglitazone": -0.0,
            "num_medications": -0.3266353356213224,
            "medical_specialty": -0.3805458685880119,
            "age": -0.44414166458973914,
            "diag_3": -0.4557830008157389,
            "admission_source_id": -0.5342130353584228,
            "diag_1": -0.8570508053631589,
            "diag_2": -1.2137404162850187,
            "number_emergency": -2.4464112810380323,
            "change": -2.876204785934413,
            "time_in_hospital": -3.36365665000017,
            "discharge_disposition_id": -8.47598702665896,
            "number_diagnoses": -16.3320400900948,
            "number_inpatient": -20.77955954933076,
            "diabetesMed": -25.450887833952514
        }
    },
    "DecisionTree": {
        "SHAP": {
            "discharge_disposition_id": -42.61650192845324,
            "number_inpatient": -35.1978582424924,
            "number_diagnoses": -13.165613593455067,
            "payer_code": 5.080838630637988,
            "diag_1": 1.9964991813889,
            "num_medications": -1.4240218835043055,
            "medical_specialty": -0.3200805450362267,
            "admission_source_id": 0.1985859950318798,
            "gender": 0.0,
            "race": 0.0,
            "num_lab_procedures": 0.0,
            "time_in_hospital": 0.0,
            "admission_type_id": 0.0,
            "age": 0.0,
            "number_emergency": 0.0,
            "number_outpatient": 0.0,
            "diag_2": 0.0,
            "num_procedures": 0.0,
            "diag_3": 0.0,
            "metformin": 0.0,
            "repaglinide": 0.0,
            "nateglinide": 0.0,
            "chlorpropamide": 0.0,
            "glimepiride": 0.0,
            "acetohexamide": 0.0,
            "glipizide": 0.0,
            "glyburide": 0.0,
            "tolbutamide": 0.0,
            "pioglitazone": 0.0,
            "rosiglitazone": 0.0,
            "acarbose": 0.0,
            "miglitol": 0.0,
            "troglitazone": 0.0,
            "tolazamide": 0.0,
            "insulin": 0.0,
            "glyburide-metformin": 0.0,
            "glipizide-metformin": 0.0,
            "glimepiride-pioglitazone": 0.0,
            "metformin-rosiglitazone": 0.0,
            "metformin-pioglitazone": 0.0,
            "change": 0.0,
            "diabetesMed": 0.0
        },
        "Lime": {
            "race": 0.0,
            "gender": 0.0,
            "age": 0.0,
            "admission_type_id": 0.0,
            "discharge_disposition_id": -17.103440151336386,
            "admission_source_id": 0.0,
            "time_in_hospital": 0.0,
            "payer_code": 5.239007402878148,
            "medical_specialty": 0.0,
            "num_lab_procedures": 0.0,
            "num_procedures": 0.0,
            "num_medications": 0.0,
            "number_outpatient": 0.0,
            "number_emergency": 0.0,
            "number_inpatient": -40.45630453685576,
            "diag_1": -4.933341418976287,
            "diag_2": 5.416940138495615,
            "diag_3": 0.0,
            "number_diagnoses": -7.658491522798118,
            "metformin": 0.0,