{
    "LogisticRegression": {
        "SHAP": {
            "number_inpatient": 24.752612512045662,
            "time_in_hospital": 12.297253235298776,
            "number_diagnoses": 8.52964281683412,
            "diabetesMed": 6.7440639622730005,
            "age": -6.109733904195479,
            "admission_source_id": -5.2615746298507915,
            "admission_type_id": -4.6844754206210455,
            "payer_code": 4.237016938570242,
            "metformin": 3.510037189675013,
            "num_procedures": 3.2179949260543643,
            "insulin": -3.1148804805711547,
            "change": -2.8921086867949386,
            "number_emergency": -2.470075491014585,
            "num_medications": 1.808480264403618,
            "discharge_disposition_id": -1.7213690660303358,
            "glimepiride": 1.4887881645443677,
            "gender": 1.4854378760213993,
            "num_lab_procedures": 1.2535555653427086,
            "diag_2": 1.055025237329403,
            "glyburide": 0.5253068982994461,
            "pioglitazone": 0.48073034369865986,
            "rosiglitazone": 0.4683158375875791,
            "diag_1": 0.4561020714002518,
            "diag_3": -0.3759212543790407,
            "glyburide-metformin": 0.2098753968383704,
            "acarbose": 0.20126947844483112,
            "number_outpatient": 0.1448681953398151,
            "medical_specialty": 0.09519084843807418,
            "glipizide": 0.09083579453741521,
            "glipizide-metformin": -0.08396305322352918,
            "chlorpropamide": -0.05590595401210974,
            "race": 0.030274195758578735,
            "tolazamide": 0.028016776597608362,
            "tolbutamide": -0.024596152375334062,
            "troglitazone": -0.021980227989401125,
            "repaglinide": 0.014543260728474524,
            "miglitol": -0.01450828793685709,
            "metformin-rosiglitazone": -0.01427321373778938,
            "acetohexamide": -0.008073192605644685,
            "nateglinide": 0.007388123693478859,
            "glimepiride-pioglitazone": -0.007244567741375607,
            "metformin-pioglitazone": -0.006690507165336689
        },
        "Lime": {
            "race": -14.729245727869,
            "gender": 0.0,
            "age": 0.0,
            "admission_type_id": 0.0,
            "discharge_disposition_id": -6.82299911763093,
            "admission_source_id": 0.0,
            "time_in_hospital": 9.593297300623794,
            "payer_code": 0.0,
            "medical_specialty": 0.0,
            "num_lab_procedures": 0.0,
            "num_procedures": 0.0,
            "num_medications": 0.0,
            "number_outpatient": 0.0,
            "number_emergency": -14.17255618393399,
            "number_inpatient": 54.68190166994228,
            "diag_1": 0.0,
            "diag_2": 0.0,
            "diag_3": 0.0,
            "number_diagnoses": 0.0,
            "metformin": 0.0,
            "repaglinide": 0.0,
            "nateglinide": 0.0,
            "chlorpropamide": 0.0,
            "glimepiride": 0.0,
            "acetohexamide": 0.0,
            "glipizide": 0.0,
            "glyburide": 0.0,
            "tolbutamide": 0.0,
            "pioglitazone": 0.0,
            "rosiglitazone": 0.0,
            "acarbose": 0.0,
            "miglitol": 0.0,
            "troglitazone": 0.0,
            "tolazamide": 0.0,
            "insulin": 0.0,
            "glyburide-metformin": 0.0,
            "glipizide-metformin": 0.0,
            "glimepiride-pioglitazone": 0.0,
            "metformin-rosiglitazone": 0.0,
            "metformin-pioglitazone": 0.0,
            "change": 0.0,
            "diabetesMed": 0.0
        },
        "Inherent": {
            "number_inpatient": 22.724320034722755,
            "time_in_hospital": 13.739210975828875,
            "number_diagnoses": 10.953789934158088,
            "diabetesMed": 5.527776242237802,
            "payer_code": 3.993291592297911,
            "num_procedures": 3.262547640276937,
            "metformin": 3.194527946641805,
            "num_medications": 2.3258768483019625,
            "gender": 1.4344702391659703,
            "num_lab_procedures": 1.272454577018408,
            "diag_2": 1.1698215904342903,
            "glimepiride": 1.0077460370742366,
            "pioglitazone": 0.5980907094755128,
            "glyburide": 0.5448110604105763,
            "rosiglitazone": 0.3886384107648895,
            "diag_1": 0.33456795103109094,
            "number_outpatient": 0.18494133290596046,
            "glyburide-metformin": 0.09696441812687527,
            "medical_specialty": 0.08416825212077207,
            "glipizide": 0.0744953515600878,
            "tolazamide": 0.03960326885177844,
            "race": 0.038317692604989614,
            "nateglinide": 0.02159051515417221,
            "troglitazone": -0.0,
            "acetohexamide": -0.0,
            "chlorpropamide": -0.0,
            "metformin-pioglitazone": -0.0,
            "metformin-rosiglitazone": -0.0,
            "glimepiride-pioglitazone": -0.0,
            "glipizide-metformin": -0.0,
            "repaglinide": 0.0,
            "miglitol": -0.0,
            "tolbutamide": -0.0,
            "acarbose": -0.0,
            "diag_3": -0.4371591959412659,
            "discharge_disposition_id": -2.353038079150025,
            "number_emergency": -2.4205738435794,
            "change": -2.8458281432779633,
            "insulin": -2.914719367481646,
            "admission_type_id": -4.771659592907797,
            "age": -5.609461785267031,
            "admission_source_id": -5.635537371229128
        }
    },
    "DecisionTree": {
        "SHAP": {
            "discharge_disposition_id": 48.58709387991016,
            "payer_code": 29.06842742598575,
            "number_inpatient": 11.166348743092744,
            "num_medications": 5.983772639239517,
            "admission_source_id": 1.4691562719018196,
            "number_diagnoses": 1.4346506791013294,
            "diag_1": -1.3871377337959057,
            "medical_specialty": 0.7577547388430963,
            "number_emergency": -0.14565788812966682,
            "gender": 0.0,
            "num_lab_procedures": 0.0,
            "time_in_hospital": 0.0,
            "admission_type_id": 0.0,
            "age": 0.0,
            "race": 0.0,
            "number_outpatient": 0.0,
            "diag_2": 0.0,
            "num_procedures": 0.0,
            "diag_3": 0.0,
            "metformin": 0.0,
            "repaglinide": 0.0,
            "nateglinide": 0.0,
            "chlorpropamide": 0.0,
            "glimepiride": 0.0,
            "acetohexamide": 0.0,
            "glipizide": 0.0,
            "glyburide": 0.0,
            "tolbutamide": 0.0,
            "pioglitazone": 0.0,
            "rosiglitazone": 0.0,
            "acarbose": 0.0,
            "miglitol": 0.0,
            "troglitazone": 0.0,
            "tolazamide": 0.0,
            "insulin": 0.0,
            "glyburide-metformin": 0.0,
            "glipizide-metformin": 0.0,
            "glimepiride-pioglitazone": 0.0,
            "metformin-rosiglitazone": 0.0,
            "metformin-pioglitazone": 0.0,
            "change": 0.0,
            "diabetesMed": 0.0
        },
        "Lime": {
            "race": 0.0,
            "gender": 0.0,
            "age": 0.0,
            "admission_type_id": 0.0,
            "discharge_disposition_id": 26.811263168892268,
            "admission_source_id": -2.7594594614181456,
            "time_in_hospital": 2.250951306503861,
            "payer_code": 4.980331310443778,
            "medical_specialty": 0.0,
            "num_lab_procedures": 0.0,
            "num_procedures": 0.0,
            "num_medications": 0.0,
            "number_outpatient": -2.9409869985616934,
            "number_emergency": -5.804764546907404,
            "number_inpatient": 9.978834897581608,
            "diag_1": -2.8191353808637105,
            "diag_2": 0.0,
            "diag_3": -2.879033338486084,