{
    "LogisticRegression": {
        "SHAP": {
            "discharge_disposition_id": 37.460364156252325,
            "number_inpatient": -10.915561605888824,
            "glimepiride": -7.245632679049736,
            "age": 5.629671330558459,
            "number_diagnoses": 5.310703454766478,
            "payer_code": -4.936328573044673,
            "time_in_hospital": -4.207406618352595,
            "diabetesMed": 4.198971112005223,
            "metformin": 2.185409990764966,
            "num_medications": -2.09649777046574,
            "num_procedures": 2.0035794157159095,
            "diag_2": -1.8626799469072668,
            "change": -1.8006769948454595,
            "admission_source_id": 1.6940047072165256,
            "diag_1": -1.5441805596622018,
            "number_emergency": -1.537911812412094,
            "num_lab_procedures": -1.1734984988910229,
            "insulin": 1.1437961734925484,
            "admission_type_id": -0.787826876921535,
            "gender": -0.6760409047395612,
            "glyburide": 0.32706517957653236,
            "pioglitazone": 0.2993110440747778,
            "rosiglitazone": 0.29158155739999975,
            "glyburide-metformin": 0.13067205966236595,
            "acarbose": 0.12531386571152348,
            "number_outpatient": 0.09019744929512713,
            "medical_specialty": 0.05926747209912671,
            "glipizide": 0.056555940058151025,
            "glipizide-metformin": -0.05227685219677702,
            "chlorpropamide": -0.03480801593803725,
            "race": 0.01884923899603983,
            "tolazamide": 0.017443730700503597,
            "tolbutamide": -0.015313990772960827,
            "troglitazone": -0.013685270910698382,
            "diag_3": 0.01163770000371516,
            "repaglinide": 0.009054886195451028,
            "miglitol": -0.00903311152923652,
            "metformin-rosiglitazone": -0.008886750258556876,
            "acetohexamide": -0.00502650964201872,
            "nateglinide": 0.0045999738635905995,
            "glimepiride-pioglitazone": -0.004510593439678546,
            "metformin-pioglitazone": -0.004165625721978508
        },
        "Lime": {
            "race": 0.0,
            "gender": 0.0,
            "age": 0.0,
            "admission_type_id": -10.353661187887317,
            "discharge_disposition_id": 34.65147807911083,
            "admission_source_id": 9.662162749200034,
            "time_in_hospital": 0.0,
            "payer_code": 0.0,
            "medical_specialty": 0.0,
            "num_lab_procedures": 0.0,
            "num_procedures": 0.0,
            "num_medications": -13.09570505512608,
            "number_outpatient": 0.0,
            "number_emergency": -32.23699292867574,
            "number_inpatient": 0.0,
            "diag_1": 0.0,
            "diag_2": 0.0,
            "diag_3": 0.0,
            "number_diagnoses": 0.0,
            "metformin": 0.0,
            "repaglinide": 0.0,
            "nateglinide": 0.0,
            "chlorpropamide": 0.0,
            "glimepiride": 0.0,
            "acetohexamide": 0.0,
            "glipizide": 0.0,
            "glyburide": 0.0,
            "tolbutamide": 0.0,
            "pioglitazone": 0.0,
            "rosiglitazone": 0.0,
            "acarbose": 0.0,
            "miglitol": 0.0,
            "troglitazone": 0.0,
            "tolazamide": 0.0,
            "insulin": 0.0,
            "glyburide-metformin": 0.0,
            "glipizide-metformin": 0.0,
            "glimepiride-pioglitazone": 0.0,
            "metformin-rosiglitazone": 0.0,
            "metformin-pioglitazone": 0.0,
            "change": 0.0,
            "diabetesMed": 0.0
        },
        "Inherent": {
            "discharge_disposition_id": 36.71506947468192,
            "number_diagnoses": 6.593154583853958,
            "age": 5.959215408542178,
            "diabetesMed": 3.327203049273226,
            "num_procedures": 1.9637478040779226,
            "metformin": 1.9228063255961843,
            "admission_source_id": 1.5261987720515788,
            "insulin": 1.2967214129452198,
            "pioglitazone": 0.3599945339870192,
            "glyburide": 0.3279251804052795,
            "rosiglitazone": 0.23392388705628314,
            "number_outpatient": 0.11131734350597745,
            "glyburide-metformin": 0.05836348895557638,
            "medical_specialty": 0.050661396705677854,
            "glipizide": 0.04483921743675063,
            "tolazamide": 0.023837454902386052,
            "race": 0.02306365852913462,
            "nateglinide": 0.012995465935730479,
            "troglitazone": -0.0,
            "miglitol": -0.0,
            "acarbose": -0.0,
            "glipizide-metformin": -0.0,
            "glimepiride-pioglitazone": -0.0,
            "acetohexamide": -0.0,
            "chlorpropamide": -0.0,
            "repaglinide": 0.0,
            "metformin-pioglitazone": -0.0,
            "metformin-rosiglitazone": -0.0,
            "tolbutamide": -0.0,
            "diag_3": -0.019991308988263467,
            "gender": -0.7208340399682418,
            "admission_type_id": -0.7654229753869383,
            "num_lab_procedures": -1.1677637975990962,
            "number_emergency": -1.456958516484381,
            "diag_1": -1.607765925087842,
            "change": -1.7129217358097737,
            "num_medications": -1.7890146919509156,
            "diag_2": -1.7892302025864584,
            "time_in_hospital": -3.470786244387821,
            "payer_code": -5.092006880002277,
            "glimepiride": -7.481013159660395,
            "number_inpatient": -12.3752520636456
        }
    },
    "DecisionTree": {
        "SHAP": {
            "number_inpatient": -44.92226896373657,
            "discharge_disposition_id": -37.154545558019045,
            "diag_1": -5.507416476393348,
            "number_diagnoses": 3.8754153787992767,
            "age": -3.0926951386732604,
            "payer_code": -2.8311981934777473,
            "medical_specialty": 0.9512460876106875,
            "num_medications": -0.7695210954840229,
            "admission_source_id": -0.6639488547230235,
            "num_lab_procedures": -0.23174425308301966,
            "time_in_hospital": 0.0,
            "admission_type_id": 0.0,
            "race": 0.0,
            "gender": 0.0,
            "number_emergency": 0.0,
            "number_outpatient": 0.0,
            "diag_2": 0.0,
            "num_procedures": 0.0,
            "diag_3": 0.0,
            "metformin": 0.0,
            "repaglinide": 0.0,
            "nateglinide": 0.0,
            "chlorpropamide": 0.0,
            "glimepiride": 0.0,
            "acetohexamide": 0.0,
            "glipizide": 0.0,
            "glyburide": 0.0,
            "tolbutamide": 0.0,
            "pioglitazone": 0.0,
            "rosiglitazone": 0.0,
            "acarbose": 0.0,
            "miglitol": 0.0,
            "troglitazone": 0.0,
            "tolazamide": 0.0,
            "insulin": 0.0,
            "glyburide-metformin": 0.0,
            "glipizide-metformin": 0.0,
            "glimepiride-pioglitazone": 0.0,
            "metformin-rosiglitazone": 0.0,
            "metformin-pioglitazone": 0.0,
            "change": 0.0,
            "diabetesMed": 0.0
        },
        "Lime": {
            "race": 0.0,
            "gender": 0.0,
            "age": 0.0,
            "admission_type_id": 0.0,
            "discharge_disposition_id": 0.0,
            "admission_source_id": 0.0,
            "time_in_hospital": 0.0,
            "payer_code": 0.0,
            "medical_specialty": 2.8896488210411544,
            "num_lab_procedures": 0.0,
            "num_procedures": 0.0,
            "num_medications": -2.7120434947465344,
            "number_outpatient": 0.0,
            "number_emergency": -2.8331601854542363,
            "number_inpatient": -35.523000387637715,
            "diag_1": -3.6661638746702043,
            "diag_2": -11.956995028047812,
            "diag_3": -4.4881122144228875,