{
    "LogisticRegression": {
        "SHAP": {
            "number_inpatient": -18.59177137722165,
            "number_diagnoses": -13.425339862357799,
            "time_in_hospital": -9.692078721427176,
            "discharge_disposition_id": 7.55016017948423,
            "diabetesMed": 7.151836410491548,
            "num_medications": -4.668560772593267,
            "rosiglitazone": -4.536051910461445,
            "age": 4.232719724880068,
            "admission_type_id": -3.759096286675239,
            "metformin": 3.722267747715203,
            "num_procedures": 3.412567468173284,
            "change": -3.066976874037194,
            "admission_source_id": 2.88528885325662,
            "number_emergency": -2.6194259028567903,
            "payer_code": -2.387294229354173,
            "insulin": 1.948154179098039,
            "glimepiride": 1.578806111902394,
            "gender": 1.5752532518497235,
            "num_lab_procedures": -0.6482130646369396,
            "glyburide": 0.5570690051216745,
            "pioglitazone": 0.5097971779219932,
            "glyburide-metformin": 0.22256528306548404,
            "acarbose": 0.2134390172327547,
            "diag_2": 0.1945149290463434,
            "number_outpatient": 0.15362749225828756,
            "diag_1": 0.14337564863057628,
            "medical_specialty": 0.1009464589323898,
            "glipizide": 0.09632808146286642,
            "glipizide-metformin": -0.08903978736549352,
            "chlorpropamide": -0.059286246349940425,
            "race": 0.0321046918795204,
            "tolazamide": 0.029710780339018365,
            "tolbutamide": -0.02608333181594335,
            "troglitazone": -0.023309238424322785,
            "diag_3": 0.01982174308915421,
            "repaglinide": 0.015422603075389627,
            "miglitol": -0.015385515692193784,
            "metformin-rosiglitazone": -0.01513622798889434,
            "acetohexamide": -0.008561329362970764,
            "nateglinide": 0.007834838508623636,
            "glimepiride-pioglitazone": -0.007682602602953372,
            "metformin-pioglitazone": -0.007095041360429579
        },
        "Lime": {
            "race": -26.901494279601657,
            "gender": 0.0,
            "age": 0.0,
            "admission_type_id": 0.0,
            "discharge_disposition_id": 27.496296883802984,
            "admission_source_id": 0.0,
            "time_in_hospital": -9.179389970836306,
            "payer_code": 0.0,
            "medical_specialty": 0.0,
            "num_lab_procedures": 0.0,
            "num_procedures": 0.0,
            "num_medications": 0.0,
            "number_outpatient": 0.0,
            "number_emergency": -20.273667546978537,
            "number_inpatient": 0.0,
            "diag_1": 0.0,
            "diag_2": 0.0,
            "diag_3": 0.0,
            "number_diagnoses": -16.149151318780522,
            "metformin": 0.0,
            "repaglinide": 0.0,
            "nateglinide": 0.0,
            "chlorpropamide": 0.0,
            "glimepiride": 0.0,
            "acetohexamide": 0.0,
            "glipizide": 0.0,
            "glyburide": 0.0,
            "tolbutamide": 0.0,
            "pioglitazone": 0.0,
            "rosiglitazone": 0.0,
            "acarbose": 0.0,
            "miglitol": 0.0,
            "troglitazone": 0.0,
            "tolazamide": 0.0,
            "insulin": 0.0,
            "glyburide-metformin": 0.0,
            "glipizide-metformin": 0.0,
            "glimepiride-pioglitazone": 0.0,
            "metformin-rosiglitazone": 0.0,
            "metformin-pioglitazone": 0.0,
            "change": 0.0,
            "diabetesMed": 0.0
        },
        "Inherent": {
            "discharge_disposition_id": 7.224223144706536,
            "diabetesMed": 5.962855430627616,
            "age": 5.102891973994128,
            "num_procedures": 3.519335635523313,
            "metformin": 3.4459622604429794,
            "admission_source_id": 2.735181021829375,
            "insulin": 2.32392258743586,
            "gender": 1.547374256998106,
            "glimepiride": 1.087063525463711,
            "pioglitazone": 0.6451651222337165,
            "glyburide": 0.5876919484208458,
            "diag_2": 0.29945617955773063,
            "number_outpatient": 0.19949766107381,
            "glyburide-metformin": 0.1045962755850297,
            "medical_specialty": 0.09079295131555531,
            "glipizide": 0.08035871788955698,
            "tolazamide": 0.04272035559960237,
            "race": 0.0413335944557491,
            "nateglinide": 0.023289857421035107,
            "diag_1": 0.006555394866723839,
            "acarbose": -0.0,
            "glipizide-metformin": -0.0,
            "glimepiride-pioglitazone": -0.0,
            "troglitazone": -0.0,
            "chlorpropamide": -0.0,
            "repaglinide": 0.0,
            "metformin-rosiglitazone": -0.0,
            "acetohexamide": -0.0,
            "miglitol": -0.0,
            "tolbutamide": -0.0,
            "metformin-pioglitazone": -0.0,
            "diag_3": -0.03582747539019596,
            "num_lab_procedures": -0.6865544652795569,
            "number_emergency": -2.6110919212206536,
            "payer_code": -2.85680406702297,
            "change": -3.0698170575566333,
            "admission_type_id": -3.888735907265802,
            "num_medications": -4.349212998048245,
            "rosiglitazone": -4.821113844195728,
            "time_in_hospital": -8.850275003444525,
            "number_diagnoses": -11.581959816782394,
            "number_inpatient": -22.178339548352312
        }
    },
    "DecisionTree": {
        "SHAP": {
            "discharge_disposition_id": 45.1847503777371,
            "number_inpatient": -39.190205731295535,
            "number_diagnoses": -8.845857270880613,
            "payer_code": -3.256164996538665,
            "medical_specialty": 1.0940294539279554,
            "num_medications": -0.8850272866751382,
            "diag_1": -0.7803563778175534,
            "admission_source_id": -0.7636085051274375,
            "gender": 0.0,
            "race": 0.0,
            "num_lab_procedures": 0.0,
            "time_in_hospital": 0.0,
            "admission_type_id": 0.0,
            "age": 0.0,
            "number_emergency": 0.0,
            "number_outpatient": 0.0,
            "diag_2": 0.0,
            "num_procedures": 0.0,
            "diag_3": 0.0,
            "metformin": 0.0,
            "repaglinide": 0.0,
            "nateglinide": 0.0,
            "chlorpropamide": 0.0,
            "glimepiride": 0.0,
            "acetohexamide": 0.0,
            "glipizide": 0.0,
            "glyburide": 0.0,
            "tolbutamide": 0.0,
            "pioglitazone": 0.0,
            "rosiglitazone": 0.0,
            "acarbose": 0.0,
            "miglitol": 0.0,
            "troglitazone": 0.0,
            "tolazamide": 0.0,
            "insulin": 0.0,
            "glyburide-metformin": 0.0,
            "glipizide-metformin": 0.0,
            "glimepiride-pioglitazone": 0.0,
            "metformin-rosiglitazone": 0.0,
            "metformin-pioglitazone": 0.0,
            "change": 0.0,
            "diabetesMed": 0.0
        },
        "Lime": {
            "race": 0.0,
            "gender": 0.0,
            "age": 0.0,
            "admission_type_id": 2.9090982769128764,
            "discharge_disposition_id": 0.0,
            "admission_source_id": 0.0,
            "time_in_hospital": 0.0,
            "payer_code": -5.101648575752004,
            "medical_specialty": 0.0,
            "num_lab_procedures": -3.7652000118812397,
            "num_procedures": 0.0,
            "num_medications": 0.0,
            "number_outpatient": 0.0,
            "number_emergency": -5.140805043975218,
            "number_inpatient": -35.94538976163127,
            "diag_1": 0.0,
            "diag_2": 0.0,
            "diag_3": -4.38240230908172,
            "number_diagnoses": -5.408320916967284,