{
    "LogisticRegression": {
        "SHAP": {
            "number_inpatient": -16.158315443153644,
            "number_diagnoses": -11.668112307647164,
            "metformin": -10.79540071660709,
            "payer_code": -8.054741175746276,
            "discharge_disposition_id": -7.018816679697373,
            "diabetesMed": 6.215740629219354,
            "num_medications": -4.057498131755115,
            "time_in_hospital": -4.032961937066639,
            "rosiglitazone": -3.9423332047615207,
            "age": 3.6787038259767675,
            "diag_1": 3.629390398635366,
            "change": 3.293265051942994,
            "num_procedures": 2.9659003708138543,
            "insulin": -2.8708638095008454,
            "diag_2": -2.6884707196409106,
            "number_emergency": -2.2765722081858266,
            "glimepiride": 1.372157965052932,
            "gender": 1.3690701348353784,
            "admission_source_id": -1.1708756971818721,
            "glyburide": 0.48415487291264975,
            "pioglitazone": 0.4430704017254375,
            "num_lab_procedures": 0.3588721227835906,
            "diag_3": -0.3464719533062341,
            "glyburide-metformin": 0.1934339648169823,
            "acarbose": 0.18550222560013782,
            "number_outpatient": 0.13351936350139312,
            "admission_type_id": -0.1157950159151236,
            "race": -0.09422120517504246,
            "glipizide": 0.08371980779721697,
            "glipizide-metformin": -0.07738547027346107,
            "chlorpropamide": -0.05152633659945595,
            "medical_specialty": -0.03736299969914972,
            "tolazamide": 0.025821969894073024,
            "tolbutamide": -0.022669314006670053,
            "troglitazone": -0.020258318562444033,
            "repaglinide": 0.013403955997007205,
            "miglitol": -0.013371722939463598,
            "metformin-rosiglitazone": -0.013155064221782354,
            "acetohexamide": -0.007440746642845615,
            "nateglinide": 0.006809345354989346,
            "glimepiride-pioglitazone": -0.006677035434880921,
            "metformin-pioglitazone": -0.0061663794190425026
        },
        "Lime": {
            "race": -23.029947934547994,
            "gender": 0.0,
            "age": 0.0,
            "admission_type_id": 0.0,
            "discharge_disposition_id": -15.457120075827754,
            "admission_source_id": 0.0,
            "time_in_hospital": -5.670241360078554,
            "payer_code": 0.0,
            "medical_specialty": 0.0,
            "num_lab_procedures": 0.0,
            "num_procedures": 0.0,
            "num_medications": -7.044316957791996,
            "number_outpatient": 0.0,
            "number_emergency": -24.525744495504508,
            "number_inpatient": 0.0,
            "diag_1": 0.0,
            "diag_2": 0.0,
            "diag_3": 0.0,
            "number_diagnoses": -24.272629176249197,
            "metformin": 0.0,
            "repaglinide": 0.0,
            "nateglinide": 0.0,
            "chlorpropamide": 0.0,
            "glimepiride": 0.0,
            "acetohexamide": 0.0,
            "glipizide": 0.0,
            "glyburide": 0.0,
            "tolbutamide": 0.0,
            "pioglitazone": 0.0,
            "rosiglitazone": 0.0,
            "acarbose": 0.0,
            "miglitol": 0.0,
            "troglitazone": 0.0,
            "tolazamide": 0.0,
            "insulin": 0.0,
            "glyburide-metformin": 0.0,
            "glipizide-metformin": 0.0,
            "glimepiride-pioglitazone": 0.0,
            "metformin-rosiglitazone": 0.0,
            "metformin-pioglitazone": 0.0,
            "change": 0.0,
            "diabetesMed": 0.0
        },
        "Inherent": {
            "diabetesMed": 5.059773416945453,
            "age": 4.330052515937349,
            "diag_1": 3.568615450448519,
            "change": 3.4529928895091557,
            "num_procedures": 2.9863277922965548,
            "gender": 1.313022464272736,
            "glimepiride": 0.9224263765343986,
            "pioglitazone": 0.5474540466386809,
            "glyburide": 0.4986852578546737,
            "num_lab_procedures": 0.3549999337022903,
            "number_outpatient": 0.1692834874143197,
            "glyburide-metformin": 0.08875503705796367,
            "glipizide": 0.06818828819980353,
            "tolazamide": 0.0362503035903008,
            "nateglinide": 0.019762578991622457,
            "metformin-rosiglitazone": -0.0,
            "tolbutamide": -0.0,
            "glimepiride-pioglitazone": -0.0,
            "metformin-pioglitazone": -0.0,
            "troglitazone": -0.0,
            "acarbose": -0.0,
            "glipizide-metformin": -0.0,
            "acetohexamide": -0.0,
            "miglitol": -0.0,
            "repaglinide": 0.0,
            "chlorpropamide": -0.0,
            "medical_specialty": -0.05013435322870853,
            "race": -0.08908065800479582,
            "admission_type_id": -0.09611015314426,
            "diag_3": -0.4001476148212206,
            "admission_source_id": -1.418738342439344,
            "number_emergency": -2.2156387398449344,
            "diag_2": -2.650932983028945,
            "insulin": -2.6679480006356693,
            "time_in_hospital": -3.0463593914246463,
            "num_medications": -3.690519176286976,
            "rosiglitazone": -4.090950041088234,
            "discharge_disposition_id": -7.676438283394556,
            "payer_code": -8.503479086476595,
            "number_diagnoses": -9.82785732085372,
            "metformin": -11.33967410617911,
            "number_inpatient": -18.81940190975445
        }
    },
    "DecisionTree": {
        "SHAP": {
            "number_inpatient": -32.84691517790487,
            "discharge_disposition_id": -32.54683820445884,
            "number_diagnoses": -22.137392717525252,
            "diag_1": 8.772853279259268,
            "payer_code": -1.8300514922440165,
            "num_medications": -1.3677707451187717,
            "medical_specialty": -0.30743685237818796,
            "admission_source_id": 0.19074153111080736,
            "gender": 0.0,
            "race": 0.0,
            "num_lab_procedures": 0.0,
            "time_in_hospital": 0.0,
            "admission_type_id": 0.0,
            "age": 0.0,
            "number_emergency": 0.0,
            "number_outpatient": 0.0,
            "diag_2": 0.0,
            "num_procedures": 0.0,
            "diag_3": 0.0,
            "metformin": 0.0,
            "repaglinide": 0.0,
            "nateglinide": 0.0,
            "chlorpropamide": 0.0,
            "glimepiride": 0.0,
            "acetohexamide": 0.0,
            "glipizide": 0.0,
            "glyburide": 0.0,
            "tolbutamide": 0.0,
            "pioglitazone": 0.0,
            "rosiglitazone": 0.0,
            "acarbose": 0.0,
            "miglitol": 0.0,
            "troglitazone": 0.0,
            "tolazamide": 0.0,
            "insulin": 0.0,
            "glyburide-metformin": 0.0,
            "glipizide-metformin": 0.0,
            "glimepiride-pioglitazone": 0.0,
            "metformin-rosiglitazone": 0.0,
            "metformin-pioglitazone": 0.0,
            "change": 0.0,
            "diabetesMed": 0.0
        },
        "Lime": {
            "race": 0.0,
            "gender": -2.947347117570618,
            "age": 0.0,
            "admission_type_id": 0.0,
            "discharge_disposition_id": -15.240537300049247,
            "admission_source_id": 5.14953787965352,
            "time_in_hospital": 0.0,
            "payer_code": -4.876942095868997,
            "medical_specialty": 0.0,
            "num_lab_procedures": -2.353782652848929,
            "num_procedures": 0.0,
            "num_medications": 0.0,
            "number_outpatient": 0.0,
            "number_emergency": -3.323859520287832,
            "number_inpatient": -34.14870227402959,
            "diag_1": 0.0,
            "diag_2": 0.0,
            "diag_3": 0.0,