{
    "LogisticRegression": {
        "SHAP": {
            "number_inpatient": 29.198571931000096,
            "age": 10.666020214097857,
            "insulin": -9.515769593674973,
            "diabetesMed": 7.955404166484067,
            "time_in_hospital": -5.1617086540885895,
            "change": 4.214985160803608,
            "metformin": 4.140495202812886,
            "num_procedures": 3.7959975447547754,
            "num_medications": 3.3543824757314566,
            "number_emergency": -2.913739988629152,
            "payer_code": -2.6555264087090933,
            "diag_2": 2.5076851749496925,
            "number_diagnoses": -2.4360431482211484,
            "discharge_disposition_id": -2.0305540867585523,
            "glimepiride": 1.7561979888513082,
            "gender": -1.2808324912981859,
            "admission_type_id": 1.196215559659477,
            "number_outpatient": -1.0827535634688983,
            "glyburide": 0.6196602984183066,
            "pioglitazone": 0.5670770918855089,
            "diag_1": -0.5597411235657449,
            "rosiglitazone": 0.5524327447687822,
            "diag_3": -0.40763559808504446,
            "admission_source_id": -0.3215668720062501,
            "glyburide-metformin": 0.2475723266847156,
            "acarbose": 0.23742064967996346,
            "medical_specialty": 0.11228862545072549,
            "glipizide": 0.10715133521439622,
            "glipizide-metformin": -0.09904414121541932,
            "chlorpropamide": -0.06594754468036,
            "race": 0.03571191857343807,
            "tolazamide": 0.03304903134414318,
            "num_lab_procedures": 0.030092092695752855,
            "tolbutamide": -0.029014009087224124,
            "troglitazone": -0.02592822344291891,
            "repaglinide": 0.01715545962209053,
            "miglitol": -0.017114205165771116,
            "metformin-rosiglitazone": -0.016836907934730937,
            "acetohexamide": -0.009523265267212517,
            "nateglinide": 0.008715147178674124,
            "glimepiride-pioglitazone": -0.00854580631448978,
            "metformin-pioglitazone": -0.007892227724523531
        },
        "Lime": {
            "race": -14.561801254490492,
            "gender": 0.0,
            "age": 0.0,
            "admission_type_id": 0.0,
            "discharge_disposition_id": -9.586591113929103,
            "admission_source_id": 0.0,
            "time_in_hospital": 0.0,
            "payer_code": 0.0,
            "medical_specialty": 0.0,
            "num_lab_procedures": 0.0,
            "num_procedures": 0.0,
            "num_medications": 0.0,
            "number_outpatient": 0.0,
            "number_emergency": -16.778193094105546,
            "number_inpatient": 59.07341453747487,
            "diag_1": 0.0,
            "diag_2": 0.0,
            "diag_3": 0.0,
            "number_diagnoses": 0.0,
            "metformin": 0.0,
            "repaglinide": 0.0,
            "nateglinide": 0.0,
            "chlorpropamide": 0.0,
            "glimepiride": 0.0,
            "acetohexamide": 0.0,
            "glipizide": 0.0,
            "glyburide": 0.0,
            "tolbutamide": 0.0,
            "pioglitazone": 0.0,
            "rosiglitazone": 0.0,
            "acarbose": 0.0,
            "miglitol": 0.0,
            "troglitazone": 0.0,
            "tolazamide": 0.0,
            "insulin": 0.0,
            "glyburide-metformin": 0.0,
            "glipizide-metformin": 0.0,
            "glimepiride-pioglitazone": 0.0,
            "metformin-rosiglitazone": 0.0,
            "metformin-pioglitazone": 0.0,
            "change": 0.0,
            "diabetesMed": 0.0
        },
        "Inherent": {
            "number_inpatient": 28.228742207382524,
            "age": 12.298746911350994,
            "diabetesMed": 6.866747620337691,
            "change": 4.686144764441648,
            "num_medications": 4.205558557041756,
            "num_procedures": 4.052821652571197,
            "metformin": 3.9683258175487466,
            "diag_2": 2.81484905973418,
            "admission_type_id": 1.3188280295909378,
            "glimepiride": 1.251848374235724,
            "pioglitazone": 0.7429638567234141,
            "glyburide": 0.6767784889739825,
            "rosiglitazone": 0.4827767560307883,
            "number_diagnoses": 0.13472359554694224,
            "glyburide-metformin": 0.1204517256582373,
            "medical_specialty": 0.10455599496630834,
            "glipizide": 0.09254006595686047,
            "tolazamide": 0.049196212044113424,
            "race": 0.0475992357472172,
            "nateglinide": 0.026820300254548356,
            "num_lab_procedures": 0.01908610141213472,
            "troglitazone": -0.0,
            "acetohexamide": -0.0,
            "miglitol": -0.0,
            "acarbose": -0.0,
            "glipizide-metformin": -0.0,
            "metformin-pioglitazone": -0.0,
            "glimepiride-pioglitazone": -0.0,
            "metformin-rosiglitazone": -0.0,
            "tolbutamide": -0.0,
            "repaglinide": 0.0,
            "chlorpropamide": -0.0,
            "diag_3": -0.5044511483996837,
            "admission_source_id": -0.6566046848196494,
            "diag_1": -0.7677647286761935,
            "number_outpatient": -1.1216665922250508,
            "gender": -1.4876715834014183,
            "discharge_disposition_id": -2.9230051873493164,
            "number_emergency": -3.006899872908325,
            "payer_code": -3.2898588196924052,
            "time_in_hospital": -4.134292067644989,
            "insulin": -9.917679987333026
        }
    },
    "DecisionTree": {
        "SHAP": {
            "discharge_disposition_id": 40.635879000915025,
            "payer_code": -26.969421739087558,
            "number_inpatient": 11.652765582837432,
            "num_medications": 11.103379166841892,
            "admission_source_id": 2.7261395319897965,
            "number_diagnoses": 2.662111584515979,
            "diag_1": -2.57394743141965,
            "medical_specialty": 1.4060758468114944,
            "number_emergency": -0.27028011558117504,
            "gender": 0.0,
            "num_lab_procedures": 0.0,
            "time_in_hospital": 0.0,
            "admission_type_id": 0.0,
            "age": 0.0,
            "race": 0.0,
            "number_outpatient": 0.0,
            "diag_2": 0.0,
            "num_procedures": 0.0,
            "diag_3": 0.0,
            "metformin": 0.0,
            "repaglinide": 0.0,
            "nateglinide": 0.0,
            "chlorpropamide": 0.0,
            "glimepiride": 0.0,
            "acetohexamide": 0.0,
            "glipizide": 0.0,
            "glyburide": 0.0,
            "tolbutamide": 0.0,
            "pioglitazone": 0.0,
            "rosiglitazone": 0.0,
            "acarbose": 0.0,
            "miglitol": 0.0,
            "troglitazone": 0.0,
            "tolazamide": 0.0,
            "insulin": 0.0,
            "glyburide-metformin": 0.0,
            "glipizide-metformin": 0.0,
            "glimepiride-pioglitazone": 0.0,
            "metformin-rosiglitazone": 0.0,
            "metformin-pioglitazone": 0.0,
            "change": 0.0,
            "diabetesMed": 0.0
        },
        "Lime": {
            "race": 0.0,
            "gender": 0.0,
            "age": 0.0,
            "admission_type_id": 0.0,
            "discharge_disposition_id": 26.544321964841366,
            "admission_source_id": 2.1922839568000203,
            "time_in_hospital": 0.0,
            "payer_code": 0.0,
            "medical_specialty": 0.0,
            "num_lab_procedures": 0.0,
            "num_procedures": 0.0,
            "num_medications": 0.0,
            "number_outpatient": 3.5208709069046296,
            "number_emergency": 0.0,
            "number_inpatient": 8.261102141650152,
            "diag_1": 0.0,
            "diag_2": -12.065426082977837,
            "diag_3": 0.0,
            "number_diagnoses": 2.1823372074266043,
            "metformin": 0.0,