{
    "LogisticRegression": {
        "SHAP": {
            "number_inpatient": 53.60970318113064,
            "number_diagnoses": 6.8211867693730275,
            "discharge_disposition_id": 5.693631687440904,
            "diabetesMed": 5.393252784333638,
            "num_medications": 4.343574324927408,
            "metformin": 2.8069896656124085,
            "insulin": -2.490981390254323,
            "payer_code": -2.448855539705246,
            "change": -2.3128299664576786,
            "time_in_hospital": 2.21503557820299,
            "number_emergency": -1.9753284657369659,
            "num_procedures": -1.7649229199711625,
            "glimepiride": 1.190589377358999,
            "diag_2": -1.1079552064628606,
            "diag_1": 0.9549860022239507,
            "gender": -0.868322118574636,
            "age": -0.8470257102355127,
            "admission_type_id": 0.8109572766870456,
            "glyburide": 0.4200898609105555,
            "pioglitazone": 0.38444182605181393,
            "rosiglitazone": 0.37451389980077837,
            "admission_source_id": -0.2180016742711447,
            "glyburide-metformin": 0.16783812767697598,
            "num_lab_procedures": -0.1614647721081695,
            "acarbose": 0.16095594304804184,
            "number_outpatient": 0.11585162926220471,
            "glipizide": 0.0726417193767181,
            "glipizide-metformin": -0.06714556284047019,
            "chlorpropamide": -0.04470819728628691,
            "race": 0.024210385826973407,
            "tolazamide": 0.022405119411438374,
            "tolbutamide": -0.01966963362510218,
            "troglitazone": -0.017577669261038816,
            "repaglinide": 0.011630299157290257,
            "miglitol": -0.011602331287053293,
            "metformin-rosiglitazone": -0.011414341584443825,
            "medical_specialty": 0.007570699536285087,
            "diag_3": -0.006629940694020836,
            "acetohexamide": -0.006456161854695707,
            "nateglinide": 0.0059083097230036635,
            "glimepiride-pioglitazone": -0.005793507499489818,
            "metformin-pioglitazone": -0.00535042321661118
        },
        "Lime": {
            "race": 0.0,
            "gender": 0.0,
            "age": 0.0,
            "admission_type_id": 0.0,
            "discharge_disposition_id": 16.37357158953778,
            "admission_source_id": 0.0,
            "time_in_hospital": 9.718717051150886,
            "payer_code": 0.0,
            "medical_specialty": 0.0,
            "num_lab_procedures": 0.0,
            "num_procedures": -4.540108191463528,
            "num_medications": 4.078373586469477,
            "number_outpatient": 0.0,
            "number_emergency": -12.935237037184827,
            "number_inpatient": 52.35399254419348,
            "diag_1": 0.0,
            "diag_2": 0.0,
            "diag_3": 0.0,
            "number_diagnoses": 0.0,
            "metformin": 0.0,
            "repaglinide": 0.0,
            "nateglinide": 0.0,
            "chlorpropamide": 0.0,
            "glimepiride": 0.0,
            "acetohexamide": 0.0,
            "glipizide": 0.0,
            "glyburide": 0.0,
            "tolbutamide": 0.0,
            "pioglitazone": 0.0,
            "rosiglitazone": 0.0,
            "acarbose": 0.0,
            "miglitol": 0.0,
            "troglitazone": 0.0,
            "tolazamide": 0.0,
            "insulin": 0.0,
            "glyburide-metformin": 0.0,
            "glipizide-metformin": 0.0,
            "glimepiride-pioglitazone": 0.0,
            "metformin-rosiglitazone": 0.0,
            "metformin-pioglitazone": 0.0,
            "change": 0.0,
            "diabetesMed": 0.0
        },
        "Inherent": {
            "number_inpatient": 52.69058497853123,
            "number_diagnoses": 8.743714950598688,
            "discharge_disposition_id": 5.345876359896247,
            "num_medications": 4.817009496944067,
            "diabetesMed": 4.412472766352517,
            "time_in_hospital": 3.182124827770643,
            "metformin": 2.54998881072701,
            "diag_1": 0.8701551767111739,
            "admission_type_id": 0.8474598289934218,
            "glimepiride": 0.8044196706105476,
            "pioglitazone": 0.4774178352596973,
            "glyburide": 0.4348880746113758,
            "rosiglitazone": 0.31022536519393823,
            "number_outpatient": 0.1476269224837736,
            "glyburide-metformin": 0.07740053785477546,
            "glipizide": 0.05946490877598786,
            "tolazamide": 0.031612774759541676,
            "race": 0.030586580874434454,
            "nateglinide": 0.01723433727316342,
            "miglitol": -0.0,
            "troglitazone": -0.0,
            "glipizide-metformin": -0.0,
            "acetohexamide": -0.0,
            "chlorpropamide": -0.0,
            "glimepiride-pioglitazone": -0.0,
            "repaglinide": 0.0,
            "metformin-pioglitazone": -0.0,
            "metformin-rosiglitazone": -0.0,
            "tolbutamide": -0.0,
            "acarbose": -0.0,
            "medical_specialty": -0.0028602279606141892,
            "diag_3": -0.04855956597248413,
            "num_lab_procedures": -0.17356059089733475,
            "age": -0.3507857673868739,
            "admission_source_id": -0.42192467966133,
            "gender": -0.9559562561456814,
            "diag_2": -1.060362183928604,
            "num_procedures": -1.8285402601766008,
            "number_emergency": -1.9321903955026012,
            "change": -2.271643899762859,
            "insulin": -2.3266353895262673,
            "payer_code": -2.776716578856522
        }
    },
    "DecisionTree": {
        "SHAP": {
            "number_inpatient": 89.12942085290669,
            "diag_1": 2.8407139617584845,
            "discharge_disposition_id": 2.4838203032342085,
            "number_diagnoses": 1.9396330739941112,
            "payer_code": -1.657391401468762,
            "num_medications": 1.4114710499012697,
            "medical_specialty": -0.27843099850964376,
            "admission_source_id": 0.2591183582268306,
            "gender": 0.0,
            "race": 0.0,
            "num_lab_procedures": 0.0,
            "time_in_hospital": 0.0,
            "admission_type_id": 0.0,
            "age": 0.0,
            "number_emergency": 0.0,
            "number_outpatient": 0.0,
            "diag_2": 0.0,
            "num_procedures": 0.0,
            "diag_3": 0.0,
            "metformin": 0.0,
            "repaglinide": 0.0,
            "nateglinide": 0.0,
            "chlorpropamide": 0.0,
            "glimepiride": 0.0,
            "acetohexamide": 0.0,
            "glipizide": 0.0,
            "glyburide": 0.0,
            "tolbutamide": 0.0,
            "pioglitazone": 0.0,
            "rosiglitazone": 0.0,
            "acarbose": 0.0,
            "miglitol": 0.0,
            "troglitazone": 0.0,
            "tolazamide": 0.0,
            "insulin": 0.0,
            "glyburide-metformin": 0.0,
            "glipizide-metformin": 0.0,
            "glimepiride-pioglitazone": 0.0,
            "metformin-rosiglitazone": 0.0,
            "metformin-pioglitazone": 0.0,
            "change": 0.0,
            "diabetesMed": 0.0
        },
        "Lime": {
            "race": 0.0,
            "gender": 2.8787517797333946,
            "age": 0.0,
            "admission_type_id": 0.0,
            "discharge_disposition_id": 0.0,
            "admission_source_id": 0.0,
            "time_in_hospital": 0.0,
            "payer_code": 0.0,
            "medical_specialty": 0.0,
            "num_lab_procedures": 0.0,
            "num_procedures": 0.0,
            "num_medications": 3.4751143292537456,
            "number_outpatient": 3.168500537234647,
            "number_emergency": 0.0,
            "number_inpatient": 53.258661850740154,
            "diag_1": 0.0,
            "diag_2": -3.334128822958286,
            "diag_3": 0.0,
            "number_diagnoses": 0.0,
            "metformin": 0.0,