{
    "LogisticRegression": {
        "SHAP": {
            "number_diagnoses": -15.592446545940245,
            "number_inpatient": -15.22296412768387,
            "age": -9.690584114082906,
            "payer_code": -6.884258960105155,
            "discharge_disposition_id": -6.612520649799171,
            "insulin": 5.894980857038813,
            "diabetesMed": 5.855932009650497,
            "num_medications": -4.721446825643188,
            "diag_1": -3.908972424535929,
            "time_in_hospital": -3.7995071399780525,
            "rosiglitazone": -3.7141246045477994,
            "change": 3.10262885540614,
            "metformin": 3.047797181204957,
            "num_procedures": 2.794214230439088,
            "number_emergency": -2.144788989992078,
            "diag_2": 2.12699831470342,
            "glimepiride": 1.2927282892207035,
            "gender": -0.9428141962155409,
            "num_lab_procedures": -0.4912641683808482,
            "glyburide": 0.45612875231467465,
            "pioglitazone": 0.4174225249676407,
            "admission_source_id": -0.23670371732437306,
            "glyburide-metformin": 0.18223671383592424,
            "acarbose": 0.17476411670827458,
            "number_outpatient": 0.12579037017092623,
            "admission_type_id": -0.10909202630942526,
            "race": -0.08876705195494522,
            "glipizide": 0.07887354565872265,
            "glipizide-metformin": -0.07290588193560635,
            "chlorpropamide": -0.04854364778581108,
            "medical_specialty": 0.026828903669111094,
            "tolazamide": 0.024327221657883858,
            "tolbutamide": -0.02135706256860815,
            "troglitazone": -0.019085631658091243,
            "diag_3": -0.013055908546273287,
            "repaglinide": 0.012628045419050776,
            "miglitol": -0.01259767822635435,
            "metformin-rosiglitazone": -0.012393561163606386,
            "acetohexamide": -0.007010026486097358,
            "nateglinide": 0.006415174925671734,
            "glimepiride-pioglitazone": -0.006290523988225116,
            "metformin-pioglitazone": -0.0058094281562961776
        },
        "Lime": {
            "race": -23.201388258745713,
            "gender": 0.0,
            "age": 0.0,
            "admission_type_id": 0.0,
            "discharge_disposition_id": -19.49533199011603,
            "admission_source_id": 0.0,
            "time_in_hospital": 0.0,
            "payer_code": 0.0,
            "medical_specialty": 0.0,
            "num_lab_procedures": 0.0,
            "num_procedures": 0.0,
            "num_medications": 0.0,
            "number_outpatient": 0.0,
            "number_emergency": -22.999775393547843,
            "number_inpatient": -11.169759469836215,
            "diag_1": 0.0,
            "diag_2": 0.0,
            "diag_3": 0.0,
            "number_diagnoses": -23.133744887754208,
            "metformin": 0.0,
            "repaglinide": 0.0,
            "nateglinide": 0.0,
            "chlorpropamide": 0.0,
            "glimepiride": 0.0,
            "acetohexamide": 0.0,
            "glipizide": 0.0,
            "glyburide": 0.0,
            "tolbutamide": 0.0,
            "pioglitazone": 0.0,
            "rosiglitazone": 0.0,
            "acarbose": 0.0,
            "miglitol": 0.0,
            "troglitazone": 0.0,
            "tolazamide": 0.0,
            "insulin": 0.0,
            "glyburide-metformin": 0.0,
            "glipizide-metformin": 0.0,
            "glimepiride-pioglitazone": 0.0,
            "metformin-rosiglitazone": 0.0,
            "metformin-pioglitazone": 0.0,
            "change": 0.0,
            "diabetesMed": 0.0
        },
        "Inherent": {
            "insulin": 6.273267240723541,
            "diabetesMed": 4.800654790190648,
            "change": 3.276159916568667,
            "num_procedures": 2.833393442709269,
            "metformin": 2.7743210320748246,
            "diag_2": 2.255709452834318,
            "glimepiride": 0.8751875307849978,
            "pioglitazone": 0.5194180993566753,
            "glyburide": 0.4731468337890013,
            "number_outpatient": 0.16061422474651754,
            "glyburide-metformin": 0.08420975776877464,
            "glipizide": 0.06469626313403279,
            "tolazamide": 0.03439387087845141,
            "nateglinide": 0.018750507519747342,
            "medical_specialty": 0.015940308740821155,
            "glimepiride-pioglitazone": -0.0,
            "repaglinide": 0.0,
            "tolbutamide": -0.0,
            "metformin-rosiglitazone": -0.0,
            "troglitazone": -0.0,
            "acarbose": -0.0,
            "miglitol": -0.0,
            "metformin-pioglitazone": -0.0,
            "glipizide-metformin": -0.0,
            "acetohexamide": -0.0,
            "chlorpropamide": -0.0,
            "diag_3": -0.05882830492179097,
            "race": -0.08451870317588732,
            "admission_type_id": -0.09118820726887156,
            "admission_source_id": -0.45904299964443074,
            "num_lab_procedures": -0.5123058249490409,
            "gender": -1.0400553665223111,
            "number_emergency": -2.102172538822843,
            "time_in_hospital": -2.8903507331191336,
            "rosiglitazone": -3.8814463203842275,
            "diag_1": -4.117037278851901,
            "num_medications": -4.421764469352788,
            "discharge_disposition_id": -7.283316302932033,
            "payer_code": -7.3470019286939126,
            "age": -9.361545173338838,
            "number_diagnoses": -14.03393061766105,
            "number_inpatient": -17.85563195854066
        }
    },
    "DecisionTree": {
        "SHAP": {
            "discharge_disposition_id": -31.492586208656288,
            "number_inpatient": -29.953692404464245,
            "number_diagnoses": -20.645078442454672,
            "diag_1": -15.048949825313501,
            "payer_code": -1.415959085738326,
            "num_medications": -1.0582802844433663,
            "medical_specialty": -0.23787199773373535,
            "admission_source_id": 0.14758175119587005,
            "gender": 0.0,
            "race": 0.0,
            "num_lab_procedures": 0.0,
            "time_in_hospital": 0.0,
            "admission_type_id": 0.0,
            "age": 0.0,
            "number_emergency": 0.0,
            "number_outpatient": 0.0,
            "diag_2": 0.0,
            "num_procedures": 0.0,
            "diag_3": 0.0,
            "metformin": 0.0,
            "repaglinide": 0.0,
            "nateglinide": 0.0,
            "chlorpropamide": 0.0,
            "glimepiride": 0.0,
            "acetohexamide": 0.0,
            "glipizide": 0.0,
            "glyburide": 0.0,
            "tolbutamide": 0.0,
            "pioglitazone": 0.0,
            "rosiglitazone": 0.0,
            "acarbose": 0.0,
            "miglitol": 0.0,
            "troglitazone": 0.0,
            "tolazamide": 0.0,
            "insulin": 0.0,
            "glyburide-metformin": 0.0,
            "glipizide-metformin": 0.0,
            "glimepiride-pioglitazone": 0.0,
            "metformin-rosiglitazone": 0.0,
            "metformin-pioglitazone": 0.0,
            "change": 0.0,
            "diabetesMed": 0.0
        },
        "Lime": {
            "race": 0.0,
            "gender": 0.0,
            "age": 0.0,
            "admission_type_id": 0.0,
            "discharge_disposition_id": -18.130640918994644,
            "admission_source_id": 0.0,
            "time_in_hospital": 0.0,
            "payer_code": -4.525038379363645,
            "medical_specialty": 0.0,
            "num_lab_procedures": 0.0,
            "num_procedures": 0.0,
            "num_medications": 0.0,
            "number_outpatient": 0.0,
            "number_emergency": 0.0,
            "number_inpatient": -36.7661708268696,
            "diag_1": -12.649943806917777,
            "diag_2": 0.0,
            "diag_3": 0.0,
            "number_diagnoses": -8.514116489186188,
            "metformin": 0.0,