{
    "LogisticRegression": {
        "SHAP": {
            "diabetesMed": -22.30578057925053,
            "number_inpatient": -16.815213356943406,
            "number_diagnoses": -12.142466126256744,
            "discharge_disposition_id": -7.304158679015721,
            "time_in_hospital": -6.481429222006006,
            "num_procedures": -4.718396336603392,
            "num_medications": -4.222451097757838,
            "age": 3.8282573408364153,
            "metformin": 3.3665821873318373,
            "change": -2.7739083840570355,
            "number_emergency": -2.3691236588249875,
            "payer_code": -2.1591735934087812,
            "insulin": 1.761996073913098,
            "diag_2": -1.4602016924890429,
            "glimepiride": 1.4279414845543534,
            "diag_1": 1.3454298602316273,
            "gender": -1.0414280512222103,
            "admission_type_id": 0.9726271371170511,
            "num_lab_procedures": 0.5479587480185715,
            "glyburide": 0.5038376379314639,
            "pioglitazone": 0.4610829243537634,
            "rosiglitazone": 0.4491757983378262,
            "diag_3": -0.3605573760171742,
            "admission_source_id": 0.21704546680897321,
            "glyburide-metformin": 0.20129780238045786,
            "acarbose": 0.19304360733815312,
            "number_outpatient": 0.13894744117713656,
            "glipizide": 0.0871233412458831,
            "glipizide-metformin": -0.08053148844343157,
            "chlorpropamide": -0.05362108113743025,
            "medical_specialty": -0.03888194990417857,
            "race": 0.029036891254723383,
            "tolazamide": 0.026871732674916972,
            "tolbutamide": -0.02359090915255119,
            "troglitazone": -0.021081897434101507,
            "repaglinide": 0.01394887856408672,
            "miglitol": -0.01391533510829461,
            "metformin-rosiglitazone": -0.01368986837716977,
            "acetohexamide": -0.007743241724335962,
            "nateglinide": 0.007086171536140661,
            "glimepiride-pioglitazone": -0.006948482706900359,
            "metformin-pioglitazone": -0.006417066552256098
        },
        "Lime": {
            "race": -32.47608993381622,
            "gender": 0.0,
            "age": 0.0,
            "admission_type_id": 0.0,
            "discharge_disposition_id": -12.483365295938656,
            "admission_source_id": 0.0,
            "time_in_hospital": -10.071791480465036,
            "payer_code": 0.0,
            "medical_specialty": 0.0,
            "num_lab_procedures": 0.0,
            "num_procedures": 0.0,
            "num_medications": 0.0,
            "number_outpatient": 0.0,
            "number_emergency": -20.11798705101347,
            "number_inpatient": 0.0,
            "diag_1": 0.0,
            "diag_2": 0.0,
            "diag_3": 0.0,
            "number_diagnoses": -24.850766238766628,
            "metformin": 0.0,
            "repaglinide": 0.0,
            "nateglinide": 0.0,
            "chlorpropamide": 0.0,
            "glimepiride": 0.0,
            "acetohexamide": 0.0,
            "glipizide": 0.0,
            "glyburide": 0.0,
            "tolbutamide": 0.0,
            "pioglitazone": 0.0,
            "rosiglitazone": 0.0,
            "acarbose": 0.0,
            "miglitol": 0.0,
            "troglitazone": 0.0,
            "tolazamide": 0.0,
            "insulin": 0.0,
            "glyburide-metformin": 0.0,
            "glipizide-metformin": 0.0,
            "glimepiride-pioglitazone": 0.0,
            "metformin-rosiglitazone": 0.0,
            "metformin-pioglitazone": 0.0,
            "change": 0.0,
            "diabetesMed": 0.0
        },
        "Inherent": {
            "age": 4.427877576690773,
            "metformin": 2.9901277747792823,
            "insulin": 2.0165123556041573,
            "diag_1": 1.2202048397200789,
            "admission_type_id": 0.9937350164138471,
            "glimepiride": 0.9432659427966807,
            "pioglitazone": 0.5598221934856352,
            "num_lab_procedures": 0.5373395266253049,
            "glyburide": 0.5099516144327785,
            "rosiglitazone": 0.3637715887243345,
            "number_outpatient": 0.1731079600690751,
            "glyburide-metformin": 0.09076020139728998,
            "glipizide": 0.06972880610605664,
            "tolazamide": 0.03706927475473796,
            "race": 0.03586595542044922,
            "nateglinide": 0.02020905752355345,
            "metformin-rosiglitazone": -0.0,
            "metformin-pioglitazone": -0.0,
            "troglitazone": -0.0,
            "miglitol": -0.0,
            "glipizide-metformin": -0.0,
            "glimepiride-pioglitazone": -0.0,
            "acetohexamide": -0.0,
            "tolbutamide": -0.0,
            "repaglinide": 0.0,
            "chlorpropamide": -0.0,
            "acarbose": -0.0,
            "admission_source_id": -0.016730699395556513,
            "medical_specialty": -0.05126699449169108,
            "diag_3": -0.4091877972638462,
            "gender": -1.120958390464573,
            "diag_2": -1.3746195155434837,
            "number_emergency": -2.2656947134238257,
            "payer_code": -2.478903871341207,
            "change": -2.663739342900208,
            "num_medications": -3.7738958238687657,
            "num_procedures": -4.743128815057462,
            "time_in_hospital": -5.397368529276121,
            "discharge_disposition_id": -7.849865288882136,
            "number_diagnoses": -10.049889440776031,
            "number_inpatient": -19.24457207302354,
            "diabetesMed": -23.57082901974752
        }
    },
    "DecisionTree": {
        "SHAP": {
            "number_inpatient": -32.84691517790487,
            "discharge_disposition_id": -32.54683820445884,
            "number_diagnoses": -22.137392717525252,
            "diag_1": 8.772853279259268,
            "payer_code": -1.8300514922440165,
            "num_medications": -1.3677707451187717,
            "medical_specialty": -0.30743685237818796,
            "admission_source_id": 0.19074153111080736,
            "gender": 0.0,
            "race": 0.0,
            "num_lab_procedures": 0.0,
            "time_in_hospital": 0.0,
            "admission_type_id": 0.0,
            "age": 0.0,
            "number_emergency": 0.0,
            "number_outpatient": 0.0,
            "diag_2": 0.0,
            "num_procedures": 0.0,
            "diag_3": 0.0,
            "metformin": 0.0,
            "repaglinide": 0.0,
            "nateglinide": 0.0,
            "chlorpropamide": 0.0,
            "glimepiride": 0.0,
            "acetohexamide": 0.0,
            "glipizide": 0.0,
            "glyburide": 0.0,
            "tolbutamide": 0.0,
            "pioglitazone": 0.0,
            "rosiglitazone": 0.0,
            "acarbose": 0.0,
            "miglitol": 0.0,
            "troglitazone": 0.0,
            "tolazamide": 0.0,
            "insulin": 0.0,
            "glyburide-metformin": 0.0,
            "glipizide-metformin": 0.0,
            "glimepiride-pioglitazone": 0.0,
            "metformin-rosiglitazone": 0.0,
            "metformin-pioglitazone": 0.0,
            "change": 0.0,
            "diabetesMed": 0.0
        },
        "Lime": {
            "race": 0.0,
            "gender": 0.0,
            "age": 0.0,
            "admission_type_id": 0.0,
            "discharge_disposition_id": -17.778357711269344,
            "admission_source_id": 0.0,
            "time_in_hospital": 0.0,
            "payer_code": -3.3513703204329883,
            "medical_specialty": 0.0,
            "num_lab_procedures": 0.0,
            "num_procedures": 0.0,
            "num_medications": 0.0,
            "number_outpatient": 0.0,
            "number_emergency": 0.0,
            "number_inpatient": -33.185746166752416,
            "diag_1": 5.804872001213168,
            "diag_2": -3.552892042202238,
            "diag_3": -2.640799325771154,
            "number_diagnoses": -4.980428617688466,