{
    "LogisticRegression": {
        "SHAP": {
            "age": -24.454076904607625,
            "number_inpatient": -16.293814174459285,
            "discharge_disposition_id": -7.077674347052099,
            "time_in_hospital": -6.280455744837059,
            "diabetesMed": 6.267863944446561,
            "num_medications": -5.534599607039907,
            "diag_1": 3.7045617079516915,
            "metformin": 3.262192598988279,
            "number_diagnoses": 3.0040325877308716,
            "num_procedures": 2.990771511548669,
            "insulin": -2.89493800246404,
            "payer_code": -2.845980701491111,
            "change": -2.6878961799278516,
            "number_emergency": -2.2956628520725673,
            "number_outpatient": -1.8407879131939253,
            "glimepiride": 1.3836644654718466,
            "diag_2": -1.2992019463914743,
            "num_lab_procedures": -1.0330809067351678,
            "gender": -1.0091358808526276,
            "admission_type_id": 0.9424683170420562,
            "glyburide": 0.4882148487972587,
            "pioglitazone": 0.44678585569859997,
            "rosiglitazone": 0.4352479409224287,
            "diag_3": -0.36191579353260156,
            "admission_source_id": -0.2533544947053538,
            "glyburide-metformin": 0.19505604336324728,
            "acarbose": 0.1870577909876078,
            "race": 0.08971044881541174,
            "medical_specialty": 0.08846939917888788,
            "glipizide": 0.08442185670705438,
            "glipizide-metformin": -0.0780344013504928,
            "chlorpropamide": -0.051958420826466865,
            "tolazamide": 0.02603850509990983,
            "tolbutamide": -0.022859411996666554,
            "troglitazone": -0.02042819867607678,
            "repaglinide": 0.013516357505596434,
            "miglitol": -0.013483854151410917,
            "metformin-rosiglitazone": -0.013265378599451653,
            "acetohexamide": -0.007503142486869039,
            "nateglinide": 0.006866446459363066,
            "glimepiride-pioglitazone": -0.006733027028403902,
            "metformin-pioglitazone": -0.006218088806136037
        },
        "Lime": {
            "race": -36.696629887753204,
            "gender": 0.0,
            "age": 0.0,
            "admission_type_id": 0.0,
            "discharge_disposition_id": -17.73402523449,
            "admission_source_id": 0.0,
            "time_in_hospital": 0.0,
            "payer_code": 0.0,
            "medical_specialty": 0.0,
            "num_lab_procedures": 0.0,
            "num_procedures": 0.0,
            "num_medications": 0.0,
            "number_outpatient": -14.67131907919072,
            "number_emergency": -15.084486099893068,
            "number_inpatient": 0.0,
            "diag_1": 0.0,
            "diag_2": 0.0,
            "diag_3": 0.0,
            "number_diagnoses": 15.813539698673008,
            "metformin": 0.0,
            "repaglinide": 0.0,
            "nateglinide": 0.0,
            "chlorpropamide": 0.0,
            "glimepiride": 0.0,
            "acetohexamide": 0.0,
            "glipizide": 0.0,
            "glyburide": 0.0,
            "tolbutamide": 0.0,
            "pioglitazone": 0.0,
            "rosiglitazone": 0.0,
            "acarbose": 0.0,
            "miglitol": 0.0,
            "troglitazone": 0.0,
            "tolazamide": 0.0,
            "insulin": 0.0,
            "glyburide-metformin": 0.0,
            "glipizide-metformin": 0.0,
            "glimepiride-pioglitazone": 0.0,
            "metformin-rosiglitazone": 0.0,
            "metformin-pioglitazone": 0.0,
            "change": 0.0,
            "diabetesMed": 0.0
        },
        "Inherent": {
            "number_diagnoses": 5.008760840383571,
            "diabetesMed": 5.005731374018279,
            "diag_1": 3.575120267924409,
            "num_procedures": 2.954431649634236,
            "metformin": 2.892835756537331,
            "admission_type_id": 0.9614011187924525,
            "glimepiride": 0.9125741950768497,
            "pioglitazone": 0.5416068411116471,
            "glyburide": 0.4933589382961982,
            "rosiglitazone": 0.35193528114423994,
            "race": 0.09611304315116587,
            "glyburide-metformin": 0.0878070690112868,
            "medical_specialty": 0.0762193768115812,
            "glipizide": 0.06745998791946235,
            "tolazamide": 0.03586312410590153,
            "nateglinide": 0.01955150034161017,
            "tolbutamide": -0.0,
            "metformin-rosiglitazone": -0.0,
            "troglitazone": -0.0,
            "miglitol": -0.0,
            "glimepiride-pioglitazone": -0.0,
            "glipizide-metformin": -0.0,
            "metformin-pioglitazone": -0.0,
            "acetohexamide": -0.0,
            "chlorpropamide": -0.0,
            "repaglinide": 0.0,
            "acarbose": -0.0,
            "diag_3": -0.40837963232613583,
            "admission_source_id": -0.47865261006453974,
            "num_lab_procedures": -1.040133037693367,
            "gender": -1.0844849310046014,
            "diag_2": -1.2144704765125733,
            "number_outpatient": -1.802823608922079,
            "number_emergency": -2.1919741141743856,
            "change": -2.5770672685737592,
            "insulin": -2.639452384627461,
            "payer_code": -3.150047157577935,
            "num_medications": -5.090432282815589,
            "time_in_hospital": -5.221750322643587,
            "discharge_disposition_id": -7.594448365456798,
            "number_inpatient": -18.61839707375437,
            "age": -23.8067163695926
        }
    },
    "DecisionTree": {
        "SHAP": {
            "number_inpatient": -36.05480046020229,
            "discharge_disposition_id": -33.6795824804976,
            "diag_1": 15.232812874713392,
            "number_diagnoses": 9.609091172550707,
            "payer_code": -2.4792879013473783,
            "num_medications": -1.853006581815729,
            "medical_specialty": 0.8330087669772817,
            "admission_source_id": 0.2584097618956193,
            "gender": 0.0,
            "race": 0.0,
            "num_lab_procedures": 0.0,
            "time_in_hospital": 0.0,
            "admission_type_id": 0.0,
            "age": 0.0,
            "number_emergency": 0.0,
            "number_outpatient": 0.0,
            "diag_2": 0.0,
            "num_procedures": 0.0,
            "diag_3": 0.0,
            "metformin": 0.0,
            "repaglinide": 0.0,
            "nateglinide": 0.0,
            "chlorpropamide": 0.0,
            "glimepiride": 0.0,
            "acetohexamide": 0.0,
            "glipizide": 0.0,
            "glyburide": 0.0,
            "tolbutamide": 0.0,
            "pioglitazone": 0.0,
            "rosiglitazone": 0.0,
            "acarbose": 0.0,
            "miglitol": 0.0,
            "troglitazone": 0.0,
            "tolazamide": 0.0,
            "insulin": 0.0,
            "glyburide-metformin": 0.0,
            "glipizide-metformin": 0.0,
            "glimepiride-pioglitazone": 0.0,
            "metformin-rosiglitazone": 0.0,
            "metformin-pioglitazone": 0.0,
            "change": 0.0,
            "diabetesMed": 0.0
        },
        "Lime": {
            "race": 3.2957415046642944,
            "gender": 2.57694854336092,
            "age": -6.469905604567565,
            "admission_type_id": 0.0,
            "discharge_disposition_id": -17.72463012769024,
            "admission_source_id": 0.0,
            "time_in_hospital": 0.0,
            "payer_code": 0.0,
            "medical_specialty": 0.0,
            "num_lab_procedures": 0.0,
            "num_procedures": 0.0,
            "num_medications": 0.0,
            "number_outpatient": 0.0,
            "number_emergency": -3.7424666266226745,
            "number_inpatient": -35.877618083194044,
            "diag_1": 6.590985845005551,
            "diag_2": 0.0,
            "diag_3": 5.105626523397536,
            "number_diagnoses": 0.0,