{
    "LogisticRegression": {
        "SHAP": {
            "number_inpatient": 47.543144574705245,
            "number_emergency": 11.148407830571514,
            "number_diagnoses": 6.049290510929647,
            "discharge_disposition_id": -5.400901943299377,
            "diabetesMed": 4.782943788872848,
            "age": -4.3330718676767335,
            "payer_code": 3.004926104356429,
            "metformin": 2.4893462857090887,
            "diag_1": -2.088936989620758,
            "change": -2.051106477879385,
            "num_procedures": -1.5652014573536057,
            "diag_2": 1.5253304459351014,
            "insulin": 1.3028698359227744,
            "glimepiride": 1.0558604047039495,
            "num_lab_procedures": 0.8567745517691671,
            "gender": -0.7700614174513625,
            "admission_type_id": 0.7191880715917129,
            "num_medications": -0.5527399990280352,
            "glyburide": 0.37255182936114767,
            "pioglitazone": 0.3409377823785145,
            "glipizide": -0.3325940209072593,
            "rosiglitazone": 0.3321333159280058,
            "time_in_hospital": 0.27514587648425715,
            "diag_3": 0.25484697053525435,
            "admission_source_id": -0.19333226081074237,
            "glyburide-metformin": 0.14884530030569024,
            "acarbose": 0.14274191454924015,
            "number_outpatient": 0.10274167608461636,
            "glipizide-metformin": -0.05954726499582728,
            "chlorpropamide": -0.039648947133222215,
            "medical_specialty": -0.03888310232834799,
            "race": 0.021470700363555268,
            "tolazamide": 0.019869720744256584,
            "tolbutamide": -0.017443786846013908,
            "troglitazone": -0.015588552470442829,
            "repaglinide": 0.010314196152399995,
            "miglitol": -0.010289393170491476,
            "metformin-rosiglitazone": -0.010122676679271215,
            "acetohexamide": -0.005725572391595204,
            "nateglinide": 0.0052397160716191014,
            "glimepiride-pioglitazone": -0.005137905048872431,
            "metformin-pioglitazone": -0.004744960882617594
        },
        "Lime": {
            "race": 0.0,
            "gender": 0.0,
            "age": 0.0,
            "admission_type_id": 0.0,
            "discharge_disposition_id": -10.502504053836839,
            "admission_source_id": 0.0,
            "time_in_hospital": 0.0,
            "payer_code": 0.0,
            "medical_specialty": 0.0,
            "num_lab_procedures": 0.0,
            "num_procedures": -5.972395215423728,
            "num_medications": 4.294024553772899,
            "number_outpatient": 0.0,
            "number_emergency": 15.96958534413712,
            "number_inpatient": 63.2614908328294,
            "diag_1": 0.0,
            "diag_2": 0.0,
            "diag_3": 0.0,
            "number_diagnoses": 0.0,
            "metformin": 0.0,
            "repaglinide": 0.0,
            "nateglinide": 0.0,
            "chlorpropamide": 0.0,
            "glimepiride": 0.0,
            "acetohexamide": 0.0,
            "glipizide": 0.0,
            "glyburide": 0.0,
            "tolbutamide": 0.0,
            "pioglitazone": 0.0,
            "rosiglitazone": 0.0,
            "acarbose": 0.0,
            "miglitol": 0.0,
            "troglitazone": 0.0,
            "tolazamide": 0.0,
            "insulin": 0.0,
            "glyburide-metformin": 0.0,
            "glipizide-metformin": 0.0,
            "glimepiride-pioglitazone": 0.0,
            "metformin-rosiglitazone": 0.0,
            "metformin-pioglitazone": 0.0,
            "change": 0.0,
            "diabetesMed": 0.0
        },
        "Inherent": {
            "number_inpatient": 46.389509956353514,
            "number_emergency": 11.384463889858983,
            "number_diagnoses": 7.698085946883743,
            "diabetesMed": 3.8848012298639447,
            "payer_code": 2.806398705220404,
            "metformin": 2.2450449425074526,
            "diag_2": 1.6103908815440608,
            "insulin": 1.5140359230257572,
            "time_in_hospital": 1.0880777886168618,
            "num_lab_procedures": 0.8615328927602398,
            "admission_type_id": 0.7461151966849138,
            "glimepiride": 0.7082220539794589,
            "pioglitazone": 0.4203251763316793,
            "glyburide": 0.3828813947558909,
            "rosiglitazone": 0.2731266444136328,
            "diag_3": 0.22172099076706187,
            "number_outpatient": 0.12997275686305623,
            "glyburide-metformin": 0.06814448962569312,
            "tolazamide": 0.027832318241546285,
            "race": 0.026928843143106465,
            "nateglinide": 0.01517334569070209,
            "troglitazone": -0.0,
            "chlorpropamide": -0.0,
            "miglitol": -0.0,
            "acarbose": -0.0,
            "glipizide-metformin": -0.0,
            "glimepiride-pioglitazone": -0.0,
            "metformin-rosiglitazone": -0.0,
            "metformin-pioglitazone": -0.0,
            "tolbutamide": -0.0,
            "repaglinide": 0.0,
            "acetohexamide": -0.0,
            "medical_specialty": -0.04877053782188351,
            "num_medications": -0.22712784382792553,
            "glipizide": -0.350367183404769,
            "admission_source_id": -0.3714682449617044,
            "gender": -0.841636931538669,
            "num_procedures": -1.60987179473558,
            "change": -1.999986284993346,
            "diag_1": -2.211949231151109,
            "age": -3.9422080575132474,
            "discharge_disposition_id": -5.893828522920067
        }
    },
    "DecisionTree": {
        "SHAP": {
            "number_inpatient": 74.5414131799778,
            "discharge_disposition_id": -15.006312062836152,
            "diag_1": -3.6016620723835167,
            "number_diagnoses": 2.761504724736948,
            "payer_code": 2.5910431683503456,
            "num_medications": -1.1619188247001058,
            "medical_specialty": -0.17411137427310344,
            "admission_source_id": 0.1620345927420189,
            "gender": 0.0,
            "race": 0.0,
            "num_lab_procedures": 0.0,
            "time_in_hospital": 0.0,
            "admission_type_id": 0.0,
            "age": 0.0,
            "number_emergency": 0.0,
            "number_outpatient": 0.0,
            "diag_2": 0.0,
            "num_procedures": 0.0,
            "diag_3": 0.0,
            "metformin": 0.0,
            "repaglinide": 0.0,
            "nateglinide": 0.0,
            "chlorpropamide": 0.0,
            "glimepiride": 0.0,
            "acetohexamide": 0.0,
            "glipizide": 0.0,
            "glyburide": 0.0,
            "tolbutamide": 0.0,
            "pioglitazone": 0.0,
            "rosiglitazone": 0.0,
            "acarbose": 0.0,
            "miglitol": 0.0,
            "troglitazone": 0.0,
            "tolazamide": 0.0,
            "insulin": 0.0,
            "glyburide-metformin": 0.0,
            "glipizide-metformin": 0.0,
            "glimepiride-pioglitazone": 0.0,
            "metformin-rosiglitazone": 0.0,
            "metformin-pioglitazone": 0.0,
            "change": 0.0,
            "diabetesMed": 0.0
        },
        "Lime": {
            "race": 0.0,
            "gender": 0.0,
            "age": 0.0,
            "admission_type_id": 0.0,
            "discharge_disposition_id": -14.461092815061699,
            "admission_source_id": 2.4493590949049633,
            "time_in_hospital": 0.0,
            "payer_code": 5.790680802540261,
            "medical_specialty": -6.206696456340157,
            "num_lab_procedures": 0.0,
            "num_procedures": 0.0,
            "num_medications": -2.077100197139447,
            "number_outpatient": 3.1202755518359977,
            "number_emergency": 1.8951155630065128,
            "number_inpatient": 42.40564727865922,
            "diag_1": 0.0,
            "diag_2": 0.0,
            "diag_3": 0.0,
            "number_diagnoses": 0.0,