{
    "LogisticRegression": {
        "SHAP": {
            "number_inpatient": -19.751903416755383,
            "time_in_hospital": 11.171052569752252,
            "number_diagnoses": 9.609812623565436,
            "insulin": -9.088399820698907,
            "discharge_disposition_id": 8.021292410518601,
            "diabetesMed": 7.598113120384861,
            "age": 4.496842689151028,
            "change": 4.025682841791232,
            "metformin": 3.9545383574505504,
            "payer_code": 3.859850405272921,
            "num_medications": 3.203731321033352,
            "number_emergency": -2.7828788548875965,
            "num_lab_procedures": 2.4371628004883537,
            "glimepiride": 1.6773240808181327,
            "gender": 1.6735495212460643,
            "admission_type_id": 1.142491437072281,
            "diag_1": -0.9865261934296232,
            "diag_3": 0.5948398901017142,
            "glyburide": 0.5918302760065262,
            "num_procedures": 0.5695285066556179,
            "pioglitazone": 0.5416086727909435,
            "rosiglitazone": 0.5276220287891406,
            "admission_source_id": -0.3071247441538395,
            "glyburide-metformin": 0.23645342263719318,
            "acarbose": 0.22675767511393363,
            "diag_2": 0.19262446212237305,
            "number_outpatient": 0.16321389326902833,
            "medical_specialty": 0.10724554786312095,
            "glipizide": 0.10233898227185576,
            "glipizide-metformin": -0.09459589646451884,
            "chlorpropamide": -0.06298572567865697,
            "race": 0.03410803415998878,
            "tolazamide": 0.03156474183044861,
            "tolbutamide": -0.027710939445334683,
            "troglitazone": -0.024763741804582653,
            "repaglinide": 0.01638497807440087,
            "miglitol": -0.016345576427510892,
            "metformin-rosiglitazone": -0.016080733097703807,
            "acetohexamide": -0.009095558850492978,
            "nateglinide": 0.00832373475169831,
            "glimepiride-pioglitazone": -0.008161999280432491,
            "metformin-pioglitazone": -0.007537774042380264
        },
        "Lime": {
            "race": 0.0,
            "gender": 0.0,
            "age": 0.0,
            "admission_type_id": 0.0,
            "discharge_disposition_id": 40.02457480743431,
            "admission_source_id": 0.0,
            "time_in_hospital": 26.139448039653068,
            "payer_code": 0.0,
            "medical_specialty": 0.0,
            "num_lab_procedures": 0.0,
            "num_procedures": 0.0,
            "num_medications": 0.0,
            "number_outpatient": 0.0,
            "number_emergency": -33.83597715291262,
            "number_inpatient": 0.0,
            "diag_1": 0.0,
            "diag_2": 0.0,
            "diag_3": 0.0,
            "number_diagnoses": 0.0,
            "metformin": 0.0,
            "repaglinide": 0.0,
            "nateglinide": 0.0,
            "chlorpropamide": 0.0,
            "glimepiride": 0.0,
            "acetohexamide": 0.0,
            "glipizide": 0.0,
            "glyburide": 0.0,
            "tolbutamide": 0.0,
            "pioglitazone": 0.0,
            "rosiglitazone": 0.0,
            "acarbose": 0.0,
            "miglitol": 0.0,
            "troglitazone": 0.0,
            "tolazamide": 0.0,
            "insulin": 0.0,
            "glyburide-metformin": 0.0,
            "glipizide-metformin": 0.0,
            "glimepiride-pioglitazone": 0.0,
            "metformin-rosiglitazone": 0.0,
            "metformin-pioglitazone": 0.0,
            "change": 0.0,
            "diabetesMed": 0.0
        },
        "Inherent": {
            "time_in_hospital": 11.98850213641191,
            "number_diagnoses": 11.620149683964083,
            "discharge_disposition_id": 7.104518370616147,
            "diabetesMed": 5.864051414201304,
            "age": 5.0183374802140985,
            "change": 4.001864543803445,
            "num_medications": 3.591454494539047,
            "metformin": 3.3888629536181916,
            "payer_code": 3.355507682502272,
            "num_lab_procedures": 2.337687611951121,
            "gender": 1.5217343948071151,
            "admission_type_id": 1.1262501259119722,
            "glimepiride": 1.0690509736458893,
            "pioglitazone": 0.6344747900469853,
            "glyburide": 0.5779539419236344,
            "diag_3": 0.517812584594087,
            "num_procedures": 0.5154711439577597,
            "rosiglitazone": 0.41228072960786033,
            "diag_2": 0.28097290182410756,
            "number_outpatient": 0.19619200149325022,
            "glyburide-metformin": 0.10286312403519471,
            "medical_specialty": 0.08928851969591581,
            "glipizide": 0.07902718064624646,
            "tolazamide": 0.042012482875618394,
            "race": 0.04064870024808683,
            "nateglinide": 0.022903946428899546,
            "metformin-pioglitazone": -0.0,
            "miglitol": -0.0,
            "troglitazone": -0.0,
            "acetohexamide": -0.0,
            "repaglinide": 0.0,
            "chlorpropamide": -0.0,
            "acarbose": -0.0,
            "tolbutamide": -0.0,
            "metformin-rosiglitazone": -0.0,
            "glimepiride-pioglitazone": -0.0,
            "glipizide-metformin": -0.0,
            "admission_source_id": -0.5607259569558076,
            "diag_1": -1.0912469270572174,
            "number_emergency": -2.5678263461825983,
            "insulin": -8.469480541714761,
            "number_inpatient": -21.810846314525396
        }
    },
    "DecisionTree": {
        "SHAP": {
            "number_inpatient": -45.78716549234455,
            "discharge_disposition_id": 38.38477151329203,
            "diag_1": -4.752810334612848,
            "payer_code": -3.780785928888972,
            "number_diagnoses": 3.48357556601,
            "num_medications": 2.146534308897589,
            "medical_specialty": 1.270295322748637,
            "admission_source_id": 0.3940615332053842,
            "gender": 0.0,
            "race": 0.0,
            "num_lab_procedures": 0.0,
            "time_in_hospital": 0.0,
            "admission_type_id": 0.0,
            "age": 0.0,
            "number_emergency": 0.0,
            "number_outpatient": 0.0,
            "diag_2": 0.0,
            "num_procedures": 0.0,
            "diag_3": 0.0,
            "metformin": 0.0,
            "repaglinide": 0.0,
            "nateglinide": 0.0,
            "chlorpropamide": 0.0,
            "glimepiride": 0.0,
            "acetohexamide": 0.0,
            "glipizide": 0.0,
            "glyburide": 0.0,
            "tolbutamide": 0.0,
            "pioglitazone": 0.0,
            "rosiglitazone": 0.0,
            "acarbose": 0.0,
            "miglitol": 0.0,
            "troglitazone": 0.0,
            "tolazamide": 0.0,
            "insulin": 0.0,
            "glyburide-metformin": 0.0,
            "glipizide-metformin": 0.0,
            "glimepiride-pioglitazone": 0.0,
            "metformin-rosiglitazone": 0.0,
            "metformin-pioglitazone": 0.0,
            "change": 0.0,
            "diabetesMed": 0.0
        },
        "Lime": {
            "race": 0.0,
            "gender": 0.0,
            "age": 0.0,
            "admission_type_id": 0.0,
            "discharge_disposition_id": 0.0,
            "admission_source_id": 0.0,
            "time_in_hospital": 0.0,
            "payer_code": 0.0,
            "medical_specialty": 0.0,
            "num_lab_procedures": 0.0,
            "num_procedures": 0.0,
            "num_medications": 0.0,
            "number_outpatient": 0.0,
            "number_emergency": 0.0,
            "number_inpatient": -34.82578355974275,
            "diag_1": -4.232300789043567,
            "diag_2": 0.0,
            "diag_3": 11.45163239808066,
            "number_diagnoses": 4.610306421277991,
            "metformin": 2.1601165713366433,
            "repaglinide": 10.588297007175262,
            "nateglinide": 0.0,