{
    "LogisticRegression": {
        "SHAP": {
            "number_inpatient": -14.995981216216778,
            "number_emergency": 13.445880905658322,
            "number_diagnoses": -10.82877689879005,
            "glimepiride": -9.95417143686111,
            "age": 7.73413669169196,
            "discharge_disposition_id": -6.513924267607207,
            "time_in_hospital": -5.780205627144557,
            "diabetesMed": 5.768616787348517,
            "payer_code": 3.624183752830029,
            "metformin": 3.0023528201758842,
            "num_procedures": 2.752550933070185,
            "diag_1": -2.601772863573216,
            "change": -2.473800191518173,
            "admission_source_id": 2.327252017513881,
            "insulin": 1.5713663256337982,
            "num_medications": -1.552070957742895,
            "num_lab_procedures": -1.1453169535424568,
            "gender": -0.9287563091027194,
            "diag_3": -0.4744501125045384,
            "glyburide": 0.449327617441345,
            "pioglitazone": 0.41119852159783743,
            "rosiglitazone": 0.4005796234438994,
            "diag_2": 0.2740496589578353,
            "glyburide-metformin": 0.1795194624822638,
            "acarbose": 0.1721582859582514,
            "number_outpatient": 0.12391476537960994,
            "admission_type_id": -0.10746540316679257,
            "glipizide": 0.07769749696799548,
            "glipizide-metformin": -0.07181881444953604,
            "medical_specialty": 0.05698096712827892,
            "chlorpropamide": -0.047819834840103714,
            "race": 0.02589539999225516,
            "tolazamide": 0.023964489173362667,
            "tolbutamide": -0.021038616817731573,
            "troglitazone": -0.01880105421281803,
            "repaglinide": 0.012439754197228727,
            "miglitol": -0.012409839796364005,
            "metformin-rosiglitazone": -0.012208766233212705,
            "acetohexamide": -0.006905503069505829,
            "nateglinide": 0.00631952107862945,
            "glimepiride-pioglitazone": -0.006196728756394785,
            "metformin-pioglitazone": -0.0057228063324637896
        },
        "Lime": {
            "race": -22.46457405932995,
            "gender": 0.0,
            "age": 0.0,
            "admission_type_id": 0.0,
            "discharge_disposition_id": -19.95775496988939,
            "admission_source_id": 0.0,
            "time_in_hospital": 0.0,
            "payer_code": 0.0,
            "medical_specialty": 0.0,
            "num_lab_procedures": 0.0,
            "num_procedures": 0.0,
            "num_medications": 0.0,
            "number_outpatient": 0.0,
            "number_emergency": 26.281302236263837,
            "number_inpatient": 0.0,
            "diag_1": 0.0,
            "diag_2": 0.0,
            "diag_3": 0.0,
            "number_diagnoses": -31.29636873451682,
            "metformin": 0.0,
            "repaglinide": 0.0,
            "nateglinide": 0.0,
            "chlorpropamide": 0.0,
            "glimepiride": 0.0,
            "acetohexamide": 0.0,
            "glipizide": 0.0,
            "glyburide": 0.0,
            "tolbutamide": 0.0,
            "pioglitazone": 0.0,
            "rosiglitazone": 0.0,
            "acarbose": 0.0,
            "miglitol": 0.0,
            "troglitazone": 0.0,
            "tolazamide": 0.0,
            "insulin": 0.0,
            "glyburide-metformin": 0.0,
            "glipizide-metformin": 0.0,
            "glimepiride-pioglitazone": 0.0,
            "metformin-rosiglitazone": 0.0,
            "metformin-pioglitazone": 0.0,
            "change": 0.0,
            "diabetesMed": 0.0
        },
        "Inherent": {
            "number_emergency": 13.74149265799499,
            "age": 8.39846482540314,
            "diabetesMed": 4.689106847226914,
            "payer_code": 3.3874328713488953,
            "num_procedures": 2.767556755016797,
            "metformin": 2.7098569500330747,
            "admission_source_id": 2.150908437589822,
            "insulin": 1.8275005060828402,
            "pioglitazone": 0.5073489081622241,
            "glyburide": 0.4621528010298012,
            "diag_2": 0.35442161662208754,
            "rosiglitazone": 0.3296745297120209,
            "number_outpatient": 0.1568821950205315,
            "glyburide-metformin": 0.08225306109569266,
            "glipizide": 0.0631929817306734,
            "medical_specialty": 0.04658569678810384,
            "tolazamide": 0.0335946954087028,
            "race": 0.0325041656699286,
            "nateglinide": 0.01831482100722667,
            "troglitazone": -0.0,
            "acarbose": -0.0,
            "glipizide-metformin": -0.0,
            "glimepiride-pioglitazone": -0.0,
            "miglitol": -0.0,
            "acetohexamide": -0.0,
            "repaglinide": 0.0,
            "metformin-pioglitazone": -0.0,
            "metformin-rosiglitazone": -0.0,
            "chlorpropamide": -0.0,
            "tolbutamide": -0.0,
            "admission_type_id": -0.0890693594474915,
            "diag_3": -0.5260556327369982,
            "gender": -1.0158886555684188,
            "num_lab_procedures": -1.1718172224563972,
            "num_medications": -1.1730117883807643,
            "change": -2.414061577006519,
            "diag_1": -2.7535048899275685,
            "time_in_hospital": -4.891462078749568,
            "discharge_disposition_id": -7.114081274159213,
            "number_diagnoses": -9.107892638521514,
            "glimepiride": -10.543170798914936,
            "number_inpatient": -17.440738761187134
        }
    },
    "DecisionTree": {
        "SHAP": {
            "discharge_disposition_id": -34.88161225940695,
            "number_inpatient": -27.088404366372632,
            "number_diagnoses": -19.079049450038166,
            "diag_1": -13.907414238633494,
            "payer_code": 3.489471375494589,
            "num_medications": -0.6029406887620692,
            "admission_source_id": -0.5114511074947596,
            "medical_specialty": 0.43965651379735776,
            "gender": 0.0,
            "race": 0.0,
            "num_lab_procedures": 0.0,
            "time_in_hospital": 0.0,
            "admission_type_id": 0.0,
            "age": 0.0,
            "number_emergency": 0.0,
            "number_outpatient": 0.0,
            "diag_2": 0.0,
            "num_procedures": 0.0,
            "diag_3": 0.0,
            "metformin": 0.0,
            "repaglinide": 0.0,
            "nateglinide": 0.0,
            "chlorpropamide": 0.0,
            "glimepiride": 0.0,
            "acetohexamide": 0.0,
            "glipizide": 0.0,
            "glyburide": 0.0,
            "tolbutamide": 0.0,
            "pioglitazone": 0.0,
            "rosiglitazone": 0.0,
            "acarbose": 0.0,
            "miglitol": 0.0,
            "troglitazone": 0.0,
            "tolazamide": 0.0,
            "insulin": 0.0,
            "glyburide-metformin": 0.0,
            "glipizide-metformin": 0.0,
            "glimepiride-pioglitazone": 0.0,
            "metformin-rosiglitazone": 0.0,
            "metformin-pioglitazone": 0.0,
            "change": 0.0,
            "diabetesMed": 0.0
        },
        "Lime": {
            "race": 0.0,
            "gender": 0.0,
            "age": 0.0,
            "admission_type_id": 0.0,
            "discharge_disposition_id": -19.472370104426385,
            "admission_source_id": 0.0,
            "time_in_hospital": 0.0,
            "payer_code": 5.401873116674096,
            "medical_specialty": 0.0,
            "num_lab_procedures": 0.0,
            "num_procedures": 0.0,
            "num_medications": 0.0,
            "number_outpatient": 0.0,
            "number_emergency": 0.0,
            "number_inpatient": -33.68936838762647,
            "diag_1": 0.0,
            "diag_2": 0.0,
            "diag_3": 0.0,
            "number_diagnoses": -7.759426583574556,
            "metformin": 0.0,
            "repaglinide": 0.0,