{
    "LogisticRegression": {
        "SHAP": {
            "number_inpatient": 74.17456284748538,
            "payer_code": -3.033070039918416,
            "discharge_disposition_id": 2.723703694425681,
            "diabetesMed": 2.5800092700171846,
            "age": -2.337339947892464,
            "glyburide": -2.194419622058438,
            "time_in_hospital": 1.970826293072527,
            "metformin": 1.3427999108736828,
            "number_diagnoses": 1.2365348055530754,
            "num_procedures": 1.2310762155479746,
            "change": -1.106405168095901,
            "number_emergency": -0.9449521386674397,
            "num_medications": -0.8921646091696689,
            "insulin": 0.702792339338506,
            "glimepiride": 0.5695508356836149,
            "gender": 0.568269149226481,
            "diag_2": 0.5369863385908044,
            "diag_1": 0.4568435482259465,
            "admission_type_id": 0.3879434870025251,
            "pioglitazone": 0.1839082117339626,
            "rosiglitazone": 0.17915891798045586,
            "number_outpatient": -0.14786297939589815,
            "admission_source_id": -0.10428703474322928,
            "glyburide-metformin": 0.08028993681267399,
            "acarbose": 0.07699765646709146,
            "medical_specialty": 0.036416213245441725,
            "glipizide": 0.03475014372148993,
            "glipizide-metformin": -0.03212090764077521,
            "num_lab_procedures": 0.027159177982445572,
            "chlorpropamide": -0.021387383098274173,
            "diag_3": 0.017472913121732134,
            "race": 0.011581697050382492,
            "tolazamide": 0.01071809872240118,
            "tolbutamide": -0.009409504638465687,
            "troglitazone": -0.008408756543084888,
            "repaglinide": 0.005563670170633275,
            "miglitol": -0.0055502909786392315,
            "metformin-rosiglitazone": -0.005460360987445592,
            "acetohexamide": -0.0030884807554786833,
            "nateglinide": 0.002826400776125594,
            "glimepiride-pioglitazone": -0.002771482007670186,
            "metformin-pioglitazone": -0.002559520580505773
        },
        "Lime": {
            "race": 0.0,
            "gender": 0.0,
            "age": 0.0,
            "admission_type_id": 0.0,
            "discharge_disposition_id": 17.526149248962263,
            "admission_source_id": 0.0,
            "time_in_hospital": 9.970188095707272,
            "payer_code": 0.0,
            "medical_specialty": 0.0,
            "num_lab_procedures": 0.0,
            "num_procedures": 0.0,
            "num_medications": 0.0,
            "number_outpatient": 0.0,
            "number_emergency": -10.539803677711136,
            "number_inpatient": 50.89250372297182,
            "diag_1": 0.0,
            "diag_2": 0.0,
            "diag_3": 0.0,
            "number_diagnoses": 11.071355254647509,
            "metformin": 0.0,
            "repaglinide": 0.0,
            "nateglinide": 0.0,
            "chlorpropamide": 0.0,
            "glimepiride": 0.0,
            "acetohexamide": 0.0,
            "glipizide": 0.0,
            "glyburide": 0.0,
            "tolbutamide": 0.0,
            "pioglitazone": 0.0,
            "rosiglitazone": 0.0,
            "acarbose": 0.0,
            "miglitol": 0.0,
            "troglitazone": 0.0,
            "tolazamide": 0.0,
            "insulin": 0.0,
            "glyburide-metformin": 0.0,
            "glipizide-metformin": 0.0,
            "glimepiride-pioglitazone": 0.0,
            "metformin-rosiglitazone": 0.0,
            "metformin-pioglitazone": 0.0,
            "change": 0.0,
            "diabetesMed": 0.0
        },
        "Inherent": {
            "number_inpatient": 74.13827141570724,
            "discharge_disposition_id": 2.535009586392782,
            "time_in_hospital": 2.4318723253514283,
            "number_diagnoses": 2.09365678622918,
            "diabetesMed": 2.092390472460871,
            "num_procedures": 1.2349493357389565,
            "metformin": 1.2092023169261545,
            "insulin": 0.8154739851164904,
            "diag_2": 0.5778939751473602,
            "gender": 0.5429799850661938,
            "diag_1": 0.41262677363060857,
            "admission_type_id": 0.40186466089964085,
            "glimepiride": 0.38145505791687245,
            "pioglitazone": 0.22639109242730623,
            "rosiglitazone": 0.1471085789803223,
            "glyburide-metformin": 0.03670326289731498,
            "medical_specialty": 0.03185961969218429,
            "glipizide": 0.028198204307895203,
            "num_lab_procedures": 0.023439404634655228,
            "tolazamide": 0.01499074832128539,
            "race": 0.014504128137593946,
            "nateglinide": 0.008172506668942795,
            "glimepiride-pioglitazone": -0.0,
            "troglitazone": -0.0,
            "acarbose": -0.0,
            "repaglinide": 0.0,
            "metformin-pioglitazone": -0.0,
            "metformin-rosiglitazone": -0.0,
            "miglitol": -0.0,
            "glipizide-metformin": -0.0,
            "acetohexamide": -0.0,
            "chlorpropamide": -0.0,
            "tolbutamide": -0.0,
            "diag_3": -0.0021171157482842975,
            "number_outpatient": -0.13589118339714396,
            "admission_source_id": -0.20007628977373762,
            "num_medications": -0.7239718438026002,
            "number_emergency": -0.9162428843435162,
            "change": -1.0772114196223752,
            "age": -2.123310329647955,
            "glyburide": -2.219935534242779,
            "payer_code": -3.20222917677034
        }
    },
    "DecisionTree": {
        "SHAP": {
            "number_inpatient": 85.40359512733359,
            "age": 8.572246266372568,
            "discharge_disposition_id": 2.461300445084917,
            "diag_1": 1.0934445428902708,
            "number_diagnoses": 0.7980606973396448,
            "payer_code": -0.6819325548502723,
            "num_medications": -0.38463846097242094,
            "number_emergency": -0.2957008875472508,
            "medical_specialty": 0.2291204865609077,
            "admission_source_id": 0.07996053104817386,
            "num_lab_procedures": 0.0,
            "time_in_hospital": 0.0,
            "admission_type_id": 0.0,
            "gender": 0.0,
            "race": 0.0,
            "number_outpatient": 0.0,
            "diag_2": 0.0,
            "num_procedures": 0.0,
            "diag_3": 0.0,
            "metformin": 0.0,
            "repaglinide": 0.0,
            "nateglinide": 0.0,
            "chlorpropamide": 0.0,
            "glimepiride": 0.0,
            "acetohexamide": 0.0,
            "glipizide": 0.0,
            "glyburide": 0.0,
            "tolbutamide": 0.0,
            "pioglitazone": 0.0,
            "rosiglitazone": 0.0,
            "acarbose": 0.0,
            "miglitol": 0.0,
            "troglitazone": 0.0,
            "tolazamide": 0.0,
            "insulin": 0.0,
            "glyburide-metformin": 0.0,
            "glipizide-metformin": 0.0,
            "glimepiride-pioglitazone": 0.0,
            "metformin-rosiglitazone": 0.0,
            "metformin-pioglitazone": 0.0,
            "change": 0.0,
            "diabetesMed": 0.0
        },
        "Lime": {
            "race": 0.0,
            "gender": 0.0,
            "age": 0.0,
            "admission_type_id": 0.0,
            "discharge_disposition_id": 0.0,
            "admission_source_id": 0.0,
            "time_in_hospital": 0.0,
            "payer_code": 0.0,
            "medical_specialty": 0.0,
            "num_lab_procedures": 0.0,
            "num_procedures": 0.0,
            "num_medications": 0.0,
            "number_outpatient": 0.0,
            "number_emergency": -4.793413471342406,
            "number_inpatient": 51.737022915432064,
            "diag_1": 0.0,
            "diag_2": 0.0,
            "diag_3": 7.788522111395,
            "number_diagnoses": 0.0,
            "metformin": 0.0,