{
    "LogisticRegression": {
        "SHAP": {
            "number_inpatient": 22.420303572782093,
            "time_in_hospital": 15.4534039026754,
            "age": -14.68338911386855,
            "pioglitazone": -7.124839631003893,
            "discharge_disposition_id": -6.897840400063901,
            "diabetesMed": 6.108606163282284,
            "metformin": 3.179304782716244,
            "num_procedures": 2.9147801308932886,
            "change": -2.6196004438670006,
            "admission_source_id": 2.4644150481402978,
            "number_emergency": -2.2373332240904116,
            "number_diagnoses": -1.870530758441899,
            "insulin": 1.6639791435951612,
            "num_medications": 1.6380766480137243,
            "diag_2": 1.5871953242274708,
            "glimepiride": 1.3485074590977464,
            "gender": 1.3454728507021758,
            "payer_code": 0.89936135316289,
            "diag_3": -0.7498650487359255,
            "num_lab_procedures": -0.6360540133058672,
            "glyburide": 0.475809982603602,
            "rosiglitazone": 0.4241888908310427,
            "diag_1": 0.26779378478224936,
            "glyburide-metformin": 0.19009993823013613,
            "acarbose": 0.18230491041996685,
            "number_outpatient": 0.13121802460161092,
            "admission_type_id": -0.11379917375756574,
            "glipizide": 0.08227681372269821,
            "glipizide-metformin": -0.07605165480019903,
            "chlorpropamide": -0.05063822898966823,
            "race": 0.02742161697068767,
            "tolazamide": 0.025376902585273163,
            "tolbutamide": -0.02227858585468644,
            "troglitazone": -0.019909146312596947,
            "repaglinide": 0.013172925496726547,
            "miglitol": -0.013141248007957677,
            "metformin-rosiglitazone": -0.012928323618555877,
            "acetohexamide": -0.007312497981051884,
            "nateglinide": 0.006691979521775762,
            "glimepiride-pioglitazone": -0.006561950094608494,
            "metformin-pioglitazone": -0.006060095742609976,
            "medical_specialty": 0.0021043124085185242
        },
        "Lime": {
            "race": -20.43571610931704,
            "gender": 0.0,
            "age": 0.0,
            "admission_type_id": 0.0,
            "discharge_disposition_id": -9.491183063370515,
            "admission_source_id": 0.0,
            "time_in_hospital": 8.581775287685968,
            "payer_code": 0.0,
            "medical_specialty": 0.0,
            "num_lab_procedures": 0.0,
            "num_procedures": 0.0,
            "num_medications": 4.1473631326762685,
            "number_outpatient": 0.0,
            "number_emergency": -10.514197934806855,
            "number_inpatient": 46.829764472143374,
            "diag_1": 0.0,
            "diag_2": 0.0,
            "diag_3": 0.0,
            "number_diagnoses": 0.0,
            "metformin": 0.0,
            "repaglinide": 0.0,
            "nateglinide": 0.0,
            "chlorpropamide": 0.0,
            "glimepiride": 0.0,
            "acetohexamide": 0.0,
            "glipizide": 0.0,
            "glyburide": 0.0,
            "tolbutamide": 0.0,
            "pioglitazone": 0.0,
            "rosiglitazone": 0.0,
            "acarbose": 0.0,
            "miglitol": 0.0,
            "troglitazone": 0.0,
            "tolazamide": 0.0,
            "insulin": 0.0,
            "glyburide-metformin": 0.0,
            "glipizide-metformin": 0.0,
            "glimepiride-pioglitazone": 0.0,
            "metformin-rosiglitazone": 0.0,
            "metformin-pioglitazone": 0.0,
            "change": 0.0,
            "diabetesMed": 0.0
        },
        "Inherent": {
            "number_inpatient": 21.37739186464479,
            "time_in_hospital": 17.51220106124042,
            "diabetesMed": 5.200130903359408,
            "num_procedures": 3.0691681545015332,
            "metformin": 3.005180160883706,
            "admission_source_id": 2.385316820669596,
            "num_medications": 2.188016219586861,
            "insulin": 2.0266635346998854,
            "diag_2": 1.7719483666148643,
            "gender": 1.3494455444196005,
            "glimepiride": 0.9480143697000016,
            "payer_code": 0.6326081570962834,
            "glyburide": 0.5125187249956652,
            "rosiglitazone": 0.3656028249857022,
            "number_outpatient": 0.1739793903386064,
            "diag_1": 0.16022706790240798,
            "number_diagnoses": 0.1020250592202332,
            "glyburide-metformin": 0.09121709076699194,
            "glipizide": 0.07007982284887336,
            "tolazamide": 0.03725588251141165,
            "race": 0.03604650563423816,
            "nateglinide": 0.020310790479321033,
            "repaglinide": 0.0,
            "glimepiride-pioglitazone": -0.0,
            "acetohexamide": -0.0,
            "chlorpropamide": -0.0,
            "metformin-pioglitazone": -0.0,
            "metformin-rosiglitazone": -0.0,
            "acarbose": -0.0,
            "glipizide-metformin": -0.0,
            "miglitol": -0.0,
            "troglitazone": -0.0,
            "tolbutamide": -0.0,
            "medical_specialty": -0.010249981335779727,
            "admission_type_id": -0.09877623686038266,
            "num_lab_procedures": -0.6863339376551206,
            "diag_3": -0.8464647381412875,
            "number_emergency": -2.2771002834161393,
            "change": -2.6771486805910825,
            "pioglitazone": -7.475078987872447,
            "discharge_disposition_id": -7.889381728344223,
            "age": -15.00411710868312
        }
    },
    "DecisionTree": {
        "SHAP": {
            "number_inpatient": 36.61217671444595,
            "admission_source_id": -24.125705059432338,
            "discharge_disposition_id": -20.546149711991095,
            "num_medications": 8.79644013630159,
            "diag_1": -3.3861972205970847,
            "number_diagnoses": 3.082106480328256,
            "payer_code": -2.6605955746631174,
            "medical_specialty": -0.4469629037174101,
            "number_emergency": -0.34366619852317243,
            "gender": 0.0,
            "num_lab_procedures": 0.0,
            "time_in_hospital": 0.0,
            "admission_type_id": 0.0,
            "age": 0.0,
            "race": 0.0,
            "number_outpatient": 0.0,
            "diag_2": 0.0,
            "num_procedures": 0.0,
            "diag_3": 0.0,
            "metformin": 0.0,
            "repaglinide": 0.0,
            "nateglinide": 0.0,
            "chlorpropamide": 0.0,
            "glimepiride": 0.0,
            "acetohexamide": 0.0,
            "glipizide": 0.0,
            "glyburide": 0.0,
            "tolbutamide": 0.0,
            "pioglitazone": 0.0,
            "rosiglitazone": 0.0,
            "acarbose": 0.0,
            "miglitol": 0.0,
            "troglitazone": 0.0,
            "tolazamide": 0.0,
            "insulin": 0.0,
            "glyburide-metformin": 0.0,
            "glipizide-metformin": 0.0,
            "glimepiride-pioglitazone": 0.0,
            "metformin-rosiglitazone": 0.0,
            "metformin-pioglitazone": 0.0,
            "change": 0.0,
            "diabetesMed": 0.0
        },
        "Lime": {
            "race": 0.0,
            "gender": 0.0,
            "age": 0.0,
            "admission_type_id": 0.0,
            "discharge_disposition_id": -19.022293828235735,
            "admission_source_id": 0.0,
            "time_in_hospital": 0.0,
            "payer_code": 7.018854442159091,
            "medical_specialty": 3.193505558013436,
            "num_lab_procedures": 3.025457210460072,
            "num_procedures": 0.0,
            "num_medications": 0.0,
            "number_outpatient": 0.0,
            "number_emergency": 0.0,
            "number_inpatient": 12.098691010300758,
            "diag_1": 0.0,
            "diag_2": 0.0,
            "diag_3": -13.937435465514792,