{
    "LogisticRegression": {
        "SHAP": {
            "number_inpatient": -21.887656024419993,
            "time_in_hospital": 18.326272657258688,
            "number_diagnoses": 10.648911587189248,
            "diabetesMed": 8.41968912588653,
            "age": 4.983081574435609,
            "metformin": 4.382138443924755,
            "insulin": -3.8888013899948115,
            "change": -3.6106798804562703,
            "number_emergency": -3.0837886277705,
            "num_medications": -2.9115200265449563,
            "payer_code": -2.810505457549118,
            "num_procedures": -2.75531352071515,
            "diag_2": 2.203227683718203,
            "glimepiride": 1.8586913750945466,
            "discharge_disposition_id": 1.530169345648781,
            "gender": -1.3555830946338494,
            "admission_type_id": 1.266027838323196,
            "glyburide": 0.6558242632494753,
            "pioglitazone": 0.6001722507327925,
            "rosiglitazone": 0.584673245579305,
            "diag_1": 0.42920363137871315,
            "admission_source_id": -0.34033382073571766,
            "glyburide-metformin": 0.2620208833184871,
            "acarbose": 0.2512767447809978,
            "number_outpatient": 0.18086204042737863,
            "num_lab_procedures": -0.13850334432358177,
            "medical_specialty": 0.11884189651247588,
            "glipizide": 0.11340478912809254,
            "glipizide-metformin": -0.10482445157060974,
            "chlorpropamide": -0.06979630615920578,
            "race": 0.03779610013330226,
            "tolazamide": 0.03497780427067165,
            "tolbutamide": -0.03070729427415612,
            "troglitazone": -0.027441419242484916,
            "repaglinide": 0.018156668574833543,
            "miglitol": -0.01811300646917582,
            "metformin-rosiglitazone": -0.017819525907790425,
            "acetohexamide": -0.010079052092801388,
            "nateglinide": 0.009223771463419357,
            "glimepiride-pioglitazone": -0.009044547705216349,
            "metformin-pioglitazone": -0.008352825646639516,
            "diag_3": 0.006492662758473
        },
        "Lime": {
            "race": 0.0,
            "gender": 0.0,
            "age": 0.0,
            "admission_type_id": 0.0,
            "discharge_disposition_id": -12.50237286396199,
            "admission_source_id": 0.0,
            "time_in_hospital": 21.56002492428573,
            "payer_code": 0.0,
            "medical_specialty": 0.0,
            "num_lab_procedures": 0.0,
            "num_procedures": -13.56146041754564,
            "num_medications": -9.182684378398264,
            "number_outpatient": 0.0,
            "number_emergency": -43.193457415808375,
            "number_inpatient": 0.0,
            "diag_1": 0.0,
            "diag_2": 0.0,
            "diag_3": 0.0,
            "number_diagnoses": 0.0,
            "metformin": 0.0,
            "repaglinide": 0.0,
            "nateglinide": 0.0,
            "chlorpropamide": 0.0,
            "glimepiride": 0.0,
            "acetohexamide": 0.0,
            "glipizide": 0.0,
            "glyburide": 0.0,
            "tolbutamide": 0.0,
            "pioglitazone": 0.0,
            "rosiglitazone": 0.0,
            "acarbose": 0.0,
            "miglitol": 0.0,
            "troglitazone": 0.0,
            "tolazamide": 0.0,
            "insulin": 0.0,
            "glyburide-metformin": 0.0,
            "glipizide-metformin": 0.0,
            "glimepiride-pioglitazone": 0.0,
            "metformin-rosiglitazone": 0.0,
            "metformin-pioglitazone": 0.0,
            "change": 0.0,
            "diabetesMed": 0.0
        },
        "Inherent": {
            "time_in_hospital": 19.033331267174976,
            "number_diagnoses": 12.887551538325098,
            "diabetesMed": 6.503639529549203,
            "age": 5.5656841496817,
            "metformin": 3.7584839403011996,
            "diag_2": 2.2311159482201686,
            "admission_type_id": 1.2490894642059533,
            "glimepiride": 1.1856516391497982,
            "discharge_disposition_id": 0.7808417760583434,
            "pioglitazone": 0.7036765255943835,
            "glyburide": 0.6409909868543145,
            "rosiglitazone": 0.457247909500853,
            "diag_1": 0.25836323987690013,
            "number_outpatient": 0.2175905301926257,
            "glyburide-metformin": 0.11408233529264376,
            "medical_specialty": 0.09902715805372643,
            "glipizide": 0.08764662170509929,
            "tolazamide": 0.04659475592295703,
            "race": 0.04508222644808803,
            "nateglinide": 0.025402064350412406,
            "glimepiride-pioglitazone": -0.0,
            "glipizide-metformin": -0.0,
            "troglitazone": -0.0,
            "miglitol": -0.0,
            "chlorpropamide": -0.0,
            "repaglinide": 0.0,
            "metformin-rosiglitazone": -0.0,
            "acetohexamide": -0.0,
            "tolbutamide": -0.0,
            "acarbose": -0.0,
            "metformin-pioglitazone": -0.0,
            "diag_3": -0.05532487278243797,
            "num_lab_procedures": -0.14625809920254518,
            "admission_source_id": -0.6218839572365502,
            "gender": -1.4090047067028673,
            "num_medications": -2.250274011283171,
            "num_procedures": -2.6951252386509688,
            "number_emergency": -2.8478974262754906,
            "payer_code": -3.1158937315560467,
            "change": -3.348225325313369,
            "insulin": -3.4292784774917444,
            "number_inpatient": -24.18974054704637
        }
    },
    "DecisionTree": {
        "SHAP": {
            "discharge_disposition_id": 57.56172908391274,
            "number_inpatient": -22.03167309114623,
            "payer_code": -13.97084651496439,
            "diag_1": -2.7252454272050244,
            "number_diagnoses": 1.9974704886609431,
            "num_medications": -0.8151872176926237,
            "medical_specialty": 0.7283830567168317,
            "admission_source_id": 0.16946511970122294,
            "gender": 0.0,
            "race": 0.0,
            "num_lab_procedures": 0.0,
            "time_in_hospital": 0.0,
            "admission_type_id": 0.0,
            "age": 0.0,
            "number_emergency": 0.0,
            "number_outpatient": 0.0,
            "diag_2": 0.0,
            "num_procedures": 0.0,
            "diag_3": 0.0,
            "metformin": 0.0,
            "repaglinide": 0.0,
            "nateglinide": 0.0,
            "chlorpropamide": 0.0,
            "glimepiride": 0.0,
            "acetohexamide": 0.0,
            "glipizide": 0.0,
            "glyburide": 0.0,
            "tolbutamide": 0.0,
            "pioglitazone": 0.0,
            "rosiglitazone": 0.0,
            "acarbose": 0.0,
            "miglitol": 0.0,
            "troglitazone": 0.0,
            "tolazamide": 0.0,
            "insulin": 0.0,
            "glyburide-metformin": 0.0,
            "glipizide-metformin": 0.0,
            "glimepiride-pioglitazone": 0.0,
            "metformin-rosiglitazone": 0.0,
            "metformin-pioglitazone": 0.0,
            "change": 0.0,
            "diabetesMed": 0.0
        },
        "Lime": {
            "race": 2.466673943933034,
            "gender": 0.0,
            "age": 0.0,
            "admission_type_id": 0.0,
            "discharge_disposition_id": 29.27435094484131,
            "admission_source_id": 0.0,
            "time_in_hospital": 0.0,
            "payer_code": -2.638660623159529,
            "medical_specialty": 0.0,
            "num_lab_procedures": 0.0,
            "num_procedures": 0.0,
            "num_medications": 0.0,
            "number_outpatient": 0.0,
            "number_emergency": 0.0,
            "number_inpatient": -26.532426954772404,
            "diag_1": 0.0,
            "diag_2": -2.511747110728618,
            "diag_3": 0.0,
            "number_diagnoses": 3.983076627935861,
            "metformin": 0.0,