{
    "LogisticRegression": {
        "SHAP": {
            "diabetesMed": -22.4369406207,
            "number_inpatient": -16.91408835811373,
            "age": -10.767114378812478,
            "number_diagnoses": 8.229142092808132,
            "time_in_hospital": -6.519540621980993,
            "discharge_disposition_id": -4.5039163768196415,
            "payer_code": 4.087746132618335,
            "metformin": 3.386378000245206,
            "num_procedures": 3.1046244337656606,
            "change": -2.7902192204941336,
            "num_medications": -2.7492678223774143,
            "diag_1": 2.6536434450820585,
            "number_emergency": -2.3830543238463884,
            "insulin": 1.7723567728927705,
            "glimepiride": 1.4363379118228878,
            "diag_2": 1.354214212192619,
            "gender": -1.047551743951978,
            "admission_type_id": 0.9783462741437022,
            "glyburide": 0.5068002495845331,
            "pioglitazone": 0.4637941343584982,
            "rosiglitazone": 0.4518169933463923,
            "admission_source_id": -0.2629992132897158,
            "medical_specialty": -0.2389783328227126,
            "glyburide-metformin": 0.2024814519734458,
            "acarbose": 0.19417872150508705,
            "number_outpatient": 0.13976446491138075,
            "glipizide": 0.08763563450584892,
            "glipizide-metformin": -0.08100502100261284,
            "chlorpropamide": -0.05393637802648388,
            "race": 0.029207630846059457,
            "tolazamide": 0.027029740934656595,
            "tolbutamide": -0.02372962586821536,
            "troglitazone": -0.021205860930087046,
            "num_lab_procedures": -0.019269430855306045,
            "repaglinide": 0.014030899253034997,
            "miglitol": -0.013997158558637566,
            "metformin-rosiglitazone": -0.013770366062395708,
            "diag_3": 0.011525197204195387,
            "acetohexamide": -0.0077887726978837744,
            "nateglinide": 0.007127838876545813,
            "glimepiride-pioglitazone": -0.00698934042432522,
            "metformin-pioglitazone": -0.006454799493813
        },
        "Lime": {
            "race": -56.42406693411224,
            "gender": 0.0,
            "age": 0.0,
            "admission_type_id": 0.0,
            "discharge_disposition_id": 0.0,
            "admission_source_id": 0.0,
            "time_in_hospital": 0.0,
            "payer_code": 0.0,
            "medical_specialty": 0.0,
            "num_lab_procedures": 0.0,
            "num_procedures": 0.0,
            "num_medications": -11.201945851639227,
            "number_outpatient": 0.0,
            "number_emergency": -32.37398721424854,
            "number_inpatient": 0.0,
            "diag_1": 0.0,
            "diag_2": 0.0,
            "diag_3": 0.0,
            "number_diagnoses": 0.0,
            "metformin": 0.0,
            "repaglinide": 0.0,
            "nateglinide": 0.0,
            "chlorpropamide": 0.0,
            "glimepiride": 0.0,
            "acetohexamide": 0.0,
            "glipizide": 0.0,
            "glyburide": 0.0,
            "tolbutamide": 0.0,
            "pioglitazone": 0.0,
            "rosiglitazone": 0.0,
            "acarbose": 0.0,
            "miglitol": 0.0,
            "troglitazone": 0.0,
            "tolazamide": 0.0,
            "insulin": 0.0,
            "glyburide-metformin": 0.0,
            "glipizide-metformin": 0.0,
            "glimepiride-pioglitazone": 0.0,
            "metformin-rosiglitazone": 0.0,
            "metformin-pioglitazone": 0.0,
            "change": 0.0,
            "diabetesMed": 0.0
        },
        "Inherent": {
            "number_diagnoses": 10.025778871034898,
            "payer_code": 3.654977748577654,
            "num_procedures": 2.9861428231001894,
            "metformin": 2.9238857950431885,
            "diag_1": 2.4559489219313524,
            "insulin": 1.9718394249942361,
            "diag_2": 1.3973641642282737,
            "admission_type_id": 0.9717202465516489,
            "glimepiride": 0.9223692426638255,
            "pioglitazone": 0.5474201380586131,
            "glyburide": 0.49865436994892437,
            "rosiglitazone": 0.3557127524391117,
            "number_outpatient": 0.16927300221885463,
            "glyburide-metformin": 0.0887495396882776,
            "glipizide": 0.06818406470735826,
            "tolazamide": 0.03624805829440917,
            "race": 0.03507139676907105,
            "nateglinide": 0.019761354923600316,
            "troglitazone": -0.0,
            "miglitol": -0.0,
            "glipizide-metformin": -0.0,
            "glimepiride-pioglitazone": -0.0,
            "acetohexamide": -0.0,
            "chlorpropamide": -0.0,
            "tolbutamide": -0.0,
            "repaglinide": 0.0,
            "metformin-rosiglitazone": -0.0,
            "metformin-pioglitazone": -0.0,
            "acarbose": -0.0,
            "num_lab_procedures": -0.028551647475229005,
            "diag_3": -0.03671953314645002,
            "medical_specialty": -0.24423087296924265,
            "admission_source_id": -0.48379019243154664,
            "gender": -1.0961251697532477,
            "number_emergency": -2.2155015061098426,
            "num_medications": -2.2355111198129314,
            "change": -2.6047280293827932,
            "discharge_disposition_id": -4.914825111732742,
            "time_in_hospital": -5.27779759329131,
            "age": -9.866229839850169,
            "number_inpatient": -18.818236260874137,
            "diabetesMed": -23.048651207996887
        }
    },
    "DecisionTree": {
        "SHAP": {
            "discharge_disposition_id": 58.92856870076428,
            "payer_code": 21.89035482969179,
            "number_inpatient": -12.577181578502362,
            "diag_1": 3.4684368177843554,
            "number_diagnoses": 2.078733586550691,
            "num_medications": -0.6386419629862242,
            "medical_specialty": -0.28531849804037535,
            "admission_source_id": 0.1327640256799181,
            "gender": 0.0,
            "race": 0.0,
            "num_lab_procedures": 0.0,
            "time_in_hospital": 0.0,
            "admission_type_id": 0.0,
            "age": 0.0,
            "number_emergency": 0.0,
            "number_outpatient": 0.0,
            "diag_2": 0.0,
            "num_procedures": 0.0,
            "diag_3": 0.0,
            "metformin": 0.0,
            "repaglinide": 0.0,
            "nateglinide": 0.0,
            "chlorpropamide": 0.0,
            "glimepiride": 0.0,
            "acetohexamide": 0.0,
            "glipizide": 0.0,
            "glyburide": 0.0,
            "tolbutamide": 0.0,
            "pioglitazone": 0.0,
            "rosiglitazone": 0.0,
            "acarbose": 0.0,
            "miglitol": 0.0,
            "troglitazone": 0.0,
            "tolazamide": 0.0,
            "insulin": 0.0,
            "glyburide-metformin": 0.0,
            "glipizide-metformin": 0.0,
            "glimepiride-pioglitazone": 0.0,
            "metformin-rosiglitazone": 0.0,
            "metformin-pioglitazone": 0.0,
            "change": 0.0,
            "diabetesMed": 0.0
        },
        "Lime": {
            "race": 0.0,
            "gender": 0.0,
            "age": 0.0,
            "admission_type_id": 0.0,
            "discharge_disposition_id": 27.47041156997901,
            "admission_source_id": 0.0,
            "time_in_hospital": 0.0,
            "payer_code": 3.6887729068807023,
            "medical_specialty": 0.0,
            "num_lab_procedures": 0.0,
            "num_procedures": 0.0,
            "num_medications": 0.0,
            "number_outpatient": 0.0,
            "number_emergency": 0.0,
            "number_inpatient": -33.664375419157516,
            "diag_1": 11.917812948924283,
            "diag_2": 0.0,
            "diag_3": 0.0,
            "number_diagnoses": 0.0,
            "metformin": 0.0,
            "repaglinide": 0.0,