{
    "LogisticRegression": {
        "SHAP": {
            "number_inpatient": -18.470438288581313,
            "number_diagnoses": 8.98634664636044,
            "pioglitazone": -8.28718378348672,
            "discharge_disposition_id": -8.023151967623264,
            "diabetesMed": 7.10516229948142,
            "glyburide": -6.043275793264118,
            "time_in_hospital": 5.427515644652071,
            "payer_code": 4.463880114809449,
            "age": 4.20509627001133,
            "change": 3.764504358381476,
            "metformin": 3.697975589995904,
            "num_procedures": 3.3902964675942697,
            "insulin": -3.281660951282781,
            "number_emergency": -2.6023310801629442,
            "diag_2": 2.554508907587892,
            "glimepiride": 1.5685025524386595,
            "gender": 1.5649728789600355,
            "glipizide": -1.0838500743024708,
            "admission_type_id": 1.068368811776146,
            "diag_1": 0.8862231096255363,
            "num_medications": 0.8147444843125428,
            "diag_3": 0.5562478334310839,
            "rosiglitazone": 0.4933909363985114,
            "num_lab_procedures": 0.4102237897685693,
            "admission_source_id": -0.2871990873030336,
            "glyburide-metformin": 0.22111278385653121,
            "acarbose": 0.21204607759985145,
            "number_outpatient": 0.1526248928955068,
            "glipizide-metformin": -0.0884586984421341,
            "chlorpropamide": -0.05889933413821091,
            "medical_specialty": -0.042709339512976924,
            "race": 0.031895171154111675,
            "tolazamide": 0.029516882690897306,
            "tolbutamide": -0.025913107519019353,
            "troglitazone": -0.023157118336650975,
            "repaglinide": 0.01532195252262392,
            "miglitol": -0.015285107178051588,
            "metformin-rosiglitazone": -0.015037446369058644,
            "acetohexamide": -0.008505456659213814,
            "nateglinide": 0.007783707008780954,
            "glimepiride-pioglitazone": -0.007632464620740731,
            "metformin-pioglitazone": -0.0070487379036569455
        },
        "Lime": {
            "race": 0.0,
            "gender": 0.0,
            "age": 0.0,
            "admission_type_id": 0.0,
            "discharge_disposition_id": -29.013731131891696,
            "admission_source_id": 0.0,
            "time_in_hospital": 20.997737127181313,
            "payer_code": 0.0,
            "medical_specialty": 0.0,
            "num_lab_procedures": 0.0,
            "num_procedures": 9.998500160270318,
            "num_medications": 0.0,
            "number_outpatient": 0.0,
            "number_emergency": -39.99003158065668,
            "number_inpatient": 0.0,
            "diag_1": 0.0,
            "diag_2": 0.0,
            "diag_3": 0.0,
            "number_diagnoses": 0.0,
            "metformin": 0.0,
            "repaglinide": 0.0,
            "nateglinide": 0.0,
            "chlorpropamide": 0.0,
            "glimepiride": 0.0,
            "acetohexamide": 0.0,
            "glipizide": 0.0,
            "glyburide": 0.0,
            "tolbutamide": 0.0,
            "pioglitazone": 0.0,
            "rosiglitazone": 0.0,
            "acarbose": 0.0,
            "miglitol": 0.0,
            "troglitazone": 0.0,
            "tolazamide": 0.0,
            "insulin": 0.0,
            "glyburide-metformin": 0.0,
            "glipizide-metformin": 0.0,
            "glimepiride-pioglitazone": 0.0,
            "metformin-rosiglitazone": 0.0,
            "metformin-pioglitazone": 0.0,
            "change": 0.0,
            "diabetesMed": 0.0
        },
        "Inherent": {
            "number_diagnoses": 10.810671389808968,
            "time_in_hospital": 6.340693346757721,
            "diabetesMed": 5.4555521723923786,
            "age": 4.668752029642468,
            "payer_code": 3.941116584078239,
            "change": 3.723088230893442,
            "num_procedures": 3.2199202873741735,
            "metformin": 3.15278931623588,
            "diag_2": 2.538270808756579,
            "gender": 1.4157279322771583,
            "num_medications": 1.249707438476118,
            "admission_type_id": 1.0477937328782985,
            "glimepiride": 0.994579165446554,
            "diag_1": 0.7192353005532859,
            "diag_3": 0.48174092811209573,
            "rosiglitazone": 0.38356059167568285,
            "num_lab_procedures": 0.3827682585592665,
            "number_outpatient": 0.18252495149691517,
            "glyburide-metformin": 0.09569751357060813,
            "tolazamide": 0.03908582582761943,
            "race": 0.03781704648876804,
            "nateglinide": 0.02130842072665567,
            "metformin-pioglitazone": -0.0,
            "glimepiride-pioglitazone": -0.0,
            "troglitazone": -0.0,
            "repaglinide": 0.0,
            "metformin-rosiglitazone": -0.0,
            "glipizide-metformin": -0.0,
            "acarbose": -0.0,
            "acetohexamide": -0.0,
            "chlorpropamide": -0.0,
            "miglitol": -0.0,
            "tolbutamide": -0.0,
            "medical_specialty": -0.05405589482571809,
            "admission_source_id": -0.5216648860169831,
            "glipizide": -1.0575859841621278,
            "number_emergency": -2.388947437827146,
            "insulin": -2.8766366220969335,
            "glyburide": -5.788104221371955,
            "pioglitazone": -7.842241699097778,
            "discharge_disposition_id": -8.276894260314794,
            "number_inpatient": -20.29146772225769
        }
    },
    "DecisionTree": {
        "SHAP": {
            "discharge_disposition_id": -37.589809275409515,
            "number_inpatient": -31.94925705198029,
            "diag_1": 13.654753013668131,
            "number_diagnoses": 8.61362689387513,
            "payer_code": 5.926515742283323,
            "num_medications": -1.661042344280178,
            "medical_specialty": -0.3733561576856509,
            "admission_source_id": 0.2316395208177769,
            "gender": 0.0,
            "race": 0.0,
            "num_lab_procedures": 0.0,
            "time_in_hospital": 0.0,
            "admission_type_id": 0.0,
            "age": 0.0,
            "number_emergency": 0.0,
            "number_outpatient": 0.0,
            "diag_2": 0.0,
            "num_procedures": 0.0,
            "diag_3": 0.0,
            "metformin": 0.0,
            "repaglinide": 0.0,
            "nateglinide": 0.0,
            "chlorpropamide": 0.0,
            "glimepiride": 0.0,
            "acetohexamide": 0.0,
            "glipizide": 0.0,
            "glyburide": 0.0,
            "tolbutamide": 0.0,
            "pioglitazone": 0.0,
            "rosiglitazone": 0.0,
            "acarbose": 0.0,
            "miglitol": 0.0,
            "troglitazone": 0.0,
            "tolazamide": 0.0,
            "insulin": 0.0,
            "glyburide-metformin": 0.0,
            "glipizide-metformin": 0.0,
            "glimepiride-pioglitazone": 0.0,
            "metformin-rosiglitazone": 0.0,
            "metformin-pioglitazone": 0.0,
            "change": 0.0,
            "diabetesMed": 0.0
        },
        "Lime": {
            "race": 0.0,
            "gender": 0.0,
            "age": 0.0,
            "admission_type_id": 0.0,
            "discharge_disposition_id": -16.938581786366232,
            "admission_source_id": 0.0,
            "time_in_hospital": 0.0,
            "payer_code": 0.0,
            "medical_specialty": 0.0,
            "num_lab_procedures": 0.0,
            "num_procedures": 0.0,
            "num_medications": 0.0,
            "number_outpatient": 0.0,
            "number_emergency": 0.0,
            "number_inpatient": -34.69508748273659,
            "diag_1": -3.9667784672122814,
            "diag_2": 6.711194642288164,
            "diag_3": -3.876686579714802,
            "number_diagnoses": 0.0,
            "metformin": 0.0,
            "repaglinide": -7.505407411896319,