{
    "LogisticRegression": {
        "SHAP": {
            "number_inpatient": -18.935792130576427,
            "number_diagnoses": -13.673761351616797,
            "metformin": -12.651038077274398,
            "discharge_disposition_id": -8.225291436904419,
            "diabetesMed": 7.284173458957076,
            "age": 4.311041655531437,
            "change": 3.8593492418114037,
            "num_procedures": 3.475713362529177,
            "diag_2": -3.1505959191947577,
            "time_in_hospital": 2.9916460463822627,
            "diag_1": -2.834740780485552,
            "number_emergency": -2.667895564739674,
            "num_medications": -2.518859851651319,
            "payer_code": -2.4314685440334154,
            "insulin": 1.984202678982546,
            "glimepiride": 1.6080202226505087,
            "gender": 1.6044016207399439,
            "admission_type_id": 1.0952858520466597,
            "diag_3": 1.0438356219611347,
            "glyburide": 0.5673769685171017,
            "pioglitazone": 0.5192304269464373,
            "glipizide": -0.5065233142268231,
            "rosiglitazone": 0.50582168461744,
            "num_lab_procedures": 0.32230766044355813,
            "admission_source_id": 0.244417228323871,
            "glyburide-metformin": 0.22668361449272043,
            "acarbose": 0.21738847691649826,
            "number_outpatient": 0.15647020393703878,
            "glipizide-metformin": -0.09068737296164361,
            "chlorpropamide": -0.060383274638373,
            "medical_specialty": -0.04378538085649634,
            "race": 0.032698754707775016,
            "tolazamide": 0.030260546406360937,
            "tolbutamide": -0.02656597584588862,
            "troglitazone": -0.023740550836688513,
            "repaglinide": 0.01570798177444074,
            "miglitol": -0.015670208129067498,
            "metformin-rosiglitazone": -0.015416307624666368,
            "acetohexamide": -0.008719747564088278,
            "nateglinide": 0.007979813777061586,
            "glimepiride-pioglitazone": -0.007824760909527186,
            "metformin-pioglitazone": -0.007226327477517311
        },
        "Lime": {
            "race": -23.715610880157573,
            "gender": 0.0,
            "age": 0.0,
            "admission_type_id": 0.0,
            "discharge_disposition_id": -12.658043869422242,
            "admission_source_id": 0.0,
            "time_in_hospital": 16.561694884567956,
            "payer_code": 0.0,
            "medical_specialty": 0.0,
            "num_lab_procedures": 0.0,
            "num_procedures": 0.0,
            "num_medications": 0.0,
            "number_outpatient": 0.0,
            "number_emergency": -19.41526529775694,
            "number_inpatient": 0.0,
            "diag_1": 0.0,
            "diag_2": 0.0,
            "diag_3": 0.0,
            "number_diagnoses": -27.649385068095285,
            "metformin": 0.0,
            "repaglinide": 0.0,
            "nateglinide": 0.0,
            "chlorpropamide": 0.0,
            "glimepiride": 0.0,
            "acetohexamide": 0.0,
            "glipizide": 0.0,
            "glyburide": 0.0,
            "tolbutamide": 0.0,
            "pioglitazone": 0.0,
            "rosiglitazone": 0.0,
            "acarbose": 0.0,
            "miglitol": 0.0,
            "troglitazone": 0.0,
            "tolazamide": 0.0,
            "insulin": 0.0,
            "glyburide-metformin": 0.0,
            "glipizide-metformin": 0.0,
            "glimepiride-pioglitazone": 0.0,
            "metformin-rosiglitazone": 0.0,
            "metformin-pioglitazone": 0.0,
            "change": 0.0,
            "diabetesMed": 0.0
        },
        "Inherent": {
            "diabetesMed": 5.792956123965192,
            "age": 4.957495558058618,
            "time_in_hospital": 4.177682330149237,
            "change": 3.9533462582136756,
            "num_procedures": 3.419059401872478,
            "insulin": 2.25770719098092,
            "gender": 1.503285008739476,
            "admission_type_id": 1.1125955594826507,
            "glimepiride": 1.0560898851628504,
            "diag_3": 0.9818947356401757,
            "pioglitazone": 0.6267824684488755,
            "glyburide": 0.5709468745666435,
            "rosiglitazone": 0.40728227102353726,
            "num_lab_procedures": 0.3088560768784061,
            "number_outpatient": 0.19381338536202275,
            "glyburide-metformin": 0.10161601974818849,
            "tolazamide": 0.04150312689412952,
            "race": 0.04015587865807489,
            "nateglinide": 0.02262626081465485,
            "miglitol": -0.0,
            "acarbose": -0.0,
            "tolbutamide": -0.0,
            "troglitazone": -0.0,
            "chlorpropamide": -0.0,
            "repaglinide": 0.0,
            "acetohexamide": -0.0,
            "glimepiride-pioglitazone": -0.0,
            "glipizide-metformin": -0.0,
            "metformin-pioglitazone": -0.0,
            "metformin-rosiglitazone": -0.0,
            "admission_source_id": -0.018731856628853176,
            "medical_specialty": -0.05739903442802963,
            "glipizide": -0.5224621803397071,
            "num_medications": -2.004375942890877,
            "number_emergency": -2.5366942249812614,
            "payer_code": -2.775405308340252,
            "diag_1": -2.954175515000548,
            "diag_2": -3.035064457002817,
            "discharge_disposition_id": -8.788786868420107,
            "number_diagnoses": -11.251955682763624,
            "metformin": -12.982841155922056,
            "number_inpatient": -21.546413358622054
        }
    },
    "DecisionTree": {
        "SHAP": {
            "discharge_disposition_id": -31.492586208656288,
            "number_inpatient": -29.953692404464245,
            "number_diagnoses": -20.645078442454672,
            "diag_1": -15.048949825313501,
            "payer_code": -1.415959085738326,
            "num_medications": -1.0582802844433663,
            "medical_specialty": -0.23787199773373535,
            "admission_source_id": 0.14758175119587005,
            "gender": 0.0,
            "race": 0.0,
            "num_lab_procedures": 0.0,
            "time_in_hospital": 0.0,
            "admission_type_id": 0.0,
            "age": 0.0,
            "number_emergency": 0.0,
            "number_outpatient": 0.0,
            "diag_2": 0.0,
            "num_procedures": 0.0,
            "diag_3": 0.0,
            "metformin": 0.0,
            "repaglinide": 0.0,
            "nateglinide": 0.0,
            "chlorpropamide": 0.0,
            "glimepiride": 0.0,
            "acetohexamide": 0.0,
            "glipizide": 0.0,
            "glyburide": 0.0,
            "tolbutamide": 0.0,
            "pioglitazone": 0.0,
            "rosiglitazone": 0.0,
            "acarbose": 0.0,
            "miglitol": 0.0,
            "troglitazone": 0.0,
            "tolazamide": 0.0,
            "insulin": 0.0,
            "glyburide-metformin": 0.0,
            "glipizide-metformin": 0.0,
            "glimepiride-pioglitazone": 0.0,
            "metformin-rosiglitazone": 0.0,
            "metformin-pioglitazone": 0.0,
            "change": 0.0,
            "diabetesMed": 0.0
        },
        "Lime": {
            "race": 0.0,
            "gender": 0.0,
            "age": 0.0,
            "admission_type_id": 0.0,
            "discharge_disposition_id": -18.752213055866115,
            "admission_source_id": 0.0,
            "time_in_hospital": 0.0,
            "payer_code": 0.0,
            "medical_specialty": 0.0,
            "num_lab_procedures": 0.0,
            "num_procedures": 0.0,
            "num_medications": 0.0,
            "number_outpatient": -4.22689373857047,
            "number_emergency": 0.0,
            "number_inpatient": -33.33861757014362,
            "diag_1": -5.9735618241897415,
            "diag_2": 0.0,
            "diag_3": -8.554917504362555,
            "number_diagnoses": -4.776348928021388,