{
    "LogisticRegression": {
        "SHAP": {
            "number_inpatient": -23.04918957745715,
            "discharge_disposition_id": -10.01206077631745,
            "diabetesMed": 8.866504966511405,
            "num_medications": -5.787858516441304,
            "time_in_hospital": -5.75285861779013,
            "age": 5.247523616094639,
            "metformin": 4.614689651372174,
            "number_diagnoses": 4.2494971324763995,
            "num_procedures": 4.230738046626273,
            "insulin": -4.09517219966657,
            "change": -3.802291345189954,
            "number_emergency": -3.247439041393297,
            "diag_2": 3.220502063548521,
            "payer_code": -2.959653287097205,
            "glimepiride": 1.957328360000759,
            "gender": -1.4275211425723968,
            "admission_type_id": 1.3332133702801503,
            "num_lab_procedures": 0.7511058465690471,
            "diag_3": -0.7425440426623255,
            "glyburide": 0.6906275279668228,
            "diag_1": -0.6449406884521799,
            "pioglitazone": 0.6320221759166583,
            "rosiglitazone": 0.6157006699661743,
            "number_outpatient": -0.5081485002447965,
            "admission_source_id": -0.3583946469647493,
            "glyburide-metformin": 0.2759258006486616,
            "acarbose": 0.2646114924504353,
            "medical_specialty": 0.12514859514442628,
            "glipizide": 0.1194229514886678,
            "glipizide-metformin": -0.1103872728038262,
            "chlorpropamide": -0.07350025469492477,
            "race": 0.03980186257902974,
            "tolazamide": 0.036834005465839516,
            "tolbutamide": -0.032336868157381626,
            "troglitazone": -0.028897679755604453,
            "repaglinide": 0.019120206184229216,
            "miglitol": -0.0190742270190992,
            "metformin-rosiglitazone": -0.018765172039017123,
            "acetohexamide": -0.010613926963620655,
            "nateglinide": 0.009713258324340186,
            "glimepiride-pioglitazone": -0.009524523524460446,
            "metformin-pioglitazone": -0.008796093177909949
        },
        "Lime": {
            "race": -26.148099292485632,
            "gender": 0.0,
            "age": 0.0,
            "admission_type_id": 0.0,
            "discharge_disposition_id": -21.348471643883908,
            "admission_source_id": 0.0,
            "time_in_hospital": 0.0,
            "payer_code": 0.0,
            "medical_specialty": 0.0,
            "num_lab_procedures": 0.0,
            "num_procedures": 0.0,
            "num_medications": 0.0,
            "number_outpatient": 0.0,
            "number_emergency": -29.554551638964476,
            "number_inpatient": 0.0,
            "diag_1": 0.0,
            "diag_2": 0.0,
            "diag_3": 0.0,
            "number_diagnoses": 22.94887742466599,
            "metformin": 0.0,
            "repaglinide": 0.0,
            "nateglinide": 0.0,
            "chlorpropamide": 0.0,
            "glimepiride": 0.0,
            "acetohexamide": 0.0,
            "glipizide": 0.0,
            "glyburide": 0.0,
            "tolbutamide": 0.0,
            "pioglitazone": 0.0,
            "rosiglitazone": 0.0,
            "acarbose": 0.0,
            "miglitol": 0.0,
            "troglitazone": 0.0,
            "tolazamide": 0.0,
            "insulin": 0.0,
            "glyburide-metformin": 0.0,
            "glipizide-metformin": 0.0,
            "glimepiride-pioglitazone": 0.0,
            "metformin-rosiglitazone": 0.0,
            "metformin-pioglitazone": 0.0,
            "change": 0.0,
            "diabetesMed": 0.0
        },
        "Inherent": {
            "number_diagnoses": 6.926000547518398,
            "diabetesMed": 6.9218114703447515,
            "age": 5.923547301867926,
            "num_procedures": 4.085320875772816,
            "metformin": 4.000147476022035,
            "diag_2": 3.25238873586526,
            "admission_type_id": 1.329403596485434,
            "glimepiride": 1.2618868371182597,
            "pioglitazone": 0.7489216190629122,
            "num_lab_procedures": 0.7188446491574262,
            "glyburide": 0.6822055166245248,
            "rosiglitazone": 0.4866481007125471,
            "glyburide-metformin": 0.12141761753623392,
            "medical_specialty": 0.10539442036687384,
            "glipizide": 0.09328213667115325,
            "tolazamide": 0.049590712175862764,
            "race": 0.04798092986538644,
            "nateglinide": 0.027035369902075054,
            "troglitazone": -0.0,
            "miglitol": -0.0,
            "glimepiride-pioglitazone": -0.0,
            "glipizide-metformin": -0.0,
            "metformin-pioglitazone": -0.0,
            "acetohexamide": -0.0,
            "chlorpropamide": -0.0,
            "repaglinide": 0.0,
            "tolbutamide": -0.0,
            "metformin-rosiglitazone": -0.0,
            "acarbose": -0.0,
            "number_outpatient": -0.44953997083097674,
            "admission_source_id": -0.6618699404949504,
            "diag_3": -0.7895051348989058,
            "diag_1": -0.7944879725991174,
            "gender": -1.4996010920214182,
            "number_emergency": -3.031011940621094,
            "payer_code": -3.316239910509755,
            "change": -3.5635099941738755,
            "insulin": -3.649774713475555,
            "time_in_hospital": -4.167444594996357,
            "num_medications": -5.048660455900776,
            "discharge_disposition_id": -10.50143043628051,
            "number_inpatient": -25.745095930126823
        }
    },
    "DecisionTree": {
        "SHAP": {
            "number_inpatient": -39.91523415822217,
            "discharge_disposition_id": -39.14868897002313,
            "diag_1": -10.20733627263701,
            "number_diagnoses": 5.554713140055798,
            "payer_code": -2.3651516317372074,
            "num_medications": -1.767701741382876,
            "medical_specialty": 0.7946604520584353,
            "admission_source_id": 0.2465136338833825,
            "gender": 0.0,
            "race": 0.0,
            "num_lab_procedures": 0.0,
            "time_in_hospital": 0.0,
            "admission_type_id": 0.0,
            "age": 0.0,
            "number_emergency": 0.0,
            "number_outpatient": 0.0,
            "diag_2": 0.0,
            "num_procedures": 0.0,
            "diag_3": 0.0,
            "metformin": 0.0,
            "repaglinide": 0.0,
            "nateglinide": 0.0,
            "chlorpropamide": 0.0,
            "glimepiride": 0.0,
            "acetohexamide": 0.0,
            "glipizide": 0.0,
            "glyburide": 0.0,
            "tolbutamide": 0.0,
            "pioglitazone": 0.0,
            "rosiglitazone": 0.0,
            "acarbose": 0.0,
            "miglitol": 0.0,
            "troglitazone": 0.0,
            "tolazamide": 0.0,
            "insulin": 0.0,
            "glyburide-metformin": 0.0,
            "glipizide-metformin": 0.0,
            "glimepiride-pioglitazone": 0.0,
            "metformin-rosiglitazone": 0.0,
            "metformin-pioglitazone": 0.0,
            "change": 0.0,
            "diabetesMed": 0.0
        },
        "Lime": {
            "race": 0.0,
            "gender": 0.0,
            "age": 0.0,
            "admission_type_id": 0.0,
            "discharge_disposition_id": -24.47037650448085,
            "admission_source_id": 2.9575197176563313,
            "time_in_hospital": 0.0,
            "payer_code": 0.0,
            "medical_specialty": 0.0,
            "num_lab_procedures": 0.0,
            "num_procedures": 0.0,
            "num_medications": 0.0,
            "number_outpatient": -2.837905983434393,
            "number_emergency": 0.0,
            "number_inpatient": -41.55317912960098,
            "diag_1": 0.0,
            "diag_2": 3.790337123835507,
            "diag_3": 0.0,
            "number_diagnoses": 0.0,
            "metformin": 0.0,
            "repaglinide": 0.0,