{
    "LogisticRegression": {
        "SHAP": {
            "number_inpatient": 27.448800340898266,
            "glimepiride": -12.904982864846978,
            "number_diagnoses": 9.458737438099517,
            "diabetesMed": 7.478663720712042,
            "age": 4.426148142869386,
            "diag_1": 4.082130757202131,
            "change": 3.9623953661895563,
            "metformin": 3.892369339261903,
            "insulin": -3.454170033783347,
            "admission_source_id": 3.0171418684815894,
            "diag_2": -2.9033328014579314,
            "number_emergency": -2.739129412978568,
            "num_medications": 2.5794176796638495,
            "payer_code": -2.496389698951345,
            "discharge_disposition_id": -1.9088698529689183,
            "admission_type_id": -1.403175236378627,
            "gender": -1.204076535210708,
            "glyburide": 0.5825261540413615,
            "num_procedures": 0.5605749892311334,
            "pioglitazone": 0.5330940811025279,
            "num_lab_procedures": 0.5326631500730846,
            "rosiglitazone": 0.5193273201431307,
            "time_in_hospital": 0.430221130583526,
            "diag_3": -0.3832073763785541,
            "glyburide-metformin": 0.23273615508180237,
            "acarbose": 0.2231928337204968,
            "number_outpatient": 0.16064801918155996,
            "glipizide": 0.10073011836027435,
            "glipizide-metformin": -0.09310876105798167,
            "chlorpropamide": -0.06199553153425979,
            "race": 0.03357182416418073,
            "tolazamide": 0.0310685147537078,
            "medical_specialty": -0.029110886936940784,
            "tolbutamide": -0.027275297723676897,
            "troglitazone": -0.024374432768859814,
            "repaglinide": 0.016127390991446208,
            "miglitol": -0.01608860877506385,
            "metformin-rosiglitazone": -0.015827929028537455,
            "acetohexamide": -0.008952568212269214,
            "nateglinide": 0.0081928779056139,
            "glimepiride-pioglitazone": -0.008033685066267664,
            "metformin-pioglitazone": -0.007419273229090704
        },
        "Lime": {
            "race": -17.640709910660398,
            "gender": 0.0,
            "age": 0.0,
            "admission_type_id": 0.0,
            "discharge_disposition_id": 0.0,
            "admission_source_id": 0.0,
            "time_in_hospital": 0.0,
            "payer_code": 0.0,
            "medical_specialty": 0.0,
            "num_lab_procedures": 0.0,
            "num_procedures": 0.0,
            "num_medications": 0.0,
            "number_outpatient": 0.0,
            "number_emergency": -12.438324024847395,
            "number_inpatient": 63.682690736252745,
            "diag_1": 0.0,
            "diag_2": 0.0,
            "diag_3": 0.0,
            "number_diagnoses": -6.238275328239459,
            "metformin": 0.0,
            "repaglinide": 0.0,
            "nateglinide": 0.0,
            "chlorpropamide": 0.0,
            "glimepiride": 0.0,
            "acetohexamide": 0.0,
            "glipizide": 0.0,
            "glyburide": 0.0,
            "tolbutamide": 0.0,
            "pioglitazone": 0.0,
            "rosiglitazone": 0.0,
            "acarbose": 0.0,
            "miglitol": 0.0,
            "troglitazone": 0.0,
            "tolazamide": 0.0,
            "insulin": 0.0,
            "glyburide-metformin": 0.0,
            "glipizide-metformin": 0.0,
            "glimepiride-pioglitazone": 0.0,
            "metformin-rosiglitazone": 0.0,
            "metformin-pioglitazone": 0.0,
            "change": 0.0,
            "diabetesMed": 0.0
        },
        "Inherent": {
            "number_inpatient": 24.512669483594994,
            "number_diagnoses": 11.815826913125187,
            "diabetesMed": 5.9627989659624205,
            "age": 5.102843652667174,
            "change": 4.06925384486298,
            "diag_1": 3.9220378917787957,
            "metformin": 3.445929629246806,
            "num_medications": 3.0804252398625227,
            "admission_source_id": 2.7351551213052985,
            "time_in_hospital": 1.6700955155634891,
            "pioglitazone": 0.6451590129068937,
            "glyburide": 0.5876863833305143,
            "num_procedures": 0.5241514078016372,
            "num_lab_procedures": 0.5188032529869429,
            "rosiglitazone": 0.4192233209685823,
            "number_outpatient": 0.199495771950592,
            "glyburide-metformin": 0.10459528512102292,
            "glipizide": 0.0803579569406871,
            "tolazamide": 0.04271995106345286,
            "race": 0.04133320305139603,
            "nateglinide": 0.023289636880051506,
            "troglitazone": -0.0,
            "chlorpropamide": -0.0,
            "miglitol": -0.0,
            "acarbose": -0.0,
            "glipizide-metformin": -0.0,
            "metformin-pioglitazone": -0.0,
            "glimepiride-pioglitazone": -0.0,
            "metformin-rosiglitazone": -0.0,
            "tolbutamide": -0.0,
            "repaglinide": 0.0,
            "acetohexamide": -0.0,
            "medical_specialty": -0.04330569788605808,
            "diag_3": -0.43804446476922737,
            "gender": -1.2918323301885697,
            "admission_type_id": -1.3717417478197071,
            "discharge_disposition_id": -2.5382165287403065,
            "number_emergency": -2.6110671957459477,
            "diag_2": -2.794072935940038,
            "payer_code": -2.856777014801589,
            "insulin": -3.1441007864410815,
            "glimepiride": -13.406989856696033
        }
    },
    "DecisionTree": {
        "SHAP": {
            "discharge_disposition_id": 54.785318569896866,
            "payer_code": -24.088281419416987,
            "admission_source_id": -7.012530267328307,
            "num_medications": 5.339582971328443,
            "diag_1": 4.271019909844908,
            "number_diagnoses": 2.916242743318783,
            "number_inpatient": 0.7176855375444916,
            "medical_specialty": -0.6279324603751446,
            "number_emergency": -0.24140612094607572,
            "gender": 0.0,
            "num_lab_procedures": 0.0,
            "time_in_hospital": 0.0,
            "admission_type_id": 0.0,
            "age": 0.0,
            "race": 0.0,
            "number_outpatient": 0.0,
            "diag_2": 0.0,
            "num_procedures": 0.0,
            "diag_3": 0.0,
            "metformin": 0.0,
            "repaglinide": 0.0,
            "nateglinide": 0.0,
            "chlorpropamide": 0.0,
            "glimepiride": 0.0,
            "acetohexamide": 0.0,
            "glipizide": 0.0,
            "glyburide": 0.0,
            "tolbutamide": 0.0,
            "pioglitazone": 0.0,
            "rosiglitazone": 0.0,
            "acarbose": 0.0,
            "miglitol": 0.0,
            "troglitazone": 0.0,
            "tolazamide": 0.0,
            "insulin": 0.0,
            "glyburide-metformin": 0.0,
            "glipizide-metformin": 0.0,
            "glimepiride-pioglitazone": 0.0,
            "metformin-rosiglitazone": 0.0,
            "metformin-pioglitazone": 0.0,
            "change": 0.0,
            "diabetesMed": 0.0
        },
        "Lime": {
            "race": 0.0,
            "gender": 0.0,
            "age": 0.0,
            "admission_type_id": 0.0,
            "discharge_disposition_id": 26.70910162000539,
            "admission_source_id": 0.0,
            "time_in_hospital": 0.0,
            "payer_code": -3.9139803627810776,
            "medical_specialty": -7.516026927922913,
            "num_lab_procedures": 0.0,
            "num_procedures": 0.0,
            "num_medications": 0.0,
            "number_outpatient": 0.0,
            "number_emergency": 2.983819965683531,
            "number_inpatient": 7.480237973274358,
            "diag_1": -5.272024405701718,
            "diag_2": 0.0,
            "diag_3": 0.0,
            "number_diagnoses": 7.591426701156122,
            "metformin": 0.0,