{
    "LogisticRegression": {
        "SHAP": {
            "number_inpatient": -16.024471066095124,
            "number_diagnoses": -11.571461686562305,
            "metformin": -10.70597903839474,
            "time_in_hospital": -8.353719066926024,
            "pioglitazone": -7.18974475229389,
            "discharge_disposition_id": -6.96067762742506,
            "glyburide": 6.203277571973635,
            "diabetesMed": 6.1642537068726515,
            "age": 3.6482319724161125,
            "change": 3.265985908215628,
            "num_medications": -3.077740667492264,
            "num_procedures": 2.94133289105733,
            "number_emergency": -2.2577146490482205,
            "diag_2": 2.238987273813135,
            "insulin": 1.6791374873239246,
            "glimepiride": 1.360791951763706,
            "gender": 1.3577296990089383,
            "payer_code": -1.316339613181246,
            "diag_1": 0.9888482484166918,
            "admission_type_id": 0.9268889478821482,
            "rosiglitazone": 0.4280531225660915,
            "admission_source_id": 0.2068388148920712,
            "glyburide-metformin": 0.19183169082907986,
            "acarbose": 0.18396565268721463,
            "race": -0.1539968220050487,
            "number_outpatient": 0.13241338088235313,
            "medical_specialty": 0.0870069654776798,
            "glipizide": 0.08302633046280677,
            "glipizide-metformin": -0.07674446223654219,
            "chlorpropamide": -0.05109952784896929,
            "tolazamide": 0.02560807844684544,
            "num_lab_procedures": 0.02331689126855897,
            "tolbutamide": -0.022481536993512886,
            "troglitazone": -0.02009051257810226,
            "diag_3": -0.013743317463441445,
            "repaglinide": 0.013292926840109581,
            "miglitol": -0.013260960779055975,
            "metformin-rosiglitazone": -0.013046096713249447,
            "acetohexamide": -0.0073791126128153455,
            "nateglinide": 0.006752941419169353,
            "glimepiride-pioglitazone": -0.006621727463482334,
            "metformin-pioglitazone": -0.006115301371027424
        },
        "Lime": {
            "race": 0.0,
            "gender": 0.0,
            "age": 0.0,
            "admission_type_id": 0.0,
            "discharge_disposition_id": -23.483716270756627,
            "admission_source_id": 0.0,
            "time_in_hospital": -20.761953163675464,
            "payer_code": 0.0,
            "medical_specialty": 0.0,
            "num_lab_procedures": 0.0,
            "num_procedures": 0.0,
            "num_medications": 0.0,
            "number_outpatient": 0.0,
            "number_emergency": -27.533209964962058,
            "number_inpatient": 0.0,
            "diag_1": 0.0,
            "diag_2": 0.0,
            "diag_3": 0.0,
            "number_diagnoses": -28.221120600605857,
            "metformin": 0.0,
            "repaglinide": 0.0,
            "nateglinide": 0.0,
            "chlorpropamide": 0.0,
            "glimepiride": 0.0,
            "acetohexamide": 0.0,
            "glipizide": 0.0,
            "glyburide": 0.0,
            "tolbutamide": 0.0,
            "pioglitazone": 0.0,
            "rosiglitazone": 0.0,
            "acarbose": 0.0,
            "miglitol": 0.0,
            "troglitazone": 0.0,
            "tolazamide": 0.0,
            "insulin": 0.0,
            "glyburide-metformin": 0.0,
            "glipizide-metformin": 0.0,
            "glimepiride-pioglitazone": 0.0,
            "metformin-rosiglitazone": 0.0,
            "metformin-pioglitazone": 0.0,
            "change": 0.0,
            "diabetesMed": 0.0
        },
        "Inherent": {
            "glyburide": 6.318210285515276,
            "diabetesMed": 5.022128294742068,
            "age": 4.297836576076559,
            "change": 3.427302343988351,
            "num_procedures": 2.9641092727273053,
            "diag_2": 2.359774398055914,
            "insulin": 1.9572900126346688,
            "gender": 1.3032534712664883,
            "admission_type_id": 0.9645503125367317,
            "glimepiride": 0.9155634499155962,
            "diag_1": 0.8859265243582641,
            "rosiglitazone": 0.3530880906886709,
            "number_outpatient": 0.16802400461823538,
            "glyburide-metformin": 0.08809469242572712,
            "medical_specialty": 0.07646904324108293,
            "glipizide": 0.06768096183741655,
            "tolazamide": 0.03598059840864258,
            "nateglinide": 0.01961554381042203,
            "num_lab_procedures": 0.013958988335948844,
            "glimepiride-pioglitazone": -0.0,
            "acarbose": -0.0,
            "miglitol": -0.0,
            "metformin-pioglitazone": -0.0,
            "troglitazone": -0.0,
            "chlorpropamide": -0.0,
            "repaglinide": 0.0,
            "metformin-rosiglitazone": -0.0,
            "glipizide-metformin": -0.0,
            "acetohexamide": -0.0,
            "tolbutamide": -0.0,
            "admission_source_id": -0.016239340532830274,
            "diag_3": -0.061542291123104824,
            "race": -0.15003314558810335,
            "payer_code": -1.6518378383337962,
            "number_emergency": -2.199154208968378,
            "num_medications": -2.7003645918509576,
            "pioglitazone": -7.219203975456436,
            "time_in_hospital": -7.454015450843983,
            "discharge_disposition_id": -7.619324963597007,
            "number_diagnoses": -9.75473726994355,
            "metformin": -11.255306016484813,
            "number_inpatient": -18.67938404209368
        }
    },
    "DecisionTree": {
        "SHAP": {
            "discharge_disposition_id": -33.062562648670294,
            "number_inpatient": -32.44788816476845,
            "number_diagnoses": -21.86846585949738,
            "diag_1": 8.666279939822461,
            "payer_code": -1.807819876980274,
            "num_medications": -1.3511549541952077,
            "medical_specialty": 0.6074041686816428,
            "admission_source_id": 0.18842438738428138,
            "gender": 0.0,
            "race": 0.0,
            "num_lab_procedures": 0.0,
            "time_in_hospital": 0.0,
            "admission_type_id": 0.0,
            "age": 0.0,
            "number_emergency": 0.0,
            "number_outpatient": 0.0,
            "diag_2": 0.0,
            "num_procedures": 0.0,
            "diag_3": 0.0,
            "metformin": 0.0,
            "repaglinide": 0.0,
            "nateglinide": 0.0,
            "chlorpropamide": 0.0,
            "glimepiride": 0.0,
            "acetohexamide": 0.0,
            "glipizide": 0.0,
            "glyburide": 0.0,
            "tolbutamide": 0.0,
            "pioglitazone": 0.0,
            "rosiglitazone": 0.0,
            "acarbose": 0.0,
            "miglitol": 0.0,
            "troglitazone": 0.0,
            "tolazamide": 0.0,
            "insulin": 0.0,
            "glyburide-metformin": 0.0,
            "glipizide-metformin": 0.0,
            "glimepiride-pioglitazone": 0.0,
            "metformin-rosiglitazone": 0.0,
            "metformin-pioglitazone": 0.0,
            "change": 0.0,
            "diabetesMed": 0.0
        },
        "Lime": {
            "race": 0.0,
            "gender": 0.0,
            "age": 0.0,
            "admission_type_id": 0.0,
            "discharge_disposition_id": -16.233331231611782,
            "admission_source_id": 0.0,
            "time_in_hospital": 0.0,
            "payer_code": -2.901128310452258,
            "medical_specialty": 0.0,
            "num_lab_procedures": 0.0,
            "num_procedures": 0.0,
            "num_medications": 0.0,
            "number_outpatient": 0.0,
            "number_emergency": -3.113310601636909,
            "number_inpatient": -30.835194338414347,
            "diag_1": 10.766255912856199,
            "diag_2": 0.0,
            "diag_3": 0.0,
            "number_diagnoses": -7.77344399445999,
            "metformin": 0.0,