{
    "LogisticRegression": {
        "SHAP": {
            "number_inpatient": -22.406614817113383,
            "num_procedures": -13.220793481822676,
            "discharge_disposition_id": -9.732940439688278,
            "diabetesMed": 8.619320904581732,
            "time_in_hospital": -5.592478065788705,
            "payer_code": 5.415163449810567,
            "change": 4.566745943854756,
            "metformin": 4.486039440620665,
            "insulin": -3.981005309506543,
            "admission_source_id": 3.477320942653129,
            "number_emergency": -3.1569056039055345,
            "number_diagnoses": -2.6393426647492877,
            "glimepiride": 1.9027611572097485,
            "gender": 1.8984792862097193,
            "diag_1": 1.7928127346183529,
            "age": -1.3536888966448086,
            "num_medications": -0.9960901985727865,
            "glyburide": 0.671373930490922,
            "pioglitazone": 0.614402402481379,
            "glipizide": -0.5993661484824623,
            "rosiglitazone": 0.5985359141678206,
            "diag_2": 0.5686149821144895,
            "num_lab_procedures": 0.3232545838748809,
            "glyburide-metformin": 0.2682334280110621,
            "acarbose": 0.25723454473719154,
            "number_outpatient": 0.1851502998024134,
            "admission_type_id": -0.16057207995967318,
            "glipizide-metformin": -0.10730985113880183,
            "medical_specialty": 0.085139515977071,
            "chlorpropamide": -0.07145118444943602,
            "race": 0.038692249929873114,
            "tolazamide": 0.035807131954509575,
            "tolbutamide": -0.03143536768437497,
            "troglitazone": -0.028092058387397673,
            "diag_3": 0.023888964283769576,
            "repaglinide": 0.01858716523433956,
            "miglitol": -0.018542467895232752,
            "metformin-rosiglitazone": -0.01824202887663999,
            "acetohexamide": -0.010318027554574827,
            "nateglinide": 0.009442468125016893,
            "glimepiride-pioglitazone": -0.009258994951295145,
            "metformin-pioglitazone": -0.008550872084701323
        },
        "Lime": {
            "race": -20.30298589476512,
            "gender": 0.0,
            "age": 0.0,
            "admission_type_id": 0.0,
            "discharge_disposition_id": -22.950446528507054,
            "admission_source_id": 0.0,
            "time_in_hospital": -9.953228236151615,
            "payer_code": 0.0,
            "medical_specialty": 0.0,
            "num_lab_procedures": 0.0,
            "num_procedures": -14.130989818129605,
            "num_medications": 0.0,
            "number_outpatient": 0.0,
            "number_emergency": -32.66234952244662,
            "number_inpatient": 0.0,
            "diag_1": 0.0,
            "diag_2": 0.0,
            "diag_3": 0.0,
            "number_diagnoses": 0.0,
            "metformin": 0.0,
            "repaglinide": 0.0,
            "nateglinide": 0.0,
            "chlorpropamide": 0.0,
            "glimepiride": 0.0,
            "acetohexamide": 0.0,
            "glipizide": 0.0,
            "glyburide": 0.0,
            "tolbutamide": 0.0,
            "pioglitazone": 0.0,
            "rosiglitazone": 0.0,
            "acarbose": 0.0,
            "miglitol": 0.0,
            "troglitazone": 0.0,
            "tolazamide": 0.0,
            "insulin": 0.0,
            "glyburide-metformin": 0.0,
            "glipizide-metformin": 0.0,
            "glimepiride-pioglitazone": 0.0,
            "metformin-rosiglitazone": 0.0,
            "metformin-pioglitazone": 0.0,
            "change": 0.0,
            "diabetesMed": 0.0
        },
        "Inherent": {
            "diabetesMed": 7.34400875215645,
            "payer_code": 5.30534651161573,
            "change": 5.011846956775024,
            "metformin": 4.244137275290335,
            "admission_source_id": 3.3687205059293026,
            "gender": 1.9057866182510441,
            "diag_1": 1.7319383096021455,
            "glimepiride": 1.3388558783682023,
            "pioglitazone": 0.794602243739422,
            "diag_2": 0.7244277701253665,
            "glyburide": 0.723816779223891,
            "rosiglitazone": 0.5163312994243188,
            "num_lab_procedures": 0.3296951787218858,
            "number_outpatient": 0.24570653875581097,
            "number_diagnoses": 0.14408732044968806,
            "glyburide-metformin": 0.12882350952093677,
            "medical_specialty": 0.07296181897400582,
            "tolazamide": 0.05261550763200263,
            "race": 0.05090753632595723,
            "nateglinide": 0.028684397722947123,
            "acarbose": -0.0,
            "glipizide-metformin": -0.0,
            "troglitazone": -0.0,
            "miglitol": -0.0,
            "acetohexamide": -0.0,
            "repaglinide": 0.0,
            "metformin-rosiglitazone": -0.0,
            "glimepiride-pioglitazone": -0.0,
            "chlorpropamide": -0.0,
            "tolbutamide": -0.0,
            "metformin-pioglitazone": -0.0,
            "diag_3": -0.04412605603043688,
            "admission_type_id": -0.13949909367456395,
            "num_medications": -0.4293730294636277,
            "age": -0.5838390132321796,
            "glipizide": -0.6623504033134647,
            "number_emergency": -3.215889123126224,
            "insulin": -3.8723934556727775,
            "time_in_hospital": -4.421638715660652,
            "discharge_disposition_id": -11.141967296368009,
            "num_procedures": -14.110199874098978,
            "number_inpatient": -27.315423230754615
        }
    },
    "DecisionTree": {
        "SHAP": {
            "discharge_disposition_id": -38.487133328180754,
            "number_inpatient": -30.992975942637525,
            "diag_1": 13.51552336843252,
            "number_diagnoses": 8.525798705739781,
            "payer_code": 5.866086477582934,
            "num_medications": -1.0135925590249046,
            "admission_source_id": -0.8597910980698567,
            "medical_specialty": 0.739098520331718,
            "gender": 0.0,
            "race": 0.0,
            "num_lab_procedures": 0.0,
            "time_in_hospital": 0.0,
            "admission_type_id": 0.0,
            "age": 0.0,
            "number_emergency": 0.0,
            "number_outpatient": 0.0,
            "diag_2": 0.0,
            "num_procedures": 0.0,
            "diag_3": 0.0,
            "metformin": 0.0,
            "repaglinide": 0.0,
            "nateglinide": 0.0,
            "chlorpropamide": 0.0,
            "glimepiride": 0.0,
            "acetohexamide": 0.0,
            "glipizide": 0.0,
            "glyburide": 0.0,
            "tolbutamide": 0.0,
            "pioglitazone": 0.0,
            "rosiglitazone": 0.0,
            "acarbose": 0.0,
            "miglitol": 0.0,
            "troglitazone": 0.0,
            "tolazamide": 0.0,
            "insulin": 0.0,
            "glyburide-metformin": 0.0,
            "glipizide-metformin": 0.0,
            "glimepiride-pioglitazone": 0.0,
            "metformin-rosiglitazone": 0.0,
            "metformin-pioglitazone": 0.0,
            "change": 0.0,
            "diabetesMed": 0.0
        },
        "Lime": {
            "race": 0.0,
            "gender": 0.0,
            "age": 0.0,
            "admission_type_id": 0.0,
            "discharge_disposition_id": -24.555571699429176,
            "admission_source_id": 0.0,
            "time_in_hospital": 0.0,
            "payer_code": 5.1994910046015095,
            "medical_specialty": 0.0,
            "num_lab_procedures": 0.0,
            "num_procedures": 0.0,
            "num_medications": 0.0,
            "number_outpatient": 0.0,
            "number_emergency": -2.9475986039033364,
            "number_inpatient": -42.786416841664696,
            "diag_1": 3.593391870684337,
            "diag_2": 0.0,
            "diag_3": 0.0,
            "number_diagnoses": 2.942044856366668,
            "metformin": 0.0,