{
    "LogisticRegression": {
        "SHAP": {
            "number_diagnoses": -21.519053083605854,
            "number_inpatient": -16.223275577172743,
            "time_in_hospital": -8.457357872096564,
            "discharge_disposition_id": -7.047033932527514,
            "diabetesMed": 6.240729332139691,
            "age": -5.653741690585941,
            "num_medications": -4.073810204838992,
            "rosiglitazone": -3.958182288425608,
            "diag_1": 3.866694738045813,
            "metformin": 3.248070031518971,
            "change": -2.6762598359660332,
            "admission_source_id": 2.5177179321103487,
            "number_emergency": -2.285724550598511,
            "diag_2": 2.2667648377928424,
            "insulin": 1.6999693828556175,
            "glimepiride": 1.3776743547792498,
            "payer_code": -1.3326705268277057,
            "admission_type_id": -1.1709092938018084,
            "gender": -1.0047671659069006,
            "num_lab_procedures": -0.9865199419351987,
            "glyburide": 0.4861012865435169,
            "num_procedures": 0.46778367216457,
            "pioglitazone": 0.4448516463593375,
            "glyburide-metformin": 0.19421161371996132,
            "acarbose": 0.186247987092307,
            "number_outpatient": 0.1340561419655659,
            "medical_specialty": 0.0880864006216413,
            "glipizide": 0.08405638062584464,
            "glipizide-metformin": -0.07769657761245195,
            "chlorpropamide": -0.051733484290240266,
            "race": 0.028014719690443717,
            "tolazamide": 0.0259257801353607,
            "tolbutamide": -0.02276044984822328,
            "troglitazone": -0.020339761649345495,
            "diag_3": -0.013913821282109435,
            "repaglinide": 0.013457842974335686,
            "miglitol": -0.013425480332508049,
            "metformin-rosiglitazone": -0.013207950597090673,
            "acetohexamide": -0.00747066015089798,
            "nateglinide": 0.00683672048505155,
            "glimepiride-pioglitazone": -0.00670387864871878,
            "metformin-pioglitazone": -0.00619116967857685
        },
        "Lime": {
            "race": 0.0,
            "gender": 0.0,
            "age": 0.0,
            "admission_type_id": 0.0,
            "discharge_disposition_id": -19.855145685899664,
            "admission_source_id": 0.0,
            "time_in_hospital": -11.587675384862559,
            "payer_code": 0.0,
            "medical_specialty": 0.0,
            "num_lab_procedures": 0.0,
            "num_procedures": 0.0,
            "num_medications": -14.656516122286394,
            "number_outpatient": 0.0,
            "number_emergency": -23.33310604015836,
            "number_inpatient": 0.0,
            "diag_1": 0.0,
            "diag_2": 0.0,
            "diag_3": 0.0,
            "number_diagnoses": -30.567556766793025,
            "metformin": 0.0,
            "repaglinide": 0.0,
            "nateglinide": 0.0,
            "chlorpropamide": 0.0,
            "glimepiride": 0.0,
            "acetohexamide": 0.0,
            "glipizide": 0.0,
            "glyburide": 0.0,
            "tolbutamide": 0.0,
            "pioglitazone": 0.0,
            "rosiglitazone": 0.0,
            "acarbose": 0.0,
            "miglitol": 0.0,
            "troglitazone": 0.0,
            "tolazamide": 0.0,
            "insulin": 0.0,
            "glyburide-metformin": 0.0,
            "glipizide-metformin": 0.0,
            "glimepiride-pioglitazone": 0.0,
            "metformin-rosiglitazone": 0.0,
            "metformin-pioglitazone": 0.0,
            "change": 0.0,
            "diabetesMed": 0.0
        },
        "Inherent": {
            "diabetesMed": 5.171031444292707,
            "diag_1": 3.8775531461484873,
            "metformin": 2.9883634463230777,
            "diag_2": 2.4297403207638952,
            "admission_source_id": 2.371968804922656,
            "insulin": 2.0153225100860865,
            "glimepiride": 0.9427093676032452,
            "pioglitazone": 0.5594918697333485,
            "glyburide": 0.5096507168750821,
            "num_procedures": 0.45455220388686796,
            "number_outpatient": 0.17300581751098057,
            "glyburide-metformin": 0.09070664823231597,
            "medical_specialty": 0.07873630538841644,
            "glipizide": 0.06968766254093284,
            "tolazamide": 0.037047401985001394,
            "race": 0.035844792670719584,
            "nateglinide": 0.020197133145082865,
            "miglitol": -0.0,
            "glimepiride-pioglitazone": -0.0,
            "troglitazone": -0.0,
            "acarbose": -0.0,
            "glipizide-metformin": -0.0,
            "metformin-pioglitazone": -0.0,
            "acetohexamide": -0.0,
            "chlorpropamide": -0.0,
            "repaglinide": 0.0,
            "metformin-rosiglitazone": -0.0,
            "tolbutamide": -0.0,
            "diag_3": -0.06336698385116331,
            "num_lab_procedures": -1.0309263452095827,
            "gender": -1.1202969676306729,
            "admission_type_id": -1.1895956499482372,
            "payer_code": -1.7008138585068242,
            "number_emergency": -2.264357837558626,
            "change": -2.662167600327121,
            "num_medications": -3.771669032141346,
            "rosiglitazone": -4.180904865947252,
            "age": -5.247445266603516,
            "time_in_hospital": -7.675022623956592,
            "discharge_disposition_id": -7.845233466515425,
            "number_inpatient": -19.23321679034221,
            "number_diagnoses": -20.189373119352542
        }
    },
    "DecisionTree": {
        "SHAP": {
            "discharge_disposition_id": -33.32948236160614,
            "number_inpatient": -32.05050325626809,
            "number_diagnoses": -21.951188508075983,
            "diag_1": 8.699062195082236,
            "payer_code": -1.814658383592383,
            "num_medications": -0.8361391745298948,
            "admission_source_id": -0.7092643021174919,
            "medical_specialty": 0.6097018187277804,
            "gender": 0.0,
            "race": 0.0,
            "num_lab_procedures": 0.0,
            "time_in_hospital": 0.0,
            "admission_type_id": 0.0,
            "age": 0.0,
            "number_emergency": 0.0,
            "number_outpatient": 0.0,
            "diag_2": 0.0,
            "num_procedures": 0.0,
            "diag_3": 0.0,
            "metformin": 0.0,
            "repaglinide": 0.0,
            "nateglinide": 0.0,
            "chlorpropamide": 0.0,
            "glimepiride": 0.0,
            "acetohexamide": 0.0,
            "glipizide": 0.0,
            "glyburide": 0.0,
            "tolbutamide": 0.0,
            "pioglitazone": 0.0,
            "rosiglitazone": 0.0,
            "acarbose": 0.0,
            "miglitol": 0.0,
            "troglitazone": 0.0,
            "tolazamide": 0.0,
            "insulin": 0.0,
            "glyburide-metformin": 0.0,
            "glipizide-metformin": 0.0,
            "glimepiride-pioglitazone": 0.0,
            "metformin-rosiglitazone": 0.0,
            "metformin-pioglitazone": 0.0,
            "change": 0.0,
            "diabetesMed": 0.0
        },
        "Lime": {
            "race": 0.0,
            "gender": 0.0,
            "age": 0.0,
            "admission_type_id": 0.0,
            "discharge_disposition_id": -18.331115415130945,
            "admission_source_id": 0.0,
            "time_in_hospital": 0.0,
            "payer_code": 0.0,
            "medical_specialty": 0.0,
            "num_lab_procedures": 0.0,
            "num_procedures": 0.0,
            "num_medications": 0.0,
            "number_outpatient": 0.0,
            "number_emergency": -4.566277565652894,
            "number_inpatient": -34.93611414067103,
            "diag_1": 0.0,
            "diag_2": 0.0,
            "diag_3": 0.0,
            "number_diagnoses": -7.929936938382568,
            "metformin": 0.0,
            "repaglinide": 0.0,