{
    "LogisticRegression": {
        "SHAP": {
            "number_inpatient": 20.323662100026432,
            "diabetesMed": -19.095051980858294,
            "number_emergency": 12.906847355735923,
            "time_in_hospital": -7.504157905275148,
            "number_diagnoses": 7.003445731592701,
            "discharge_disposition_id": -6.25278676783831,
            "age": -5.016527743466139,
            "num_procedures": -4.039223061198085,
            "metformin": 2.881991133936503,
            "diag_1": -2.4974700757838746,
            "change": -2.374627715695365,
            "insulin": 1.5083716304793544,
            "payer_code": 1.4811663307972875,
            "glimepiride": 1.222401376016113,
            "num_medications": -1.064886766711167,
            "gender": -0.8915232848166137,
            "admission_type_id": 0.8326256808300184,
            "diag_3": -0.4554298244178887,
            "glyburide": 0.43131446810535334,
            "pioglitazone": 0.3947139342082191,
            "rosiglitazone": 0.3845207383499018,
            "admission_source_id": -0.22382657839093936,
            "num_lab_procedures": -0.20312396297737043,
            "glyburide-metformin": 0.17232268498431244,
            "acarbose": 0.16525661155850419,
            "diag_2": 0.14038098555045023,
            "number_outpatient": 0.11894713132580362,
            "medical_specialty": 0.07815848277545563,
            "glipizide": 0.07458267259132569,
            "glipizide-metformin": -0.06893966128913132,
            "chlorpropamide": -0.0459027796831064,
            "race": 0.024857276162182283,
            "tolazamide": 0.02300377386122878,
            "tolbutamide": -0.020195197157220773,
            "troglitazone": -0.01804733647087715,
            "repaglinide": 0.011941055382912109,
            "miglitol": -0.011912340224090733,
            "metformin-rosiglitazone": -0.011719327523392513,
            "acetohexamide": -0.0066286675196692,
            "nateglinide": 0.006066177031874614,
            "glimepiride-pioglitazone": -0.0059483073459344225,
            "metformin-pioglitazone": -0.00549338405551887
        },
        "Lime": {
            "race": -26.557924650374403,
            "gender": 0.0,
            "age": 0.0,
            "admission_type_id": 0.0,
            "discharge_disposition_id": -8.758377716425514,
            "admission_source_id": 0.0,
            "time_in_hospital": -7.281528266996297,
            "payer_code": 0.0,
            "medical_specialty": 0.0,
            "num_lab_procedures": 0.0,
            "num_procedures": 0.0,
            "num_medications": 0.0,
            "number_outpatient": 0.0,
            "number_emergency": 11.640893527441886,
            "number_inpatient": 45.7612758387619,
            "diag_1": 0.0,
            "diag_2": 0.0,
            "diag_3": 0.0,
            "number_diagnoses": 0.0,
            "metformin": 0.0,
            "repaglinide": 0.0,
            "nateglinide": 0.0,
            "chlorpropamide": 0.0,
            "glimepiride": 0.0,
            "acetohexamide": 0.0,
            "glipizide": 0.0,
            "glyburide": 0.0,
            "tolbutamide": 0.0,
            "pioglitazone": 0.0,
            "rosiglitazone": 0.0,
            "acarbose": 0.0,
            "miglitol": 0.0,
            "troglitazone": 0.0,
            "tolazamide": 0.0,
            "insulin": 0.0,
            "glyburide-metformin": 0.0,
            "glipizide-metformin": 0.0,
            "glimepiride-pioglitazone": 0.0,
            "metformin-rosiglitazone": 0.0,
            "metformin-pioglitazone": 0.0,
            "change": 0.0,
            "diabetesMed": 0.0
        },
        "Inherent": {
            "number_inpatient": 18.454084853825194,
            "number_emergency": 13.155151458679482,
            "number_diagnoses": 8.895411110521964,
            "metformin": 2.5942289892575463,
            "insulin": 1.749522162306418,
            "payer_code": 1.2202986715939397,
            "admission_type_id": 0.8621625500306324,
            "glimepiride": 0.8183756808061925,
            "pioglitazone": 0.48570063641423644,
            "glyburide": 0.4424330198992429,
            "rosiglitazone": 0.3156075164736405,
            "diag_2": 0.21508926654283267,
            "number_outpatient": 0.15018812643067792,
            "glyburide-metformin": 0.07874337261493215,
            "medical_specialty": 0.06835179509272521,
            "glipizide": 0.060496575334478275,
            "tolazamide": 0.0321612300285705,
            "race": 0.031117232535661905,
            "nateglinide": 0.01753333864705685,
            "miglitol": -0.0,
            "troglitazone": -0.0,
            "glimepiride-pioglitazone": -0.0,
            "acetohexamide": -0.0,
            "chlorpropamide": -0.0,
            "glipizide-metformin": -0.0,
            "repaglinide": 0.0,
            "metformin-rosiglitazone": -0.0,
            "metformin-pioglitazone": -0.0,
            "tolbutamide": -0.0,
            "acarbose": -0.0,
            "num_lab_procedures": -0.2143815130103607,
            "admission_source_id": -0.4292447208615639,
            "diag_3": -0.5036091563401104,
            "num_medications": -0.6927071777796413,
            "gender": -0.9725412996805238,
            "change": -2.311055026298219,
            "diag_1": -2.6360144978964004,
            "num_procedures": -4.115129251529442,
            "age": -4.555361111418642,
            "time_in_hospital": -6.662765939254875,
            "discharge_disposition_id": -6.810527719233606,
            "diabetesMed": -20.45000499966117
        }
    },
    "DecisionTree": {
        "SHAP": {
            "number_inpatient": 36.19390399680159,
            "discharge_disposition_id": -27.25636319118286,
            "num_medications": -17.524313152904607,
            "diag_1": -6.954737721656433,
            "number_diagnoses": 5.332410618120714,
            "payer_code": -3.001950875211226,
            "admission_source_id": 1.5644277264606814,
            "number_emergency": -1.1632759306695069,
            "medical_specialty": 1.0086167869923808,
            "gender": 0.0,
            "num_lab_procedures": 0.0,
            "time_in_hospital": 0.0,
            "admission_type_id": 0.0,
            "age": 0.0,
            "race": 0.0,
            "number_outpatient": 0.0,
            "diag_2": 0.0,
            "num_procedures": 0.0,
            "diag_3": 0.0,
            "metformin": 0.0,
            "repaglinide": 0.0,
            "nateglinide": 0.0,
            "chlorpropamide": 0.0,
            "glimepiride": 0.0,
            "acetohexamide": 0.0,
            "glipizide": 0.0,
            "glyburide": 0.0,
            "tolbutamide": 0.0,
            "pioglitazone": 0.0,
            "rosiglitazone": 0.0,
            "acarbose": 0.0,
            "miglitol": 0.0,
            "troglitazone": 0.0,
            "tolazamide": 0.0,
            "insulin": 0.0,
            "glyburide-metformin": 0.0,
            "glipizide-metformin": 0.0,
            "glimepiride-pioglitazone": 0.0,
            "metformin-rosiglitazone": 0.0,
            "metformin-pioglitazone": 0.0,
            "change": 0.0,
            "diabetesMed": 0.0
        },
        "Lime": {
            "race": 0.0,
            "gender": 3.937041727169622,
            "age": 3.0896920789452254,
            "admission_type_id": 0.0,
            "discharge_disposition_id": -21.904226565114644,
            "admission_source_id": 0.0,
            "time_in_hospital": -3.2244065013997054,
            "payer_code": -9.681200311206819,
            "medical_specialty": 0.0,
            "num_lab_procedures": 0.0,
            "num_procedures": 0.0,
            "num_medications": 0.0,
            "number_outpatient": 0.0,
            "number_emergency": 7.947954071998511,
            "number_inpatient": 10.671778262424496,
            "diag_1": -10.129092433599686,
            "diag_2": 0.0,
            "diag_3": 0.0,