{
    "LogisticRegression": {
        "SHAP": {
            "number_inpatient": -22.917531866839777,
            "number_diagnoses": 11.1499728602408,
            "discharge_disposition_id": 9.306861245350161,
            "diabetesMed": 8.815859205577139,
            "time_in_hospital": -5.71999810473051,
            "payer_code": 5.53864034965223,
            "metformin": 4.588330395977634,
            "num_procedures": 4.206571935120755,
            "insulin": -4.071780444629798,
            "change": -3.7805725349938,
            "admission_source_id": 3.5566110349528017,
            "number_emergency": -3.2288895653641054,
            "glimepiride": 1.9461480375890678,
            "gender": 1.941768531095391,
            "num_medications": 1.6874797310748775,
            "diag_1": 1.561028654796038,
            "age": -1.384555796574418,
            "glyburide": 0.6866826413617694,
            "pioglitazone": 0.6284120449634216,
            "rosiglitazone": 0.6121837679787565,
            "diag_2": -0.5740550575826349,
            "diag_3": -0.49140531132694165,
            "glyburide-metformin": 0.2743497036196711,
            "acarbose": 0.2631000231129995,
            "number_outpatient": 0.18937210866123114,
            "admission_type_id": -0.1642334546934758,
            "glipizide": 0.11874080375695124,
            "glipizide-metformin": -0.10975673715875253,
            "num_lab_procedures": 0.09280256936086742,
            "medical_specialty": 0.08708087261095732,
            "chlorpropamide": -0.0730804188811575,
            "race": 0.03957451306255965,
            "tolazamide": 0.03662360844445169,
            "tolbutamide": -0.03215215892863284,
            "troglitazone": -0.028732615281385453,
            "repaglinide": 0.0190109909528525,
            "miglitol": -0.018965274422189385,
            "metformin-rosiglitazone": -0.018657984774072482,
            "acetohexamide": -0.010553299872156361,
            "nateglinide": 0.009657775881049924,
            "glimepiride-pioglitazone": -0.009470119140404435,
            "metformin-pioglitazone": -0.008745849611372003
        },
        "Lime": {
            "race": 0.0,
            "gender": 0.0,
            "age": 0.0,
            "admission_type_id": 0.0,
            "discharge_disposition_id": 57.81823906938561,
            "admission_source_id": 0.0,
            "time_in_hospital": 0.0,
            "payer_code": 0.0,
            "medical_specialty": 0.0,
            "num_lab_procedures": 0.0,
            "num_procedures": 0.0,
            "num_medications": 0.0,
            "number_outpatient": 0.0,
            "number_emergency": -42.18176093061439,
            "number_inpatient": 0.0,
            "diag_1": 0.0,
            "diag_2": 0.0,
            "diag_3": 0.0,
            "number_diagnoses": 0.0,
            "metformin": 0.0,
            "repaglinide": 0.0,
            "nateglinide": 0.0,
            "chlorpropamide": 0.0,
            "glimepiride": 0.0,
            "acetohexamide": 0.0,
            "glipizide": 0.0,
            "glyburide": 0.0,
            "tolbutamide": 0.0,
            "pioglitazone": 0.0,
            "rosiglitazone": 0.0,
            "acarbose": 0.0,
            "miglitol": 0.0,
            "troglitazone": 0.0,
            "tolazamide": 0.0,
            "insulin": 0.0,
            "glyburide-metformin": 0.0,
            "glipizide-metformin": 0.0,
            "glimepiride-pioglitazone": 0.0,
            "metformin-rosiglitazone": 0.0,
            "metformin-pioglitazone": 0.0,
            "change": 0.0,
            "diabetesMed": 0.0
        },
        "Inherent": {
            "number_diagnoses": 14.224228098787394,
            "discharge_disposition_id": 8.696642692574613,
            "diabetesMed": 7.178186784781694,
            "payer_code": 5.185555941390361,
            "num_procedures": 4.236636095580428,
            "metformin": 4.1483079787102435,
            "admission_source_id": 3.2926574345631563,
            "num_medications": 2.3323095668637266,
            "gender": 1.8627554486133333,
            "diag_1": 1.4155637260376277,
            "glimepiride": 1.3086255609387623,
            "pioglitazone": 0.7766607472374498,
            "glyburide": 0.7074735630867204,
            "rosiglitazone": 0.5046729429629971,
            "number_outpatient": 0.24015867749524714,
            "glyburide-metformin": 0.12591477554283387,
            "glipizide": 0.09673719135198024,
            "num_lab_procedures": 0.08041158034606727,
            "medical_specialty": 0.071314398229585,
            "tolazamide": 0.05142749066682699,
            "race": 0.04975808401555613,
            "nateglinide": 0.028036726481817077,
            "troglitazone": -0.0,
            "miglitol": -0.0,
            "glimepiride-pioglitazone": -0.0,
            "repaglinide": 0.0,
            "metformin-pioglitazone": -0.0,
            "metformin-rosiglitazone": -0.0,
            "tolbutamide": -0.0,
            "glipizide-metformin": -0.0,
            "acetohexamide": -0.0,
            "chlorpropamide": -0.0,
            "acarbose": -0.0,
            "admission_type_id": -0.13634931336509473,
            "diag_2": -0.4670817391070902,
            "diag_3": -0.5676804243944993,
            "age": -0.570656385450606,
            "number_emergency": -3.143276864719084,
            "change": -3.6954979859256945,
            "insulin": -3.784957843469804,
            "time_in_hospital": -4.32180157553797,
            "number_inpatient": -26.698662361771735
        }
    },
    "DecisionTree": {
        "SHAP": {
            "number_inpatient": -53.39257122269071,
            "payer_code": 12.92675423761705,
            "discharge_disposition_id": 11.95135262574613,
            "diag_1": 9.899590420196775,
            "number_diagnoses": 5.933108250391646,
            "admission_source_id": -2.1472946284207204,
            "num_medications": 2.1206201111967875,
            "medical_specialty": 1.6287085037401667,
            "gender": 0.0,
            "race": 0.0,
            "num_lab_procedures": 0.0,
            "time_in_hospital": 0.0,
            "admission_type_id": 0.0,
            "age": 0.0,
            "number_emergency": 0.0,
            "number_outpatient": 0.0,
            "diag_2": 0.0,
            "num_procedures": 0.0,
            "diag_3": 0.0,
            "metformin": 0.0,
            "repaglinide": 0.0,
            "nateglinide": 0.0,
            "chlorpropamide": 0.0,
            "glimepiride": 0.0,
            "acetohexamide": 0.0,
            "glipizide": 0.0,
            "glyburide": 0.0,
            "tolbutamide": 0.0,
            "pioglitazone": 0.0,
            "rosiglitazone": 0.0,
            "acarbose": 0.0,
            "miglitol": 0.0,
            "troglitazone": 0.0,
            "tolazamide": 0.0,
            "insulin": 0.0,
            "glyburide-metformin": 0.0,
            "glipizide-metformin": 0.0,
            "glimepiride-pioglitazone": 0.0,
            "metformin-rosiglitazone": 0.0,
            "metformin-pioglitazone": 0.0,
            "change": 0.0,
            "diabetesMed": 0.0
        },
        "Lime": {
            "race": 0.0,
            "gender": 0.0,
            "age": 0.0,
            "admission_type_id": 0.0,
            "discharge_disposition_id": 0.0,
            "admission_source_id": 0.0,
            "time_in_hospital": 0.0,
            "payer_code": 0.0,
            "medical_specialty": 0.0,
            "num_lab_procedures": 0.0,
            "num_procedures": 0.0,
            "num_medications": 0.0,
            "number_outpatient": 0.0,
            "number_emergency": 0.0,
            "number_inpatient": -44.19625402879904,
            "diag_1": 11.876363677396768,
            "diag_2": -7.408641607931285,
            "diag_3": 0.0,
            "number_diagnoses": 6.200217545542964,
            "metformin": 0.0,
            "repaglinide": -5.389508485996414,
            "nateglinide": 5.339224970279021,