{
    "LogisticRegression": {
        "SHAP": {
            "number_inpatient": -19.968362394655593,
            "number_diagnoses": 9.715125523007064,
            "discharge_disposition_id": 8.109196888380046,
            "diabetesMed": 7.681380022075637,
            "admission_source_id": -5.992848595815236,
            "admission_type_id": -5.335541909323052,
            "num_medications": -5.014235140758649,
            "time_in_hospital": -4.9839134386574,
            "payer_code": 4.825893919036954,
            "metformin": 3.9978757165323486,
            "num_procedures": 3.665244291040748,
            "diag_1": -3.3730957703645483,
            "change": -3.2940651234468183,
            "number_emergency": -2.8133761239274038,
            "insulin": 2.0924014102579735,
            "glimepiride": 1.6957056944014246,
            "gender": -1.2367141762241174,
            "num_lab_procedures": 1.2205611909948508,
            "age": -1.2063826097095098,
            "glyburide": 0.5983160801304012,
            "pioglitazone": 0.5475441037851416,
            "glipizide": -0.5341440711894485,
            "rosiglitazone": 0.5334041816611748,
            "diag_3": -0.4281682423853452,
            "glyburide-metformin": 0.23904469017759822,
            "acarbose": 0.22924268800360548,
            "number_outpatient": 0.1650025367111666,
            "glipizide-metformin": -0.0956325626849953,
            "diag_2": 0.09546148111389678,
            "chlorpropamide": -0.06367597944889056,
            "medical_specialty": -0.04617300118745648,
            "race": 0.03448182042537694,
            "tolazamide": 0.03191065642967184,
            "tolbutamide": -0.028014620640125432,
            "troglitazone": -0.025035124978492744,
            "repaglinide": 0.01656453928083597,
            "miglitol": -0.016524705835549987,
            "metformin-rosiglitazone": -0.01625696011627369,
            "acetohexamide": -0.009195236098334256,
            "nateglinide": 0.008414953662536882,
            "glimepiride-pioglitazone": -0.008251445749696103,
            "metformin-pioglitazone": -0.007620379694627038
        },
        "Lime": {
            "race": -28.991025886871263,
            "gender": 0.0,
            "age": 0.0,
            "admission_type_id": 0.0,
            "discharge_disposition_id": 37.99762578134022,
            "admission_source_id": 0.0,
            "time_in_hospital": -9.735880191867937,
            "payer_code": 0.0,
            "medical_specialty": 0.0,
            "num_lab_procedures": 0.0,
            "num_procedures": 0.0,
            "num_medications": 0.0,
            "number_outpatient": 0.0,
            "number_emergency": -23.275468139920584,
            "number_inpatient": 0.0,
            "diag_1": 0.0,
            "diag_2": 0.0,
            "diag_3": 0.0,
            "number_diagnoses": 0.0,
            "metformin": 0.0,
            "repaglinide": 0.0,
            "nateglinide": 0.0,
            "chlorpropamide": 0.0,
            "glimepiride": 0.0,
            "acetohexamide": 0.0,
            "glipizide": 0.0,
            "glyburide": 0.0,
            "tolbutamide": 0.0,
            "pioglitazone": 0.0,
            "rosiglitazone": 0.0,
            "acarbose": 0.0,
            "miglitol": 0.0,
            "troglitazone": 0.0,
            "tolazamide": 0.0,
            "insulin": 0.0,
            "glyburide-metformin": 0.0,
            "glipizide-metformin": 0.0,
            "glimepiride-pioglitazone": 0.0,
            "metformin-rosiglitazone": 0.0,
            "metformin-pioglitazone": 0.0,
            "change": 0.0,
            "diabetesMed": 0.0
        },
        "Inherent": {
            "number_diagnoses": 12.259275748222034,
            "discharge_disposition_id": 7.495277783201545,
            "diabetesMed": 6.186583240631806,
            "payer_code": 4.469216870808963,
            "num_procedures": 3.651381978683181,
            "metformin": 3.5752556164291143,
            "insulin": 2.411116737479436,
            "num_lab_procedures": 1.2156758828963472,
            "glimepiride": 1.1278504177029938,
            "pioglitazone": 0.6693718771295404,
            "glyburide": 0.6097422956256333,
            "rosiglitazone": 0.4349568023995301,
            "number_outpatient": 0.2069828626407888,
            "diag_2": 0.1965717945567488,
            "glyburide-metformin": 0.10852075370519947,
            "tolazamide": 0.044323233903813285,
            "race": 0.04288444113898198,
            "nateglinide": 0.024163698629620232,
            "troglitazone": -0.0,
            "miglitol": -0.0,
            "acarbose": -0.0,
            "glipizide-metformin": -0.0,
            "glimepiride-pioglitazone": -0.0,
            "metformin-rosiglitazone": -0.0,
            "acetohexamide": -0.0,
            "repaglinide": 0.0,
            "metformin-pioglitazone": -0.0,
            "tolbutamide": -0.0,
            "chlorpropamide": -0.0,
            "medical_specialty": -0.06129925668724603,
            "diag_3": -0.48926035291244785,
            "age": -0.49182521105092863,
            "glipizide": -0.5579631020131313,
            "gender": -1.3403148905861177,
            "number_emergency": -2.7090607356671317,
            "change": -3.1849973525329207,
            "diag_1": -3.5409324187557205,
            "time_in_hospital": -3.7247825945744717,
            "num_medications": -4.512396545027628,
            "admission_type_id": -5.340351702718834,
            "admission_source_id": -6.3071874701437105,
            "number_inpatient": -23.010476331544435
        }
    },
    "DecisionTree": {
        "SHAP": {
            "number_inpatient": -44.11369346259335,
            "discharge_disposition_id": 29.801509764898853,
            "payer_code": 10.246893982945107,
            "diag_1": -8.187249483957643,
            "number_diagnoses": 5.259827355730883,
            "num_medications": -1.4449194629196604,
            "medical_specialty": -0.6455295374294658,
            "admission_source_id": 0.30037694952503025,
            "gender": 0.0,
            "race": 0.0,
            "num_lab_procedures": 0.0,
            "time_in_hospital": 0.0,
            "admission_type_id": 0.0,
            "age": 0.0,
            "number_emergency": 0.0,
            "number_outpatient": 0.0,
            "diag_2": 0.0,
            "num_procedures": 0.0,
            "diag_3": 0.0,
            "metformin": 0.0,
            "repaglinide": 0.0,
            "nateglinide": 0.0,
            "chlorpropamide": 0.0,
            "glimepiride": 0.0,
            "acetohexamide": 0.0,
            "glipizide": 0.0,
            "glyburide": 0.0,
            "tolbutamide": 0.0,
            "pioglitazone": 0.0,
            "rosiglitazone": 0.0,
            "acarbose": 0.0,
            "miglitol": 0.0,
            "troglitazone": 0.0,
            "tolazamide": 0.0,
            "insulin": 0.0,
            "glyburide-metformin": 0.0,
            "glipizide-metformin": 0.0,
            "glimepiride-pioglitazone": 0.0,
            "metformin-rosiglitazone": 0.0,
            "metformin-pioglitazone": 0.0,
            "change": 0.0,
            "diabetesMed": 0.0
        },
        "Lime": {
            "race": 0.0,
            "gender": 0.0,
            "age": 0.0,
            "admission_type_id": 0.0,
            "discharge_disposition_id": 0.0,
            "admission_source_id": 8.640891516335705,
            "time_in_hospital": 0.0,
            "payer_code": 0.0,
            "medical_specialty": 0.0,
            "num_lab_procedures": 0.0,
            "num_procedures": 0.0,
            "num_medications": 0.0,
            "number_outpatient": 0.0,
            "number_emergency": 0.0,
            "number_inpatient": -47.9747986093603,
            "diag_1": 7.789120460700145,
            "diag_2": 0.0,
            "diag_3": 0.0,
            "number_diagnoses": 6.756189071949861,
            "metformin": 7.21210031077176,
            "repaglinide": 0.0,