{
    "LogisticRegression": {
        "SHAP": {
            "discharge_disposition_id": 28.931756363210553,
            "number_inpatient": 16.85667350121881,
            "age": -11.039685318280428,
            "number_diagnoses": -8.621448316485747,
            "metformin": -7.976610687315959,
            "diabetesMed": 4.592746896031655,
            "num_medications": -4.407920118255029,
            "payer_code": 2.885433249433986,
            "num_procedures": 2.1914733150159176,
            "change": -1.9695428852052093,
            "number_emergency": -1.6821358171842733,
            "insulin": 1.2510603634498763,
            "diag_1": 1.2503111913696219,
            "diag_2": -1.0367789617478824,
            "glimepiride": 1.0138734240674778,
            "gender": -0.7394394207561745,
            "admission_type_id": 0.6905890868193184,
            "num_lab_procedures": 0.6368585419231899,
            "glyburide": 0.3577370618257986,
            "pioglitazone": 0.3273801681302731,
            "rosiglitazone": 0.3189258170555518,
            "time_in_hospital": 0.2642045204710172,
            "admission_source_id": -0.18564427681692838,
            "glyburide-metformin": 0.14292636943762999,
            "acarbose": 0.13706568881381986,
            "number_outpatient": 0.09865608603397613,
            "race": -0.06961908056037817,
            "medical_specialty": 0.06482552302888249,
            "glipizide": 0.0618597059197635,
            "glipizide-metformin": -0.057179328996716045,
            "chlorpropamide": -0.03807228077834943,
            "tolazamide": 0.01907958828316186,
            "tolbutamide": -0.016750123235495545,
            "troglitazone": -0.014968663470143946,
            "repaglinide": 0.009904045386065487,
            "miglitol": -0.009880228710979802,
            "metformin-rosiglitazone": -0.009720141810240878,
            "acetohexamide": -0.00549789125489605,
            "nateglinide": 0.005031355329744928,
            "glimepiride-pioglitazone": -0.004933592889009288,
            "metformin-pioglitazone": -0.004556274404924418,
            "diag_3": 0.0012447295851589363
        },
        "Lime": {
            "race": -14.96231147422306,
            "gender": 0.0,
            "age": 0.0,
            "admission_type_id": 0.0,
            "discharge_disposition_id": 13.40101533517972,
            "admission_source_id": 0.0,
            "time_in_hospital": 0.0,
            "payer_code": 0.0,
            "medical_specialty": 0.0,
            "num_lab_procedures": 0.0,
            "num_procedures": 0.0,
            "num_medications": 0.0,
            "number_outpatient": 0.0,
            "number_emergency": -13.377150447921599,
            "number_inpatient": 45.15862751808792,
            "diag_1": 0.0,
            "diag_2": 0.0,
            "diag_3": 0.0,
            "number_diagnoses": -13.100895224587706,
            "metformin": 0.0,
            "repaglinide": 0.0,
            "nateglinide": 0.0,
            "chlorpropamide": 0.0,
            "glimepiride": 0.0,
            "acetohexamide": 0.0,
            "glipizide": 0.0,
            "glyburide": 0.0,
            "tolbutamide": 0.0,
            "pioglitazone": 0.0,
            "rosiglitazone": 0.0,
            "acarbose": 0.0,
            "miglitol": 0.0,
            "troglitazone": 0.0,
            "tolazamide": 0.0,
            "insulin": 0.0,
            "glyburide-metformin": 0.0,
            "glipizide-metformin": 0.0,
            "glimepiride-pioglitazone": 0.0,
            "metformin-rosiglitazone": 0.0,
            "metformin-pioglitazone": 0.0,
            "change": 0.0,
            "diabetesMed": 0.0
        },
        "Inherent": {
            "discharge_disposition_id": 30.053126206463165,
            "number_inpatient": 15.92012975292762,
            "diabetesMed": 3.8726313873025915,
            "payer_code": 2.797607153636151,
            "num_procedures": 2.285664947463866,
            "insulin": 1.5092929316279444,
            "diag_1": 1.2239626716625691,
            "time_in_hospital": 1.0846691881252388,
            "admission_type_id": 0.7437778558689959,
            "glimepiride": 0.7060034202874308,
            "num_lab_procedures": 0.6631255190949871,
            "pioglitazone": 0.4190084316855938,
            "glyburide": 0.38168194952867296,
            "rosiglitazone": 0.2722710257950347,
            "number_outpatient": 0.129565593691842,
            "glyburide-metformin": 0.06793101468551002,
            "medical_specialty": 0.05896631858697393,
            "glipizide": 0.05218970957170055,
            "tolazamide": 0.02774512847015895,
            "nateglinide": 0.015125812440669812,
            "acarbose": -0.0,
            "glipizide-metformin": -0.0,
            "troglitazone": -0.0,
            "miglitol": -0.0,
            "chlorpropamide": -0.0,
            "repaglinide": 0.0,
            "metformin-pioglitazone": -0.0,
            "metformin-rosiglitazone": -0.0,
            "acetohexamide": -0.0,
            "tolbutamide": -0.0,
            "glimepiride-pioglitazone": -0.0,
            "diag_3": -0.0353622905360795,
            "race": -0.06818023728801673,
            "admission_source_id": -0.37030455349070357,
            "gender": -0.8390003516097123,
            "diag_2": -1.028857330192761,
            "number_emergency": -1.6957977007648197,
            "change": -1.9937209661847213,
            "num_medications": -4.309333656740043,
            "number_diagnoses": -7.522010492249673,
            "metformin": -8.679119447977666,
            "age": -11.173836954049097
        }
    },
    "DecisionTree": {
        "SHAP": {
            "discharge_disposition_id": -70.2598861063563,
            "payer_code": 7.93538092310767,
            "number_inpatient": -7.357789010865096,
            "number_diagnoses": -5.895296743528432,
            "num_medications": -3.5258640282649254,
            "diag_1": 2.9437346321773044,
            "medical_specialty": 0.9998196107320344,
            "admission_source_id": 0.6978522976319224,
            "number_emergency": -0.3843766473363059,
            "gender": 0.0,
            "num_lab_procedures": 0.0,
            "time_in_hospital": 0.0,
            "admission_type_id": 0.0,
            "age": 0.0,
            "race": 0.0,
            "number_outpatient": 0.0,
            "diag_2": 0.0,
            "num_procedures": 0.0,
            "diag_3": 0.0,
            "metformin": 0.0,
            "repaglinide": 0.0,
            "nateglinide": 0.0,
            "chlorpropamide": 0.0,
            "glimepiride": 0.0,
            "acetohexamide": 0.0,
            "glipizide": 0.0,
            "glyburide": 0.0,
            "tolbutamide": 0.0,
            "pioglitazone": 0.0,
            "rosiglitazone": 0.0,
            "acarbose": 0.0,
            "miglitol": 0.0,
            "troglitazone": 0.0,
            "tolazamide": 0.0,
            "insulin": 0.0,
            "glyburide-metformin": 0.0,
            "glipizide-metformin": 0.0,
            "glimepiride-pioglitazone": 0.0,
            "metformin-rosiglitazone": 0.0,
            "metformin-pioglitazone": 0.0,
            "change": 0.0,
            "diabetesMed": 0.0
        },
        "Lime": {
            "race": 0.0,
            "gender": 0.0,
            "age": -2.4363152215119936,
            "admission_type_id": 0.0,
            "discharge_disposition_id": 2.0921461707320126,
            "admission_source_id": 0.0,
            "time_in_hospital": 2.9226912208502225,
            "payer_code": 4.775361153626538,
            "medical_specialty": 0.0,
            "num_lab_procedures": 0.0,
            "num_procedures": 0.0,
            "num_medications": 0.0,
            "number_outpatient": 0.0,
            "number_emergency": -3.4248507434961253,
            "number_inpatient": 7.356163912213301,
            "diag_1": 0.0,
            "diag_2": 2.177456839953674,
            "diag_3": -3.65512458516127,