{
    "LogisticRegression": {
        "SHAP": {
            "number_inpatient": 46.384278449240476,
            "number_diagnoses": -12.425000559789096,
            "metformin": -8.104459615669375,
            "insulin": 4.697475808741756,
            "diabetesMed": 4.666359335183265,
            "num_medications": 3.400036281016034,
            "age": 2.7617230131877317,
            "change": 2.472361547090009,
            "diag_2": -2.070015183924081,
            "number_emergency": -1.7090970504702208,
            "payer_code": -1.5576380769327927,
            "time_in_hospital": -1.3796184768776667,
            "discharge_disposition_id": -1.1910513683590709,
            "diag_3": 1.1774408500437472,
            "glimepiride": 1.0301237634452234,
            "diag_1": 1.026109053427334,
            "gender": -0.7512911383881101,
            "admission_type_id": 0.7016578324486884,
            "glyburide": 0.363470863032802,
            "num_procedures": 0.34977429548335187,
            "pioglitazone": 0.3326274097596249,
            "rosiglitazone": 0.32403755254486527,
            "num_lab_procedures": -0.20264433799460155,
            "admission_source_id": -0.18861977891630133,
            "glyburide-metformin": 0.14521718992296498,
            "acarbose": 0.13926257444805737,
            "number_outpatient": 0.1002373434588926,
            "medical_specialty": 0.06586454498621223,
            "glipizide": 0.06285119183027375,
            "glipizide-metformin": -0.058095797936064196,
            "chlorpropamide": -0.038682502398569955,
            "race": 0.020947351149616933,
            "tolazamide": 0.019385395475094335,
            "tolbutamide": -0.01701859381647188,
            "troglitazone": -0.015208580855930867,
            "repaglinide": 0.010062787192405059,
            "miglitol": -0.010038588784211665,
            "metformin-rosiglitazone": -0.009875936014395613,
            "acetohexamide": -0.005586011326527452,
            "nateglinide": 0.005111997774548711,
            "glimepiride-pioglitazone": -0.005012668399713963,
            "metformin-pioglitazone": -0.004629302263847002
        },
        "Lime": {
            "race": 0.0,
            "gender": 0.0,
            "age": 0.0,
            "admission_type_id": 0.0,
            "discharge_disposition_id": -6.359565215749351,
            "admission_source_id": 0.0,
            "time_in_hospital": 0.0,
            "payer_code": 0.0,
            "medical_specialty": 0.0,
            "num_lab_procedures": 0.0,
            "num_procedures": 0.0,
            "num_medications": 6.265591535649881,
            "number_outpatient": 0.0,
            "number_emergency": -10.99033457184871,
            "number_inpatient": 57.43980485172393,
            "diag_1": 0.0,
            "diag_2": 0.0,
            "diag_3": 0.0,
            "number_diagnoses": -18.944703825028142,
            "metformin": 0.0,
            "repaglinide": 0.0,
            "nateglinide": 0.0,
            "chlorpropamide": 0.0,
            "glimepiride": 0.0,
            "acetohexamide": 0.0,
            "glipizide": 0.0,
            "glyburide": 0.0,
            "tolbutamide": 0.0,
            "pioglitazone": 0.0,
            "rosiglitazone": 0.0,
            "acarbose": 0.0,
            "miglitol": 0.0,
            "troglitazone": 0.0,
            "tolazamide": 0.0,
            "insulin": 0.0,
            "glyburide-metformin": 0.0,
            "glipizide-metformin": 0.0,
            "glimepiride-pioglitazone": 0.0,
            "metformin-rosiglitazone": 0.0,
            "metformin-pioglitazone": 0.0,
            "change": 0.0,
            "diabetesMed": 0.0
        },
        "Inherent": {
            "number_inpatient": 46.37424335819077,
            "insulin": 5.0748027423206645,
            "diabetesMed": 3.883522757653864,
            "num_medications": 3.8673470125404856,
            "age": 3.323440814792586,
            "change": 2.6502721294822646,
            "diag_3": 1.1870224298546952,
            "diag_1": 0.9735466265359042,
            "admission_type_id": 0.7458696532225744,
            "glimepiride": 0.7079889809955392,
            "pioglitazone": 0.42018684903374537,
            "glyburide": 0.38275539005346504,
            "num_procedures": 0.341375574168032,
            "rosiglitazone": 0.27303675955104806,
            "number_outpatient": 0.12992998335988712,
            "glyburide-metformin": 0.06812206355261971,
            "medical_specialty": 0.05913215518481992,
            "glipizide": 0.0523364876661338,
            "tolazamide": 0.027823158739345655,
            "race": 0.026919980970868816,
            "nateglinide": 0.015168352204638922,
            "troglitazone": -0.0,
            "repaglinide": 0.0,
            "chlorpropamide": -0.0,
            "acarbose": -0.0,
            "miglitol": -0.0,
            "glimepiride-pioglitazone": -0.0,
            "glipizide-metformin": -0.0,
            "metformin-pioglitazone": -0.0,
            "metformin-rosiglitazone": -0.0,
            "acetohexamide": -0.0,
            "tolbutamide": -0.0,
            "num_lab_procedures": -0.21817445005409863,
            "admission_source_id": -0.3713459962802376,
            "time_in_hospital": -0.6252247132786739,
            "gender": -0.8413599522637248,
            "discharge_disposition_id": -1.6531199038378408,
            "number_emergency": -1.700566954265275,
            "payer_code": -1.8605957728668396,
            "diag_2": -2.088395600606322,
            "metformin": -8.703528562808678,
            "number_diagnoses": -11.352844833664378
        }
    },
    "DecisionTree": {
        "SHAP": {
            "number_inpatient": 65.20194015925092,
            "discharge_disposition_id": 21.86388980169543,
            "payer_code": -4.720782099773031,
            "number_diagnoses": -4.208555296267262,
            "diag_1": 2.1014836938708896,
            "num_medications": 1.206096767528274,
            "medical_specialty": 0.47583650731715793,
            "admission_source_id": 0.22141567429702097,
            "gender": 0.0,
            "race": 0.0,
            "num_lab_procedures": 0.0,
            "time_in_hospital": 0.0,
            "admission_type_id": 0.0,
            "age": 0.0,
            "number_emergency": 0.0,
            "number_outpatient": 0.0,
            "diag_2": 0.0,
            "num_procedures": 0.0,
            "diag_3": 0.0,
            "metformin": 0.0,
            "repaglinide": 0.0,
            "nateglinide": 0.0,
            "chlorpropamide": 0.0,
            "glimepiride": 0.0,
            "acetohexamide": 0.0,
            "glipizide": 0.0,
            "glyburide": 0.0,
            "tolbutamide": 0.0,
            "pioglitazone": 0.0,
            "rosiglitazone": 0.0,
            "acarbose": 0.0,
            "miglitol": 0.0,
            "troglitazone": 0.0,
            "tolazamide": 0.0,
            "insulin": 0.0,
            "glyburide-metformin": 0.0,
            "glipizide-metformin": 0.0,
            "glimepiride-pioglitazone": 0.0,
            "metformin-rosiglitazone": 0.0,
            "metformin-pioglitazone": 0.0,
            "change": 0.0,
            "diabetesMed": 0.0
        },
        "Lime": {
            "race": 0.0,
            "gender": 0.0,
            "age": 0.0,
            "admission_type_id": 0.0,
            "discharge_disposition_id": 21.749638859379992,
            "admission_source_id": 0.0,
            "time_in_hospital": 0.0,
            "payer_code": 0.0,
            "medical_specialty": 0.0,
            "num_lab_procedures": 0.0,
            "num_procedures": 0.0,
            "num_medications": 0.0,
            "number_outpatient": 0.0,
            "number_emergency": -2.592967504063194,
            "number_inpatient": 40.03057647950944,
            "diag_1": -7.282347048717884,
            "diag_2": -5.7479994841533735,
            "diag_3": -4.694813881074224,
            "number_diagnoses": -4.561707027231094,