{
    "LogisticRegression": {
        "SHAP": {
            "number_inpatient": -22.221230888933523,
            "insulin": -10.224606032417881,
            "discharge_disposition_id": -9.652413740489079,
            "diabetesMed": 8.548007875791962,
            "num_procedures": -6.235340117041545,
            "payer_code": 5.370360418194424,
            "age": 5.059025328266429,
            "change": 4.5289624005135884,
            "metformin": 4.448923632621106,
            "number_diagnoses": 4.096849332827461,
            "time_in_hospital": 3.510709088704055,
            "admission_source_id": 3.4485508932211735,
            "number_emergency": -3.130786550825815,
            "glimepiride": 1.8870184249589945,
            "gender": 1.8827719805538534,
            "num_lab_procedures": 1.5312150716341324,
            "glyburide": 0.6658192343653431,
            "pioglitazone": 0.6093190674133728,
            "rosiglitazone": 0.5935838524739494,
            "num_medications": 0.32418014438783443,
            "glyburide-metformin": 0.2660141652192609,
            "acarbose": 0.25510628258085205,
            "diag_2": 0.2167058311983691,
            "race": -0.21354832392418335,
            "number_outpatient": 0.18361843565599023,
            "admission_type_id": -0.15924356678702745,
            "glipizide": 0.11513311431405046,
            "diag_1": 0.11035456683912394,
            "glipizide-metformin": -0.10642200967328455,
            "medical_specialty": 0.08443510355047339,
            "chlorpropamide": -0.07086002414456821,
            "diag_3": 0.062165647568328666,
            "tolazamide": 0.03551087717293,
            "tolbutamide": -0.03117528324088926,
            "troglitazone": -0.027859635231243973,
            "repaglinide": 0.01843338199965664,
            "miglitol": -0.018389054469571425,
            "metformin-rosiglitazone": -0.018091101170749357,
            "acetohexamide": -0.010232660064003508,
            "nateglinide": 0.009364344684817807,
            "glimepiride-pioglitazone": -0.009182389499330238,
            "metformin-pioglitazone": -0.008480125375777907
        },
        "Lime": {
            "race": -18.600374408185218,
            "gender": 0.0,
            "age": 0.0,
            "admission_type_id": 0.0,
            "discharge_disposition_id": -11.137271147114387,
            "admission_source_id": 0.0,
            "time_in_hospital": 14.050902509060622,
            "payer_code": 0.0,
            "medical_specialty": 0.0,
            "num_lab_procedures": 0.0,
            "num_procedures": -8.11388074572986,
            "num_medications": 0.0,
            "number_outpatient": 0.0,
            "number_emergency": -24.884638571832653,
            "number_inpatient": 0.0,
            "diag_1": 0.0,
            "diag_2": 0.0,
            "diag_3": 0.0,
            "number_diagnoses": 23.212932618077257,
            "metformin": 0.0,
            "repaglinide": 0.0,
            "nateglinide": 0.0,
            "chlorpropamide": 0.0,
            "glimepiride": 0.0,
            "acetohexamide": 0.0,
            "glipizide": 0.0,
            "glyburide": 0.0,
            "tolbutamide": 0.0,
            "pioglitazone": 0.0,
            "rosiglitazone": 0.0,
            "acarbose": 0.0,
            "miglitol": 0.0,
            "troglitazone": 0.0,
            "tolazamide": 0.0,
            "insulin": 0.0,
            "glyburide-metformin": 0.0,
            "glipizide-metformin": 0.0,
            "glimepiride-pioglitazone": 0.0,
            "metformin-rosiglitazone": 0.0,
            "metformin-pioglitazone": 0.0,
            "change": 0.0,
            "diabetesMed": 0.0
        },
        "Inherent": {
            "number_diagnoses": 6.531873438088004,
            "diabetesMed": 6.527922742194622,
            "age": 5.586465235581357,
            "payer_code": 4.715802134390136,
            "time_in_hospital": 4.70771518186104,
            "change": 4.454917039678606,
            "metformin": 3.772517323352651,
            "admission_source_id": 2.9943792205171382,
            "gender": 1.694010482135948,
            "num_lab_procedures": 1.4476983070753553,
            "glimepiride": 1.1900786112699553,
            "num_medications": 0.8696841330865811,
            "pioglitazone": 0.7063039047144841,
            "glyburide": 0.6433843114484683,
            "rosiglitazone": 0.458955176357762,
            "diag_2": 0.3127819430975822,
            "number_outpatient": 0.21840296715046909,
            "glyburide-metformin": 0.11450829457196891,
            "glipizide": 0.08797387562851362,
            "medical_specialty": 0.06485410536206741,
            "tolazamide": 0.04676873087361316,
            "nateglinide": 0.02549691027898072,
            "troglitazone": -0.0,
            "miglitol": -0.0,
            "acarbose": -0.0,
            "chlorpropamide": -0.0,
            "metformin-rosiglitazone": -0.0,
            "glimepiride-pioglitazone": -0.0,
            "repaglinide": 0.0,
            "glipizide-metformin": -0.0,
            "metformin-pioglitazone": -0.0,
            "acetohexamide": -0.0,
            "tolbutamide": -0.0,
            "diag_3": -0.0025278630959726578,
            "diag_1": -0.05101214753171939,
            "admission_type_id": -0.12399757909416016,
            "race": -0.19501787403419535,
            "number_emergency": -2.858530872129982,
            "num_procedures": -5.984204344919083,
            "insulin": -9.42831341978692,
            "discharge_disposition_id": -9.903841915410615,
            "number_inpatient": -24.28005991528205
        }
    },
    "DecisionTree": {
        "SHAP": {
            "discharge_disposition_id": -43.16759550935284,
            "number_inpatient": -34.64390224591325,
            "diag_1": -9.103848108395246,
            "payer_code": 5.625230319412242,
            "number_diagnoses": 4.954207773906413,
            "num_medications": -0.9719753734191223,
            "admission_source_id": -0.8244888601124314,
            "medical_specialty": 0.7087518094884624,
            "gender": 0.0,
            "race": 0.0,
            "num_lab_procedures": 0.0,
            "time_in_hospital": 0.0,
            "admission_type_id": 0.0,
            "age": 0.0,
            "number_emergency": 0.0,
            "number_outpatient": 0.0,
            "diag_2": 0.0,
            "num_procedures": 0.0,
            "diag_3": 0.0,
            "metformin": 0.0,
            "repaglinide": 0.0,
            "nateglinide": 0.0,
            "chlorpropamide": 0.0,
            "glimepiride": 0.0,
            "acetohexamide": 0.0,
            "glipizide": 0.0,
            "glyburide": 0.0,
            "tolbutamide": 0.0,
            "pioglitazone": 0.0,
            "rosiglitazone": 0.0,
            "acarbose": 0.0,
            "miglitol": 0.0,
            "troglitazone": 0.0,
            "tolazamide": 0.0,
            "insulin": 0.0,
            "glyburide-metformin": 0.0,
            "glipizide-metformin": 0.0,
            "glimepiride-pioglitazone": 0.0,
            "metformin-rosiglitazone": 0.0,
            "metformin-pioglitazone": 0.0,
            "change": 0.0,
            "diabetesMed": 0.0
        },
        "Lime": {
            "race": 0.0,
            "gender": 0.0,
            "age": 0.0,
            "admission_type_id": 0.0,
            "discharge_disposition_id": -19.7648440901489,
            "admission_source_id": 0.0,
            "time_in_hospital": 0.0,
            "payer_code": 0.0,
            "medical_specialty": 0.0,
            "num_lab_procedures": 0.0,
            "num_procedures": 0.0,
            "num_medications": 0.0,
            "number_outpatient": 0.0,
            "number_emergency": -6.040551882929918,
            "number_inpatient": -36.11691140742085,
            "diag_1": -4.918514968038427,
            "diag_2": -3.8602695229533546,
            "diag_3": 9.368456308388796,
            "number_diagnoses": 4.556891957457409,