{
    "LogisticRegression": {
        "SHAP": {
            "number_inpatient": 19.491337656446188,
            "diabetesMed": -18.313043382364473,
            "age": -16.74220711733106,
            "number_diagnoses": -9.968963343335384,
            "discharge_disposition_id": -5.996713465607992,
            "time_in_hospital": -5.32125267262487,
            "num_medications": -4.689309844286427,
            "metformin": 2.7639636025225767,
            "num_procedures": 2.5339961852484274,
            "change": -2.277378475747915,
            "number_emergency": -1.9450502612137595,
            "insulin": 1.4465985813176425,
            "diag_2": 1.3896505561821542,
            "glimepiride": 1.1723398004931167,
            "gender": -0.8550123145829147,
            "admission_type_id": 0.7985267717310247,
            "payer_code": 0.7818696902452781,
            "diag_1": -0.5884403663767375,
            "diag_3": -0.43677839371938415,
            "glyburide": 0.41365064487767683,
            "pioglitazone": 0.3785490297709033,
            "rosiglitazone": 0.3687732806320464,
            "number_outpatient": -0.3043550196133826,
            "admission_source_id": -0.21466010379591716,
            "glyburide-metformin": 0.16526547343503978,
            "acarbose": 0.15848878022050877,
            "num_lab_procedures": -0.08735876500404907,
            "medical_specialty": 0.07495762185939699,
            "glipizide": 0.0715282535028868,
            "glipizide-metformin": -0.0661163430829596,
            "chlorpropamide": -0.04402290166848038,
            "race": 0.02383928450060167,
            "tolazamide": 0.022061689546647105,
            "tolbutamide": -0.019368133798552987,
            "troglitazone": -0.017308235455897734,
            "repaglinide": 0.011452027754504024,
            "miglitol": -0.011424488581017904,
            "metformin-rosiglitazone": -0.011239380419763505,
            "acetohexamide": -0.006357200597131656,
            "nateglinide": 0.005817746045477348,
            "glimepiride-pioglitazone": -0.005704703531937598,
            "metformin-pioglitazone": -0.005268410927896542
        },
        "Lime": {
            "race": -33.51162067420656,
            "gender": 0.0,
            "age": 0.0,
            "admission_type_id": 0.0,
            "discharge_disposition_id": -9.193245825545516,
            "admission_source_id": 0.0,
            "time_in_hospital": 0.0,
            "payer_code": 0.0,
            "medical_specialty": 0.0,
            "num_lab_procedures": 0.0,
            "num_procedures": 0.0,
            "num_medications": 0.0,
            "number_outpatient": 0.0,
            "number_emergency": 0.0,
            "number_inpatient": 45.54875070636907,
            "diag_1": 0.0,
            "diag_2": 0.0,
            "diag_3": 0.0,
            "number_diagnoses": -11.746382793878844,
            "metformin": 0.0,
            "repaglinide": 0.0,
            "nateglinide": 0.0,
            "chlorpropamide": 0.0,
            "glimepiride": 0.0,
            "acetohexamide": 0.0,
            "glipizide": 0.0,
            "glyburide": 0.0,
            "tolbutamide": 0.0,
            "pioglitazone": 0.0,
            "rosiglitazone": 0.0,
            "acarbose": 0.0,
            "miglitol": 0.0,
            "troglitazone": 0.0,
            "tolazamide": 0.0,
            "insulin": 0.0,
            "glyburide-metformin": 0.0,
            "glipizide-metformin": 0.0,
            "glimepiride-pioglitazone": 0.0,
            "metformin-rosiglitazone": 0.0,
            "metformin-pioglitazone": 0.0,
            "change": 0.0,
            "diabetesMed": 0.0
        },
        "Inherent": {
            "number_inpatient": 18.37548365495471,
            "num_procedures": 2.6381819454142064,
            "metformin": 2.5831794297526796,
            "insulin": 1.742070449555717,
            "diag_2": 1.5334302113244138,
            "admission_type_id": 0.8584903543844962,
            "glimepiride": 0.8148899858965105,
            "payer_code": 0.5437745130143326,
            "pioglitazone": 0.48363189918794136,
            "glyburide": 0.4405485717643488,
            "rosiglitazone": 0.3142632542485634,
            "glyburide-metformin": 0.07840798218296738,
            "medical_specialty": 0.06806066534655823,
            "glipizide": 0.060238903204621184,
            "tolazamide": 0.03202424619775913,
            "race": 0.030984695387263145,
            "nateglinide": 0.017458659168297697,
            "metformin-pioglitazone": -0.0,
            "troglitazone": -0.0,
            "miglitol": -0.0,
            "glipizide-metformin": -0.0,
            "glimepiride-pioglitazone": -0.0,
            "metformin-rosiglitazone": -0.0,
            "repaglinide": 0.0,
            "acetohexamide": -0.0,
            "chlorpropamide": -0.0,
            "tolbutamide": -0.0,
            "acarbose": -0.0,
            "num_lab_procedures": -0.10052215715054093,
            "number_outpatient": -0.29029989830699976,
            "admission_source_id": -0.4274164454452648,
            "diag_3": -0.5014641416312244,
            "diag_1": -0.7255584260239667,
            "gender": -0.9683989695291533,
            "number_emergency": -1.9573397589164356,
            "change": -2.3012115852843964,
            "num_medications": -4.545539763812205,
            "time_in_hospital": -4.662801194390333,
            "discharge_disposition_id": -6.781519743605845,
            "number_diagnoses": -8.682126527725927,
            "age": -17.077779358281653,
            "diabetesMed": -20.362902608910673
        }
    },
    "DecisionTree": {
        "SHAP": {
            "number_inpatient": 42.08225068361758,
            "discharge_disposition_id": -27.194865743450336,
            "num_medications": -16.374581909078557,
            "number_diagnoses": -7.777173192395286,
            "payer_code": -2.8049995491565873,
            "admission_source_id": 1.4617890997638354,
            "number_emergency": -1.086955981863988,
            "medical_specialty": 0.9424436809234346,
            "diag_1": -0.274940159750402,
            "gender": 0.0,
            "num_lab_procedures": 0.0,
            "time_in_hospital": 0.0,
            "admission_type_id": 0.0,
            "age": 0.0,
            "race": 0.0,
            "number_outpatient": 0.0,
            "diag_2": 0.0,
            "num_procedures": 0.0,
            "diag_3": 0.0,
            "metformin": 0.0,
            "repaglinide": 0.0,
            "nateglinide": 0.0,
            "chlorpropamide": 0.0,
            "glimepiride": 0.0,
            "acetohexamide": 0.0,
            "glipizide": 0.0,
            "glyburide": 0.0,
            "tolbutamide": 0.0,
            "pioglitazone": 0.0,
            "rosiglitazone": 0.0,
            "acarbose": 0.0,
            "miglitol": 0.0,
            "troglitazone": 0.0,
            "tolazamide": 0.0,
            "insulin": 0.0,
            "glyburide-metformin": 0.0,
            "glipizide-metformin": 0.0,
            "glimepiride-pioglitazone": 0.0,
            "metformin-rosiglitazone": 0.0,
            "metformin-pioglitazone": 0.0,
            "change": 0.0,
            "diabetesMed": 0.0
        },
        "Lime": {
            "race": 2.520354795430428,
            "gender": 2.97459573906354,
            "age": 0.0,
            "admission_type_id": 0.0,
            "discharge_disposition_id": -14.04828860858703,
            "admission_source_id": 0.0,
            "time_in_hospital": 0.0,
            "payer_code": 0.0,
            "medical_specialty": 0.0,
            "num_lab_procedures": 0.0,
            "num_procedures": 0.0,
            "num_medications": -4.856312890126097,
            "number_outpatient": 0.0,
            "number_emergency": -3.8067077941252245,
            "number_inpatient": 4.360903958729499,
            "diag_1": 8.908213368309218,
            "diag_2": 0.0,
            "diag_3": -3.4168688010428654,