{
    "LogisticRegression": {
        "SHAP": {
            "number_inpatient": 23.126802273513903,
            "glimepiride": -10.873006592339626,
            "number_diagnoses": 7.969395666523046,
            "pioglitazone": -7.349354429649954,
            "discharge_disposition_id": -7.115202099234498,
            "diabetesMed": 6.301097861872863,
            "age": -5.708432104988963,
            "time_in_hospital": -4.088344310765874,
            "payer_code": 3.9587196268740437,
            "change": 3.338489588807826,
            "metformin": 3.2794896303891488,
            "num_procedures": 3.006629394606869,
            "insulin": -2.9102877502219497,
            "number_emergency": -2.307835080177806,
            "diag_1": -1.8675066768086248,
            "gender": 1.3878707967337807,
            "num_medications": 1.206118958740064,
            "admission_type_id": 0.9474655400997191,
            "num_lab_procedures": 0.6187746536410763,
            "glyburide": 0.4908034965590849,
            "rosiglitazone": 0.4375557437491636,
            "diag_3": -0.35753231253841045,
            "admission_source_id": -0.25469784906518805,
            "glyburide-metformin": 0.19609028349610447,
            "acarbose": 0.1880496222134813,
            "diag_2": 0.15974302661635242,
            "number_outpatient": 0.13535290901977623,
            "glipizide": 0.08486948432623129,
            "glipizide-metformin": -0.07844816094608693,
            "chlorpropamide": -0.05223391848925162,
            "medical_specialty": -0.037876084534601395,
            "race": 0.02828571484959753,
            "tolazamide": 0.026176568327839572,
            "tolbutamide": -0.02298061880929754,
            "troglitazone": -0.020536514535193402,
            "repaglinide": 0.0135880249050848,
            "miglitol": -0.013555349209285191,
            "metformin-rosiglitazone": -0.01333571524059611,
            "acetohexamide": -0.0075429261867158304,
            "nateglinide": 0.006902854223900583,
            "glimepiride-pioglitazone": -0.006768727366872369,
            "metformin-pioglitazone": -0.006251058802256587
        },
        "Lime": {
            "race": -20.660893656292657,
            "gender": 0.0,
            "age": 0.0,
            "admission_type_id": 0.0,
            "discharge_disposition_id": -12.499387111204422,
            "admission_source_id": 0.0,
            "time_in_hospital": 0.0,
            "payer_code": 0.0,
            "medical_specialty": 0.0,
            "num_lab_procedures": 0.0,
            "num_procedures": 0.0,
            "num_medications": 0.0,
            "number_outpatient": 0.0,
            "number_emergency": -16.544811698675176,
            "number_inpatient": 50.29490753382776,
            "diag_1": 0.0,
            "diag_2": 0.0,
            "diag_3": 0.0,
            "number_diagnoses": 0.0,
            "metformin": 0.0,
            "repaglinide": 0.0,
            "nateglinide": 0.0,
            "chlorpropamide": 0.0,
            "glimepiride": 0.0,
            "acetohexamide": 0.0,
            "glipizide": 0.0,
            "glyburide": 0.0,
            "tolbutamide": 0.0,
            "pioglitazone": 0.0,
            "rosiglitazone": 0.0,
            "acarbose": 0.0,
            "miglitol": 0.0,
            "troglitazone": 0.0,
            "tolazamide": 0.0,
            "insulin": 0.0,
            "glyburide-metformin": 0.0,
            "glipizide-metformin": 0.0,
            "glimepiride-pioglitazone": 0.0,
            "metformin-rosiglitazone": 0.0,
            "metformin-pioglitazone": 0.0,
            "change": 0.0,
            "diabetesMed": 0.0
        },
        "Inherent": {
            "number_inpatient": 21.38109117952931,
            "number_diagnoses": 10.306314159709986,
            "diabetesMed": 5.201030775606409,
            "payer_code": 3.757249128286672,
            "change": 3.5493925925894536,
            "num_procedures": 3.069699267909049,
            "metformin": 3.0057002012969707,
            "num_medications": 1.6898994410701185,
            "gender": 1.3496790632707272,
            "admission_type_id": 0.998910335559632,
            "num_lab_procedures": 0.6277515815109629,
            "glyburide": 0.5126074153354397,
            "rosiglitazone": 0.3656660918229691,
            "diag_2": 0.24920462088029974,
            "number_outpatient": 0.17400949712395958,
            "glyburide-metformin": 0.0912328757020174,
            "glipizide": 0.07009195002198274,
            "tolazamide": 0.03726232956732863,
            "race": 0.036052743409906586,
            "nateglinide": 0.020314305220970167,
            "metformin-pioglitazone": -0.0,
            "glipizide-metformin": -0.0,
            "chlorpropamide": -0.0,
            "troglitazone": -0.0,
            "acarbose": -0.0,
            "repaglinide": 0.0,
            "metformin-rosiglitazone": -0.0,
            "glimepiride-pioglitazone": -0.0,
            "miglitol": -0.0,
            "tolbutamide": -0.0,
            "acetohexamide": -0.0,
            "medical_specialty": -0.051533990274024666,
            "diag_3": -0.4178157269298414,
            "admission_source_id": -0.4973273173809174,
            "diag_1": -2.049623282968982,
            "number_emergency": -2.2774943310635476,
            "insulin": -2.7424310370405056,
            "time_in_hospital": -3.131406812663604,
            "age": -5.2778879066839774,
            "pioglitazone": -7.476372535333143,
            "discharge_disposition_id": -7.890746970065108,
            "glimepiride": -11.694200534172175
        }
    },
    "DecisionTree": {
        "SHAP": {
            "number_inpatient": 46.86776356703868,
            "num_medications": 18.429398278331867,
            "discharge_disposition_id": -15.252194179066562,
            "admission_source_id": 5.581813163304786,
            "payer_code": 5.240776460792267,
            "diag_1": -4.553067322387364,
            "number_diagnoses": 3.490976296534481,
            "medical_specialty": -0.3301562415047179,
            "number_emergency": -0.2538544910392867,
            "gender": 0.0,
            "num_lab_procedures": 0.0,
            "time_in_hospital": 0.0,
            "admission_type_id": 0.0,
            "age": 0.0,
            "race": 0.0,
            "number_outpatient": 0.0,
            "diag_2": 0.0,
            "num_procedures": 0.0,
            "diag_3": 0.0,
            "metformin": 0.0,
            "repaglinide": 0.0,
            "nateglinide": 0.0,
            "chlorpropamide": 0.0,
            "glimepiride": 0.0,
            "acetohexamide": 0.0,
            "glipizide": 0.0,
            "glyburide": 0.0,
            "tolbutamide": 0.0,
            "pioglitazone": 0.0,
            "rosiglitazone": 0.0,
            "acarbose": 0.0,
            "miglitol": 0.0,
            "troglitazone": 0.0,
            "tolazamide": 0.0,
            "insulin": 0.0,
            "glyburide-metformin": 0.0,
            "glipizide-metformin": 0.0,
            "glimepiride-pioglitazone": 0.0,
            "metformin-rosiglitazone": 0.0,
            "metformin-pioglitazone": 0.0,
            "change": 0.0,
            "diabetesMed": 0.0
        },
        "Lime": {
            "race": 0.0,
            "gender": 0.0,
            "age": 3.9355384327715117,
            "admission_type_id": 0.0,
            "discharge_disposition_id": -13.670173210717316,
            "admission_source_id": 0.0,
            "time_in_hospital": 0.0,
            "payer_code": 4.934245244452059,
            "medical_specialty": 0.0,
            "num_lab_procedures": 0.0,
            "num_procedures": 0.0,
            "num_medications": 0.0,
            "number_outpatient": 0.0,
            "number_emergency": 0.0,
            "number_inpatient": 9.170949713147142,
            "diag_1": -5.588488804110628,
            "diag_2": 2.978843561133418,
            "diag_3": 10.24158542502582,
            "number_diagnoses": 3.4889542310184636,