{
    "LogisticRegression": {
        "SHAP": {
            "number_inpatient": 36.061003761191515,
            "number_emergency": 18.24063439339599,
            "num_procedures": -7.023663355276655,
            "metformin": -6.300732887392015,
            "number_diagnoses": 4.58832687275033,
            "payer_code": -4.264875498574059,
            "discharge_disposition_id": -4.0965305730905754,
            "diabetesMed": 3.6278154401229084,
            "time_in_hospital": 2.7712280490221213,
            "rosiglitazone": -2.3009417740359117,
            "change": 1.9221133114359783,
            "diag_2": -1.5691252529397408,
            "num_medications": -1.2544949283284499,
            "num_lab_procedures": -1.038342617426173,
            "insulin": 0.9882138523616034,
            "glimepiride": 0.8008596479245057,
            "gender": -0.5840839498411368,
            "age": -0.5697587472071608,
            "diag_1": 0.4093401173984479,
            "glyburide": 0.28257686865287485,
            "pioglitazone": 0.2585979274754383,
            "diag_3": -0.2584615345730301,
            "admission_source_id": -0.14664060290124512,
            "glyburide-metformin": 0.11289768445427767,
            "acarbose": 0.10826832687416403,
            "number_outpatient": 0.07792854260821558,
            "admission_type_id": -0.06758373163954275,
            "race": -0.05499218247849201,
            "glipizide": 0.048863044565135065,
            "glipizide-metformin": -0.04516601007762659,
            "chlorpropamide": -0.030073333274196323,
            "medical_specialty": 0.016620806186269294,
            "tolazamide": 0.015070986172708453,
            "tolbutamide": -0.013230939364456846,
            "troglitazone": -0.011823762485564519,
            "repaglinide": 0.00782321551450868,
            "miglitol": -0.007804402698657038,
            "metformin-rosiglitazone": -0.007677949893090091,
            "acetohexamide": -0.004342789888957803,
            "nateglinide": 0.003974272687607632,
            "glimepiride-pioglitazone": -0.0038970500363286554,
            "metformin-pioglitazone": -0.0035990057823355594
        },
        "Lime": {
            "race": 0.0,
            "gender": 0.0,
            "age": 0.0,
            "admission_type_id": 0.0,
            "discharge_disposition_id": -8.980740057220707,
            "admission_source_id": 0.0,
            "time_in_hospital": 11.127877855131892,
            "payer_code": 0.0,
            "medical_specialty": 0.0,
            "num_lab_procedures": 0.0,
            "num_procedures": -8.113765362772051,
            "num_medications": 0.0,
            "number_outpatient": 0.0,
            "number_emergency": 9.696839129989753,
            "number_inpatient": 62.08077759488562,
            "diag_1": 0.0,
            "diag_2": 0.0,
            "diag_3": 0.0,
            "number_diagnoses": 0.0,
            "metformin": 0.0,
            "repaglinide": 0.0,
            "nateglinide": 0.0,
            "chlorpropamide": 0.0,
            "glimepiride": 0.0,
            "acetohexamide": 0.0,
            "glipizide": 0.0,
            "glyburide": 0.0,
            "tolbutamide": 0.0,
            "pioglitazone": 0.0,
            "rosiglitazone": 0.0,
            "acarbose": 0.0,
            "miglitol": 0.0,
            "troglitazone": 0.0,
            "tolazamide": 0.0,
            "insulin": 0.0,
            "glyburide-metformin": 0.0,
            "glipizide-metformin": 0.0,
            "glimepiride-pioglitazone": 0.0,
            "metformin-rosiglitazone": 0.0,
            "metformin-pioglitazone": 0.0,
            "change": 0.0,
            "diabetesMed": 0.0
        },
        "Inherent": {
            "number_inpatient": 34.7958543065548,
            "number_emergency": 18.3545041630691,
            "number_diagnoses": 5.774182079076205,
            "time_in_hospital": 3.3866830811525688,
            "diabetesMed": 2.913912600746435,
            "change": 1.988571159596067,
            "insulin": 1.135648413662087,
            "glimepiride": 0.5312233612759496,
            "diag_1": 0.3408668670054416,
            "pioglitazone": 0.31527760501835067,
            "glyburide": 0.287191764714725,
            "number_outpatient": 0.0974899953865275,
            "glyburide-metformin": 0.0511138344647549,
            "glipizide": 0.03926948814413264,
            "tolazamide": 0.02087647167339549,
            "nateglinide": 0.011381226628464315,
            "medical_specialty": 0.009675485643037185,
            "tolbutamide": -0.0,
            "glimepiride-pioglitazone": -0.0,
            "troglitazone": -0.0,
            "acarbose": -0.0,
            "miglitol": -0.0,
            "metformin-pioglitazone": -0.0,
            "acetohexamide": -0.0,
            "repaglinide": 0.0,
            "chlorpropamide": -0.0,
            "metformin-rosiglitazone": -0.0,
            "glipizide-metformin": -0.0,
            "race": -0.05130135886591948,
            "admission_type_id": -0.05534962995947689,
            "age": -0.23165220996844074,
            "admission_source_id": -0.278630986689886,
            "diag_3": -0.2868631076953933,
            "gender": -0.6312952233465967,
            "num_medications": -1.0082203613558451,
            "num_lab_procedures": -1.0472524037778108,
            "diag_2": -1.5266665888856448,
            "rosiglitazone": -2.355969307603417,
            "discharge_disposition_id": -4.420844255183941,
            "payer_code": -4.459500304307314,
            "metformin": -6.530493866719644,
            "num_procedures": -7.06223849182861
        }
    },
    "DecisionTree": {
        "SHAP": {
            "number_inpatient": 75.56819183924425,
            "discharge_disposition_id": -14.422351309279053,
            "diag_1": 3.751387287393705,
            "number_diagnoses": 2.688435048091533,
            "num_medications": -1.2747556664133608,
            "payer_code": -1.137066339080522,
            "num_lab_procedures": 0.7890225683042308,
            "medical_specialty": -0.19101976508465796,
            "admission_source_id": 0.17777017710869952,
            "race": 0.0,
            "time_in_hospital": 0.0,
            "age": 0.0,
            "admission_type_id": 0.0,
            "gender": 0.0,
            "number_emergency": 0.0,
            "number_outpatient": 0.0,
            "diag_2": 0.0,
            "num_procedures": 0.0,
            "diag_3": 0.0,
            "metformin": 0.0,
            "repaglinide": 0.0,
            "nateglinide": 0.0,
            "chlorpropamide": 0.0,
            "glimepiride": 0.0,
            "acetohexamide": 0.0,
            "glipizide": 0.0,
            "glyburide": 0.0,
            "tolbutamide": 0.0,
            "pioglitazone": 0.0,
            "rosiglitazone": 0.0,
            "acarbose": 0.0,
            "miglitol": 0.0,
            "troglitazone": 0.0,
            "tolazamide": 0.0,
            "insulin": 0.0,
            "glyburide-metformin": 0.0,
            "glipizide-metformin": 0.0,
            "glimepiride-pioglitazone": 0.0,
            "metformin-rosiglitazone": 0.0,
            "metformin-pioglitazone": 0.0,
            "change": 0.0,
            "diabetesMed": 0.0
        },
        "Lime": {
            "race": 0.0,
            "gender": 0.0,
            "age": 0.0,
            "admission_type_id": 0.0,
            "discharge_disposition_id": -18.596744127894933,
            "admission_source_id": 0.0,
            "time_in_hospital": 0.0,
            "payer_code": 0.0,
            "medical_specialty": 0.0,
            "num_lab_procedures": 0.0,
            "num_procedures": 0.0,
            "num_medications": 0.0,
            "number_outpatient": 0.0,
            "number_emergency": 0.0,
            "number_inpatient": 53.158613530140286,
            "diag_1": 0.0,
            "diag_2": -4.028933013889321,
            "diag_3": 0.0,
            "number_diagnoses": 6.0207142849903335,
            "metformin": 0.0,