{
    "LogisticRegression": {
        "SHAP": {
            "number_inpatient": 40.390707201888645,
            "diabetesMed": -14.012224048534774,
            "number_emergency": 9.471230405138769,
            "age": 5.447898215506751,
            "number_diagnoses": 5.139229304073384,
            "admission_source_id": -3.170172433238493,
            "admission_type_id": -2.822462074068741,
            "diag_1": -2.818751576153978,
            "payer_code": 2.552862069391734,
            "metformin": 2.1148465851305795,
            "change": -1.7425360044863405,
            "num_procedures": -1.329731012566933,
            "time_in_hospital": -1.201350281019492,
            "insulin": 1.1068648179600504,
            "discharge_disposition_id": -1.0371489800028957,
            "diag_2": 0.9357541908776936,
            "glimepiride": 0.8970157282182522,
            "gender": -0.6542126213565073,
            "num_lab_procedures": 0.5908593223626317,
            "number_outpatient": -0.5530395675098303,
            "num_medications": -0.46958525060186346,
            "glyburide": 0.31650476618368245,
            "pioglitazone": 0.2896467674845041,
            "rosiglitazone": 0.28216685361569044,
            "diag_3": -0.1350517612008006,
            "glyburide-metformin": 0.1264528671126839,
            "acarbose": 0.12126768070496548,
            "glipizide": 0.05472983888893267,
            "glipizide-metformin": -0.05058891595486443,
            "chlorpropamide": -0.03368412057819945,
            "medical_specialty": -0.024425174970476703,
            "race": 0.01824062710957569,
            "tolazamide": 0.016880500436892612,
            "tolbutamide": -0.01481952641736619,
            "troglitazone": -0.013243395323706095,
            "repaglinide": 0.00876251835130149,
            "miglitol": -0.00874144675435597,
            "metformin-rosiglitazone": -0.00859981125584529,
            "acetohexamide": -0.0048642116566092325,
            "nateglinide": 0.0044514480386809675,
            "glimepiride-pioglitazone": -0.0043649535662082005,
            "metformin-pioglitazone": -0.004031124306325093
        },
        "Lime": {
            "race": -14.01337771956433,
            "gender": 0.0,
            "age": 0.0,
            "admission_type_id": 0.0,
            "discharge_disposition_id": -8.405269249064178,
            "admission_source_id": 0.0,
            "time_in_hospital": 0.0,
            "payer_code": 0.0,
            "medical_specialty": 0.0,
            "num_lab_procedures": 0.0,
            "num_procedures": 0.0,
            "num_medications": 0.0,
            "number_outpatient": 0.0,
            "number_emergency": 16.526288526369253,
            "number_inpatient": 61.05506450500224,
            "diag_1": 0.0,
            "diag_2": 0.0,
            "diag_3": 0.0,
            "number_diagnoses": 0.0,
            "metformin": 0.0,
            "repaglinide": 0.0,
            "nateglinide": 0.0,
            "chlorpropamide": 0.0,
            "glimepiride": 0.0,
            "acetohexamide": 0.0,
            "glipizide": 0.0,
            "glyburide": 0.0,
            "tolbutamide": 0.0,
            "pioglitazone": 0.0,
            "rosiglitazone": 0.0,
            "acarbose": 0.0,
            "miglitol": 0.0,
            "troglitazone": 0.0,
            "tolazamide": 0.0,
            "insulin": 0.0,
            "glyburide-metformin": 0.0,
            "glipizide-metformin": 0.0,
            "glimepiride-pioglitazone": 0.0,
            "metformin-rosiglitazone": 0.0,
            "metformin-pioglitazone": 0.0,
            "change": 0.0,
            "diabetesMed": 0.0
        },
        "Inherent": {
            "number_inpatient": 38.93450042055508,
            "number_emergency": 9.55492770940128,
            "number_diagnoses": 6.460967809714154,
            "age": 5.839738540338833,
            "payer_code": 2.3553974092732144,
            "metformin": 1.88425580137541,
            "insulin": 1.2707233238127424,
            "diag_2": 0.9907275766439803,
            "glimepiride": 0.5944074831670656,
            "num_lab_procedures": 0.5857694005450818,
            "pioglitazone": 0.35277696983764506,
            "glyburide": 0.3213505777312968,
            "rosiglitazone": 0.22923392512213736,
            "glyburide-metformin": 0.05719335389587752,
            "glipizide": 0.04394023176418163,
            "tolazamide": 0.023359535535082576,
            "race": 0.02260125307783604,
            "nateglinide": 0.012734918621293967,
            "troglitazone": -0.0,
            "miglitol": -0.0,
            "glipizide-metformin": -0.0,
            "glimepiride-pioglitazone": -0.0,
            "metformin-rosiglitazone": -0.0,
            "acetohexamide": -0.0,
            "chlorpropamide": -0.0,
            "repaglinide": 0.0,
            "metformin-pioglitazone": -0.0,
            "acarbose": -0.0,
            "tolbutamide": -0.0,
            "medical_specialty": -0.032306355803534414,
            "diag_3": -0.16621379636920589,
            "num_medications": -0.19062734526315,
            "time_in_hospital": -0.5249209496329271,
            "number_outpatient": -0.5325940663094447,
            "gender": -0.7063819707467938,
            "num_procedures": -1.3511579261808435,
            "discharge_disposition_id": -1.3879126198149456,
            "change": -1.6785792073993,
            "admission_type_id": -2.814508879027593,
            "diag_1": -2.902764286383339,
            "admission_source_id": -3.3240573139356147,
            "diabetesMed": -14.853369042721107
        }
    },
    "DecisionTree": {
        "SHAP": {
            "number_inpatient": 49.28547146151503,
            "discharge_disposition_id": 33.30976246471745,
            "payer_code": 11.071287329733526,
            "diag_1": -2.9756034532145965,
            "number_diagnoses": 2.0146257393717146,
            "num_medications": -0.892095659844157,
            "medical_specialty": -0.2657006674860614,
            "admission_source_id": 0.1854532241174511,
            "gender": 0.0,
            "race": 0.0,
            "num_lab_procedures": 0.0,
            "time_in_hospital": 0.0,
            "admission_type_id": 0.0,
            "age": 0.0,
            "number_emergency": 0.0,
            "number_outpatient": 0.0,
            "diag_2": 0.0,
            "num_procedures": 0.0,
            "diag_3": 0.0,
            "metformin": 0.0,
            "repaglinide": 0.0,
            "nateglinide": 0.0,
            "chlorpropamide": 0.0,
            "glimepiride": 0.0,
            "acetohexamide": 0.0,
            "glipizide": 0.0,
            "glyburide": 0.0,
            "tolbutamide": 0.0,
            "pioglitazone": 0.0,
            "rosiglitazone": 0.0,
            "acarbose": 0.0,
            "miglitol": 0.0,
            "troglitazone": 0.0,
            "tolazamide": 0.0,
            "insulin": 0.0,
            "glyburide-metformin": 0.0,
            "glipizide-metformin": 0.0,
            "glimepiride-pioglitazone": 0.0,
            "metformin-rosiglitazone": 0.0,
            "metformin-pioglitazone": 0.0,
            "change": 0.0,
            "diabetesMed": 0.0
        },
        "Lime": {
            "race": 0.0,
            "gender": 0.0,
            "age": 0.0,
            "admission_type_id": 0.0,
            "discharge_disposition_id": 22.31229086615401,
            "admission_source_id": 0.0,
            "time_in_hospital": 0.0,
            "payer_code": 3.76752532302008,
            "medical_specialty": 0.0,
            "num_lab_procedures": 0.0,
            "num_procedures": 0.0,
            "num_medications": 0.0,
            "number_outpatient": 0.0,
            "number_emergency": 0.0,
            "number_inpatient": 40.434539915148285,
            "diag_1": -13.586402421172695,
            "diag_2": -5.921031209866736,
            "diag_3": 0.0,
            "number_diagnoses": 3.7340392040607115,
            "metformin": 0.0,