{
    "LogisticRegression": {
        "SHAP": {
            "number_inpatient": -17.750461926444135,
            "age": 9.154752656753942,
            "number_diagnoses": 8.636059497443675,
            "discharge_disposition_id": -7.7104100783258005,
            "time_in_hospital": -6.841921074207115,
            "diabetesMed": 6.828203581726608,
            "glyburide-metformin": -6.181231121306775,
            "rosiglitazone": -4.330787803881251,
            "num_medications": -3.9332717917800686,
            "change": 3.6177642480034446,
            "metformin": 3.553828766246557,
            "num_procedures": 3.2581429540085054,
            "insulin": -3.15374204234531,
            "diag_1": -2.9821983414718427,
            "number_emergency": -2.5008924009665487,
            "payer_code": 1.826449586190586,
            "glimepiride": 1.507362435238203,
            "gender": 1.503970348179076,
            "admission_type_id": 1.0267238719807033,
            "number_outpatient": -0.9293382970224467,
            "glyburide": 0.5318606799311928,
            "pioglitazone": 0.48672798375736637,
            "num_lab_procedures": 0.3481826771447721,
            "diag_2": 0.324387445352728,
            "admission_source_id": -0.27600408744136884,
            "acarbose": 0.20378053667599688,
            "race": -0.10350521507066544,
            "medical_specialty": 0.09637845902537741,
            "glipizide": 0.09196907103477633,
            "glipizide-metformin": -0.08501058470987197,
            "chlorpropamide": -0.05660344231027593,
            "tolazamide": 0.02836631671680453,
            "tolbutamide": -0.02490301644312177,
            "troglitazone": -0.02225445552177293,
            "diag_3": 0.018924775314893564,
            "repaglinide": 0.014724703910234622,
            "miglitol": -0.014689294794555855,
            "metformin-rosiglitazone": -0.014451287786166708,
            "acetohexamide": -0.008173914567567728,
            "nateglinide": 0.007480298666836612,
            "glimepiride-pioglitazone": -0.007334951696254318,
            "metformin-pioglitazone": -0.0067739786048117865
        },
        "Lime": {
            "race": 0.0,
            "gender": 0.0,
            "age": 0.0,
            "admission_type_id": 0.0,
            "discharge_disposition_id": -26.10904400302098,
            "admission_source_id": 0.0,
            "time_in_hospital": -13.941104078864289,
            "payer_code": 0.0,
            "medical_specialty": 0.0,
            "num_lab_procedures": 0.0,
            "num_procedures": 11.815740465955441,
            "num_medications": -10.460425974905831,
            "number_outpatient": 0.0,
            "number_emergency": -37.67368547725346,
            "number_inpatient": 0.0,
            "diag_1": 0.0,
            "diag_2": 0.0,
            "diag_3": 0.0,
            "number_diagnoses": 0.0,
            "metformin": 0.0,
            "repaglinide": 0.0,
            "nateglinide": 0.0,
            "chlorpropamide": 0.0,
            "glimepiride": 0.0,
            "acetohexamide": 0.0,
            "glipizide": 0.0,
            "glyburide": 0.0,
            "tolbutamide": 0.0,
            "pioglitazone": 0.0,
            "rosiglitazone": 0.0,
            "acarbose": 0.0,
            "miglitol": 0.0,
            "troglitazone": 0.0,
            "tolazamide": 0.0,
            "insulin": 0.0,
            "glyburide-metformin": 0.0,
            "glipizide-metformin": 0.0,
            "glimepiride-pioglitazone": 0.0,
            "metformin-rosiglitazone": 0.0,
            "metformin-pioglitazone": 0.0,
            "change": 0.0,
            "diabetesMed": 0.0
        },
        "Inherent": {
            "number_diagnoses": 10.651666338000876,
            "age": 9.627496725696501,
            "diabetesMed": 5.375311054654701,
            "change": 3.6683284647611205,
            "num_procedures": 3.1725611943399983,
            "metformin": 3.1064175960631015,
            "payer_code": 1.4612269316197624,
            "gender": 1.394905183615119,
            "admission_type_id": 1.0323826181775442,
            "glimepiride": 0.9799507389569507,
            "pioglitazone": 0.5815943810758346,
            "glyburide": 0.5297842726241699,
            "diag_2": 0.40628769953578014,
            "num_lab_procedures": 0.33186371988678254,
            "medical_specialty": 0.08184675288024923,
            "glipizide": 0.07244064687379972,
            "tolazamide": 0.03851094536584335,
            "nateglinide": 0.020995013129715443,
            "metformin-pioglitazone": -0.0,
            "troglitazone": -0.0,
            "glimepiride-pioglitazone": -0.0,
            "glipizide-metformin": -0.0,
            "chlorpropamide": -0.0,
            "acetohexamide": -0.0,
            "acarbose": -0.0,
            "repaglinide": 0.0,
            "metformin-rosiglitazone": -0.0,
            "tolbutamide": -0.0,
            "miglitol": -0.0,
            "diag_3": -0.032297248653070126,
            "race": -0.09463590684227982,
            "admission_source_id": -0.5139921569850207,
            "number_outpatient": -0.8780440415440339,
            "number_emergency": -2.3538104239061974,
            "insulin": -2.8343265990986617,
            "diag_1": -3.0606238134242814,
            "num_medications": -3.4054679767446667,
            "rosiglitazone": -4.346069906264096,
            "time_in_hospital": -5.607278964196835,
            "glyburide-metformin": -6.191708655073155,
            "discharge_disposition_id": -8.15515640026735,
            "number_inpatient": -19.993017629742496
        }
    },
    "DecisionTree": {
        "SHAP": {
            "discharge_disposition_id": -36.280575478238504,
            "number_inpatient": -36.24466840842809,
            "diag_1": -12.955490241867942,
            "number_diagnoses": 9.844643757591134,
            "payer_code": -2.1368634410744476,
            "num_medications": -1.597080362712409,
            "medical_specialty": 0.7179585635378993,
            "admission_source_id": 0.22271974654956933,
            "gender": 0.0,
            "race": 0.0,
            "num_lab_procedures": 0.0,
            "time_in_hospital": 0.0,
            "admission_type_id": 0.0,
            "age": 0.0,
            "number_emergency": 0.0,
            "number_outpatient": 0.0,
            "diag_2": 0.0,
            "num_procedures": 0.0,
            "diag_3": 0.0,
            "metformin": 0.0,
            "repaglinide": 0.0,
            "nateglinide": 0.0,
            "chlorpropamide": 0.0,
            "glimepiride": 0.0,
            "acetohexamide": 0.0,
            "glipizide": 0.0,
            "glyburide": 0.0,
            "tolbutamide": 0.0,
            "pioglitazone": 0.0,
            "rosiglitazone": 0.0,
            "acarbose": 0.0,
            "miglitol": 0.0,
            "troglitazone": 0.0,
            "tolazamide": 0.0,
            "insulin": 0.0,
            "glyburide-metformin": 0.0,
            "glipizide-metformin": 0.0,
            "glimepiride-pioglitazone": 0.0,
            "metformin-rosiglitazone": 0.0,
            "metformin-pioglitazone": 0.0,
            "change": 0.0,
            "diabetesMed": 0.0
        },
        "Lime": {
            "race": 0.0,
            "gender": 0.0,
            "age": 0.0,
            "admission_type_id": 0.0,
            "discharge_disposition_id": -17.43251227753225,
            "admission_source_id": 0.0,
            "time_in_hospital": 0.0,
            "payer_code": -3.195112280452512,
            "medical_specialty": 2.8540577341493205,
            "num_lab_procedures": 0.0,
            "num_procedures": 0.0,
            "num_medications": -4.03081261206922,
            "number_outpatient": 0.0,
            "number_emergency": -3.201983600094349,
            "number_inpatient": -29.699167471873977,
            "diag_1": -5.6612633278075455,
            "diag_2": 0.0,
            "diag_3": -3.1382697935794694,