{
    "LogisticRegression": {
        "SHAP": {
            "number_inpatient": -16.588144258207034,
            "number_diagnoses": -11.97849682172291,
            "metformin": -11.082570150473531,
            "time_in_hospital": -8.647567611008283,
            "pioglitazone": -7.4426495975321245,
            "discharge_disposition_id": -7.2055248589704535,
            "diabetesMed": 6.381086109615246,
            "glyburide": -5.427414828199809,
            "payer_code": 4.0089729403756555,
            "change": 3.38086949436853,
            "num_procedures": 3.044796555656779,
            "number_emergency": -2.337131512035945,
            "insulin": 1.738202450128047,
            "num_medications": -1.7168584419251465,
            "glimepiride": 1.4086588635692237,
            "gender": 1.4054888936999121,
            "diag_1": 1.327261458838751,
            "age": -1.0021677474067487,
            "admission_type_id": 0.9594929851593234,
            "diag_3": -0.5248237375115468,
            "num_lab_procedures": 0.4544888706015579,
            "rosiglitazone": 0.44311022298426433,
            "diag_2": 0.31492751863687557,
            "admission_source_id": -0.2579310689098998,
            "glyburide-metformin": 0.19857951926421846,
            "acarbose": 0.19043678713286608,
            "number_outpatient": 0.13707112420332965,
            "glipizide": 0.08594684599984241,
            "glipizide-metformin": -0.07944400818893943,
            "chlorpropamide": -0.05289699335402317,
            "race": 0.028644783192377954,
            "tolazamide": 0.026508862457902536,
            "tolbutamide": -0.023272342485216608,
            "troglitazone": -0.02079721193244313,
            "repaglinide": 0.013760515846546629,
            "miglitol": -0.013727425354514988,
            "metformin-rosiglitazone": -0.01350500327862852,
            "medical_specialty": 0.008957356085994806,
            "acetohexamide": -0.007638678619347657,
            "nateglinide": 0.006990481368549752,
            "glimepiride-pioglitazone": -0.006854651860252812,
            "metformin-pioglitazone": -0.006330411837408224
        },
        "Lime": {
            "race": 0.0,
            "gender": 0.0,
            "age": 0.0,
            "admission_type_id": 0.0,
            "discharge_disposition_id": -20.480225195035125,
            "admission_source_id": 0.0,
            "time_in_hospital": -16.7481258268357,
            "payer_code": 0.0,
            "medical_specialty": 0.0,
            "num_lab_procedures": 0.0,
            "num_procedures": 0.0,
            "num_medications": 0.0,
            "number_outpatient": 0.0,
            "number_emergency": -33.49257670388983,
            "number_inpatient": 0.0,
            "diag_1": 0.0,
            "diag_2": 0.0,
            "diag_3": 0.0,
            "number_diagnoses": -29.279072274239347,
            "metformin": 0.0,
            "repaglinide": 0.0,
            "nateglinide": 0.0,
            "chlorpropamide": 0.0,
            "glimepiride": 0.0,
            "acetohexamide": 0.0,
            "glipizide": 0.0,
            "glyburide": 0.0,
            "tolbutamide": 0.0,
            "pioglitazone": 0.0,
            "rosiglitazone": 0.0,
            "acarbose": 0.0,
            "miglitol": 0.0,
            "troglitazone": 0.0,
            "tolazamide": 0.0,
            "insulin": 0.0,
            "glyburide-metformin": 0.0,
            "glipizide-metformin": 0.0,
            "glimepiride-pioglitazone": 0.0,
            "metformin-rosiglitazone": 0.0,
            "metformin-pioglitazone": 0.0,
            "change": 0.0,
            "diabetesMed": 0.0
        },
        "Inherent": {
            "diabetesMed": 5.276794110777726,
            "payer_code": 3.8119809184471207,
            "change": 3.601096539797032,
            "num_procedures": 3.114415529847074,
            "insulin": 2.0565417300405966,
            "gender": 1.3693398173896774,
            "diag_1": 1.244426876486958,
            "admission_type_id": 1.0134614470266228,
            "glimepiride": 0.9619905221489539,
            "num_lab_procedures": 0.45911625826076535,
            "diag_2": 0.4110086089429481,
            "rosiglitazone": 0.3709927441484092,
            "number_outpatient": 0.17654429078744405,
            "glyburide-metformin": 0.09256186359666203,
            "glipizide": 0.07111297837798347,
            "tolazamide": 0.037805129348001815,
            "race": 0.03657792316766178,
            "nateglinide": 0.02061022339212334,
            "glimepiride-pioglitazone": -0.0,
            "glipizide-metformin": -0.0,
            "troglitazone": -0.0,
            "miglitol": -0.0,
            "metformin-pioglitazone": -0.0,
            "acetohexamide": -0.0,
            "chlorpropamide": -0.0,
            "repaglinide": 0.0,
            "acarbose": -0.0,
            "metformin-rosiglitazone": -0.0,
            "tolbutamide": -0.0,
            "medical_specialty": -0.003420493418824414,
            "age": -0.4194981747211586,
            "admission_source_id": -0.5045718767504378,
            "diag_3": -0.5919863537359298,
            "num_medications": -1.3200257316510096,
            "number_emergency": -2.310670555892755,
            "glyburide": -5.598449671595684,
            "pioglitazone": -7.58528073886017,
            "time_in_hospital": -7.831999209148008,
            "discharge_disposition_id": -8.005691359598238,
            "number_diagnoses": -10.24938774107239,
            "metformin": -11.826048443439555,
            "number_inpatient": -19.62659213813209
        }
    },
    "DecisionTree": {
        "SHAP": {
            "discharge_disposition_id": -36.04403929099751,
            "number_inpatient": -29.648163990251586,
            "number_diagnoses": -20.16885656350732,
            "diag_1": 7.992739781952742,
            "payer_code": 4.446178116383503,
            "num_medications": -1.2461436774450434,
            "medical_specialty": -0.28009846765030516,
            "admission_source_id": 0.17378011181199773,
            "gender": 0.0,
            "race": 0.0,
            "num_lab_procedures": 0.0,
            "time_in_hospital": 0.0,
            "admission_type_id": 0.0,
            "age": 0.0,
            "number_emergency": 0.0,
            "number_outpatient": 0.0,
            "diag_2": 0.0,
            "num_procedures": 0.0,
            "diag_3": 0.0,
            "metformin": 0.0,
            "repaglinide": 0.0,
            "nateglinide": 0.0,
            "chlorpropamide": 0.0,
            "glimepiride": 0.0,
            "acetohexamide": 0.0,
            "glipizide": 0.0,
            "glyburide": 0.0,
            "tolbutamide": 0.0,
            "pioglitazone": 0.0,
            "rosiglitazone": 0.0,
            "acarbose": 0.0,
            "miglitol": 0.0,
            "troglitazone": 0.0,
            "tolazamide": 0.0,
            "insulin": 0.0,
            "glyburide-metformin": 0.0,
            "glipizide-metformin": 0.0,
            "glimepiride-pioglitazone": 0.0,
            "metformin-rosiglitazone": 0.0,
            "metformin-pioglitazone": 0.0,
            "change": 0.0,
            "diabetesMed": 0.0
        },
        "Lime": {
            "race": 0.0,
            "gender": 0.0,
            "age": 0.0,
            "admission_type_id": 0.0,
            "discharge_disposition_id": -21.343637131903357,
            "admission_source_id": 0.0,
            "time_in_hospital": 0.0,
            "payer_code": 5.4250414427708575,
            "medical_specialty": -3.705465903413472,
            "num_lab_procedures": 0.0,
            "num_procedures": 0.0,
            "num_medications": 0.0,
            "number_outpatient": 0.0,
            "number_emergency": 0.0,
            "number_inpatient": -39.283623443963506,
            "diag_1": 3.5503020367844056,
            "diag_2": -4.9099303640013625,
            "diag_3": 0.0,
            "number_diagnoses": -7.06914822802251,
            "metformin": 0.0,