{
    "LogisticRegression": {
        "SHAP": {
            "discharge_disposition_id": 31.097375050580816,
            "number_diagnoses": -13.144367193316276,
            "number_inpatient": -12.832895060785491,
            "metformin": -8.573681150286355,
            "diabetesMed": 4.9365261806192775,
            "age": -4.472208677646183,
            "num_medications": 3.5968871899214494,
            "payer_code": 3.1014155799806242,
            "change": 2.6155031424914643,
            "insulin": -2.280033096936546,
            "diag_1": -1.8506520384190837,
            "number_emergency": -1.80804814392505,
            "num_procedures": -1.6154607524648317,
            "admission_source_id": 1.2611925662812726,
            "glimepiride": 1.0897645385309123,
            "gender": 1.0873121912372357,
            "admission_type_id": -0.9262097547180843,
            "num_lab_procedures": -0.7803545486239509,
            "diag_3": -0.4060133456798667,
            "glyburide": 0.3845146295796877,
            "pioglitazone": 0.351885441888173,
            "rosiglitazone": 0.34279826021557325,
            "diag_2": 0.3256617054840648,
            "time_in_hospital": 0.2839809294673026,
            "glyburide-metformin": 0.15362478721380435,
            "acarbose": 0.14732541910347263,
            "number_outpatient": 0.10604075569784989,
            "medical_specialty": -0.0767348358394655,
            "race": -0.07483025336186101,
            "glipizide": 0.06649006895245575,
            "glipizide-metformin": -0.061459353404914104,
            "chlorpropamide": -0.04092209195777869,
            "tolazamide": 0.020507746062960092,
            "tolbutamide": -0.018003914379011127,
            "troglitazone": -0.01608910762600311,
            "repaglinide": 0.010645389447565337,
            "miglitol": -0.010619790031190493,
            "metformin-rosiglitazone": -0.010447720201399802,
            "acetohexamide": -0.005909422995080081,
            "nateglinide": 0.0054079656187334966,
            "glimepiride-pioglitazone": -0.005302885400054405,
            "metformin-pioglitazone": -0.004897323626831946
        },
        "Lime": {
            "race": 0.0,
            "gender": 0.0,
            "age": 0.0,
            "admission_type_id": 0.0,
            "discharge_disposition_id": 31.13924383849135,
            "admission_source_id": 0.0,
            "time_in_hospital": 0.0,
            "payer_code": 0.0,
            "medical_specialty": 0.0,
            "num_lab_procedures": 0.0,
            "num_procedures": -6.451042698600383,
            "num_medications": 8.08953099209424,
            "number_outpatient": 0.0,
            "number_emergency": -19.489937258705563,
            "number_inpatient": -8.788937306802213,
            "diag_1": 0.0,
            "diag_2": 0.0,
            "diag_3": 0.0,
            "number_diagnoses": -26.04130790530626,
            "metformin": 0.0,
            "repaglinide": 0.0,
            "nateglinide": 0.0,
            "chlorpropamide": 0.0,
            "glimepiride": 0.0,
            "acetohexamide": 0.0,
            "glipizide": 0.0,
            "glyburide": 0.0,
            "tolbutamide": 0.0,
            "pioglitazone": 0.0,
            "rosiglitazone": 0.0,
            "acarbose": 0.0,
            "miglitol": 0.0,
            "troglitazone": 0.0,
            "tolazamide": 0.0,
            "insulin": 0.0,
            "glyburide-metformin": 0.0,
            "glipizide-metformin": 0.0,
            "glimepiride-pioglitazone": 0.0,
            "metformin-rosiglitazone": 0.0,
            "metformin-pioglitazone": 0.0,
            "change": 0.0,
            "diabetesMed": 0.0
        },
        "Inherent": {
            "discharge_disposition_id": 31.091863288756873,
            "diabetesMed": 4.00648254809067,
            "num_medications": 3.989794647814719,
            "payer_code": 2.89430186260613,
            "change": 2.7341848360576004,
            "time_in_hospital": 1.122159001996409,
            "admission_source_id": 1.097489805032434,
            "gender": 1.039691139279416,
            "glimepiride": 0.730405272122766,
            "pioglitazone": 0.4334907718187129,
            "diag_2": 0.39520748358412217,
            "glyburide": 0.3948741609443467,
            "rosiglitazone": 0.2816816278397106,
            "number_outpatient": 0.13404381621792888,
            "glyburide-metformin": 0.07027893894160629,
            "glipizide": 0.053993561399754475,
            "tolazamide": 0.028704093391044915,
            "nateglinide": 0.015648611372601366,
            "troglitazone": -0.0,
            "miglitol": -0.0,
            "acarbose": -0.0,
            "glipizide-metformin": -0.0,
            "metformin-pioglitazone": -0.0,
            "acetohexamide": -0.0,
            "repaglinide": 0.0,
            "chlorpropamide": -0.0,
            "metformin-rosiglitazone": -0.0,
            "glimepiride-pioglitazone": -0.0,
            "tolbutamide": -0.0,
            "race": -0.07053677551515851,
            "medical_specialty": -0.0873989954275411,
            "diag_3": -0.44947423476434717,
            "num_lab_procedures": -0.7987552299663195,
            "admission_type_id": -0.9216912065121072,
            "num_procedures": -1.6602968514034886,
            "number_emergency": -1.7544101706873,
            "diag_1": -1.9717194012923485,
            "insulin": -2.112562406048041,
            "age": -4.065687495656607,
            "metformin": -8.979098995873485,
            "number_diagnoses": -11.712297708984277,
            "number_inpatient": -14.901775060602137
        }
    },
    "DecisionTree": {
        "SHAP": {
            "number_inpatient": -47.0789622127448,
            "discharge_disposition_id": -18.290860947867923,
            "number_diagnoses": -13.62250246405764,
            "diag_1": -9.990652584753262,
            "payer_code": 8.378037102174591,
            "num_medications": 1.7837306974279414,
            "medical_specialty": -0.527796074023521,
            "admission_source_id": 0.3274579169503035,
            "gender": 0.0,
            "race": 0.0,
            "num_lab_procedures": 0.0,
            "time_in_hospital": 0.0,
            "admission_type_id": 0.0,
            "age": 0.0,
            "number_emergency": 0.0,
            "number_outpatient": 0.0,
            "diag_2": 0.0,
            "num_procedures": 0.0,
            "diag_3": 0.0,
            "metformin": 0.0,
            "repaglinide": 0.0,
            "nateglinide": 0.0,
            "chlorpropamide": 0.0,
            "glimepiride": 0.0,
            "acetohexamide": 0.0,
            "glipizide": 0.0,
            "glyburide": 0.0,
            "tolbutamide": 0.0,
            "pioglitazone": 0.0,
            "rosiglitazone": 0.0,
            "acarbose": 0.0,
            "miglitol": 0.0,
            "troglitazone": 0.0,
            "tolazamide": 0.0,
            "insulin": 0.0,
            "glyburide-metformin": 0.0,
            "glipizide-metformin": 0.0,
            "glimepiride-pioglitazone": 0.0,
            "metformin-rosiglitazone": 0.0,
            "metformin-pioglitazone": 0.0,
            "change": 0.0,
            "diabetesMed": 0.0
        },
        "Lime": {
            "race": 0.0,
            "gender": 2.578762724304894,
            "age": 0.0,
            "admission_type_id": 0.0,
            "discharge_disposition_id": 0.0,
            "admission_source_id": 0.0,
            "time_in_hospital": -3.4224722879210474,
            "payer_code": 3.632733002060536,
            "medical_specialty": 0.0,
            "num_lab_procedures": 0.0,
            "num_procedures": 0.0,
            "num_medications": 0.0,
            "number_outpatient": 0.0,
            "number_emergency": 0.0,
            "number_inpatient": -38.019768935975016,
            "diag_1": 0.0,
            "diag_2": 0.0,
            "diag_3": 0.0,
            "number_diagnoses": -4.962900408547071,
            "metformin": 0.0,