{
    "LogisticRegression": {
        "SHAP": {
            "number_inpatient": 48.18098217428087,
            "age": 10.128601992052303,
            "number_diagnoses": -9.098938702177499,
            "insulin": 4.87943341519864,
            "diabetesMed": 4.8471116392010085,
            "time_in_hospital": -3.144953741106383,
            "change": 2.5681289353046246,
            "metformin": 2.5227432911783887,
            "num_medications": -2.4201068484918915,
            "num_procedures": 2.3128458965135312,
            "number_emergency": -1.7752992452590388,
            "payer_code": -1.6179734799757115,
            "discharge_disposition_id": -1.2371869664925423,
            "glimepiride": 1.070025800620601,
            "gender": -0.7803925415372165,
            "admission_type_id": 0.7288366801835714,
            "num_lab_procedures": 0.4759916274042388,
            "glyburide": 0.3775499750808493,
            "pioglitazone": 0.34551179486048744,
            "rosiglitazone": 0.33658920791549796,
            "admission_source_id": -0.19592600142801023,
            "glyburide-metformin": 0.15084220500991974,
            "acarbose": 0.14465693638781146,
            "diag_2": 0.12288212317387763,
            "number_outpatient": 0.1041200557571518,
            "medical_specialty": 0.06841582048906003,
            "glipizide": 0.06528574453347594,
            "glipizide-metformin": -0.060346149564906436,
            "diag_3": 0.04252300255583113,
            "chlorpropamide": -0.04018087638382988,
            "diag_1": 0.027980244935416055,
            "race": 0.021758750725044892,
            "tolazamide": 0.020136292404526974,
            "tolbutamide": -0.01767781223976731,
            "troglitazone": -0.01579768808773424,
            "repaglinide": 0.010452571141565078,
            "miglitol": -0.010427435403491935,
            "metformin-rosiglitazone": -0.010258482248131747,
            "acetohexamide": -0.005802386522909406,
            "nateglinide": 0.005310011967094164,
            "glimepiride-pioglitazone": -0.005206835050296101,
            "metformin-pioglitazone": -0.004808619155256531
        },
        "Lime": {
            "race": 0.0,
            "gender": 0.0,
            "age": 0.0,
            "admission_type_id": 0.0,
            "discharge_disposition_id": -7.211862005467777,
            "admission_source_id": 0.0,
            "time_in_hospital": 0.0,
            "payer_code": 0.0,
            "medical_specialty": 0.0,
            "num_lab_procedures": 4.849694118617674,
            "num_procedures": 0.0,
            "num_medications": 0.0,
            "number_outpatient": 0.0,
            "number_emergency": -14.774977723798818,
            "number_inpatient": 57.625763422162294,
            "diag_1": 0.0,
            "diag_2": 0.0,
            "diag_3": 0.0,
            "number_diagnoses": -15.537702729953434,
            "metformin": 0.0,
            "repaglinide": 0.0,
            "nateglinide": 0.0,
            "chlorpropamide": 0.0,
            "glimepiride": 0.0,
            "acetohexamide": 0.0,
            "glipizide": 0.0,
            "glyburide": 0.0,
            "tolbutamide": 0.0,
            "pioglitazone": 0.0,
            "rosiglitazone": 0.0,
            "acarbose": 0.0,
            "miglitol": 0.0,
            "troglitazone": 0.0,
            "tolazamide": 0.0,
            "insulin": 0.0,
            "glyburide-metformin": 0.0,
            "glipizide-metformin": 0.0,
            "glimepiride-pioglitazone": 0.0,
            "metformin-rosiglitazone": 0.0,
            "metformin-pioglitazone": 0.0,
            "change": 0.0,
            "diabetesMed": 0.0
        },
        "Inherent": {
            "number_inpatient": 48.74402400180052,
            "age": 11.128841480162231,
            "insulin": 5.334131379038251,
            "diabetesMed": 4.081975527848347,
            "change": 2.7857042818569115,
            "num_procedures": 2.4092219081318076,
            "metformin": 2.358992898732189,
            "admission_type_id": 0.7839845061854654,
            "glimepiride": 0.7441680852041663,
            "num_lab_procedures": 0.49268437428099615,
            "pioglitazone": 0.4416589117442557,
            "glyburide": 0.4023146593569026,
            "rosiglitazone": 0.28698927243153516,
            "diag_2": 0.19558568440531943,
            "number_outpatient": 0.13656956467256884,
            "glyburide-metformin": 0.07160318444903727,
            "medical_specialty": 0.06215388075109082,
            "glipizide": 0.05501094629757191,
            "tolazamide": 0.02924495623403054,
            "race": 0.02829562497520037,
            "nateglinide": 0.015943473583382876,
            "diag_3": 0.006067841222904919,
            "repaglinide": 0.0,
            "troglitazone": -0.0,
            "acarbose": -0.0,
            "miglitol": -0.0,
            "glimepiride-pioglitazone": -0.0,
            "glipizide-metformin": -0.0,
            "metformin-pioglitazone": -0.0,
            "metformin-rosiglitazone": -0.0,
            "chlorpropamide": -0.0,
            "acetohexamide": -0.0,
            "tolbutamide": -0.0,
            "diag_1": -0.06828442303283863,
            "admission_source_id": -0.3903222315854646,
            "gender": -0.8843544764823251,
            "discharge_disposition_id": -1.7375963559800836,
            "number_emergency": -1.787468008806544,
            "payer_code": -1.9556744960724262,
            "num_medications": -2.1948507750676494,
            "time_in_hospital": -2.457652440162707,
            "number_diagnoses": -7.928630349445269
        }
    },
    "DecisionTree": {
        "SHAP": {
            "number_inpatient": 66.54169748097716,
            "discharge_disposition_id": 23.557225658085628,
            "payer_code": -4.682267048829708,
            "number_diagnoses": -3.3242334758554435,
            "num_medications": -0.7922983824030428,
            "medical_specialty": 0.4719543397159687,
            "diag_1": -0.46561673784875884,
            "admission_source_id": 0.1647068762842697,
            "gender": 0.0,
            "race": 0.0,
            "num_lab_procedures": 0.0,
            "time_in_hospital": 0.0,
            "admission_type_id": 0.0,
            "age": 0.0,
            "number_emergency": 0.0,
            "number_outpatient": 0.0,
            "diag_2": 0.0,
            "num_procedures": 0.0,
            "diag_3": 0.0,
            "metformin": 0.0,
            "repaglinide": 0.0,
            "nateglinide": 0.0,
            "chlorpropamide": 0.0,
            "glimepiride": 0.0,
            "acetohexamide": 0.0,
            "glipizide": 0.0,
            "glyburide": 0.0,
            "tolbutamide": 0.0,
            "pioglitazone": 0.0,
            "rosiglitazone": 0.0,
            "acarbose": 0.0,
            "miglitol": 0.0,
            "troglitazone": 0.0,
            "tolazamide": 0.0,
            "insulin": 0.0,
            "glyburide-metformin": 0.0,
            "glipizide-metformin": 0.0,
            "glimepiride-pioglitazone": 0.0,
            "metformin-rosiglitazone": 0.0,
            "metformin-pioglitazone": 0.0,
            "change": 0.0,
            "diabetesMed": 0.0
        },
        "Lime": {
            "race": 0.0,
            "gender": 1.3793329655867095,
            "age": 2.767970505481089,
            "admission_type_id": 0.0,
            "discharge_disposition_id": 19.02772888221905,
            "admission_source_id": 0.0,
            "time_in_hospital": 0.0,
            "payer_code": -2.619078520029444,
            "medical_specialty": 0.0,
            "num_lab_procedures": 0.0,
            "num_procedures": 0.0,
            "num_medications": 0.0,
            "number_outpatient": 0.0,
            "number_emergency": 0.0,
            "number_inpatient": 30.906726333454266,
            "diag_1": -4.6599755384220085,
            "diag_2": -1.5754105326822236,
            "diag_3": 0.0,