{
    "LogisticRegression": {
        "SHAP": {
            "number_inpatient": 26.22928960184574,
            "time_in_hospital": 18.078783143223486,
            "number_diagnoses": 9.038499331501702,
            "diabetesMed": 7.146397442845546,
            "num_procedures": -5.212936079983374,
            "payer_code": 4.489786452868451,
            "age": 4.229500743863606,
            "metformin": 3.719436965145864,
            "insulin": -3.3007062248592165,
            "change": -3.0646444398159005,
            "number_emergency": -2.617433830902259,
            "discharge_disposition_id": -1.8240615095718227,
            "num_lab_procedures": 1.6657154830908183,
            "glimepiride": 1.5776054307249905,
            "num_medications": 1.3679212149143796,
            "diag_1": 1.2654162148807488,
            "gender": -1.1505811457184851,
            "diag_2": -0.6764542766185633,
            "glyburide": 0.5566453544504982,
            "pioglitazone": 0.5094094774493324,
            "rosiglitazone": 0.49625435388841704,
            "admission_source_id": -0.28886586070521914,
            "diag_3": 0.23781880037297737,
            "glyburide-metformin": 0.2223960222904556,
            "acarbose": 0.21327669697785898,
            "number_outpatient": 0.1535106586351494,
            "admission_type_id": -0.13313251871225973,
            "medical_specialty": 0.10086968920604282,
            "glipizide": 0.09625482401003804,
            "glipizide-metformin": -0.08897207265630674,
            "chlorpropamide": -0.05924115919228715,
            "race": 0.03208027627905149,
            "tolazamide": 0.029688185306955786,
            "tolbutamide": -0.026063495456482063,
            "troglitazone": -0.023291511761355934,
            "repaglinide": 0.015410874194256229,
            "miglitol": -0.015373815015994852,
            "metformin-rosiglitazone": -0.015124716895856288,
            "acetohexamide": -0.008554818476711726,
            "nateglinide": 0.007828880118258674,
            "glimepiride-pioglitazone": -0.007676759987910715,
            "metformin-pioglitazone": -0.007089645585387826
        },
        "Lime": {
            "race": 0.0,
            "gender": 0.0,
            "age": 0.0,
            "admission_type_id": 0.0,
            "discharge_disposition_id": -8.363962418501222,
            "admission_source_id": 0.0,
            "time_in_hospital": 6.326053022932514,
            "payer_code": 0.0,
            "medical_specialty": 0.0,
            "num_lab_procedures": 0.0,
            "num_procedures": -6.097156791741989,
            "num_medications": 0.0,
            "number_outpatient": 0.0,
            "number_emergency": -18.05699046989817,
            "number_inpatient": 61.155837296926094,
            "diag_1": 0.0,
            "diag_2": 0.0,
            "diag_3": 0.0,
            "number_diagnoses": 0.0,
            "metformin": 0.0,
            "repaglinide": 0.0,
            "nateglinide": 0.0,
            "chlorpropamide": 0.0,
            "glimepiride": 0.0,
            "acetohexamide": 0.0,
            "glipizide": 0.0,
            "glyburide": 0.0,
            "tolbutamide": 0.0,
            "pioglitazone": 0.0,
            "rosiglitazone": 0.0,
            "acarbose": 0.0,
            "miglitol": 0.0,
            "troglitazone": 0.0,
            "tolazamide": 0.0,
            "insulin": 0.0,
            "glyburide-metformin": 0.0,
            "glipizide-metformin": 0.0,
            "glimepiride-pioglitazone": 0.0,
            "metformin-rosiglitazone": 0.0,
            "metformin-pioglitazone": 0.0,
            "change": 0.0,
            "diabetesMed": 0.0
        },
        "Inherent": {
            "number_inpatient": 23.800719894677393,
            "time_in_hospital": 19.497373432499458,
            "number_diagnoses": 11.472646293031938,
            "diabetesMed": 5.789614553083345,
            "age": 4.954635908779527,
            "payer_code": 4.18244482126756,
            "metformin": 3.3458455407054446,
            "num_medications": 1.8811398777247628,
            "num_lab_procedures": 1.6740778731975725,
            "diag_1": 1.1417323893632256,
            "glimepiride": 1.0554806971881177,
            "pioglitazone": 0.6264209193535601,
            "glyburide": 0.5706175333097262,
            "rosiglitazone": 0.4070473369849528,
            "number_outpatient": 0.19370158731778092,
            "diag_3": 0.18579353825941805,
            "glyburide-metformin": 0.10155740422867589,
            "medical_specialty": 0.08815511265860074,
            "glipizide": 0.07802402858382379,
            "tolazamide": 0.041479186502148754,
            "race": 0.040132715403945675,
            "nateglinide": 0.02261320923050931,
            "troglitazone": -0.0,
            "miglitol": -0.0,
            "glimepiride-pioglitazone": -0.0,
            "acetohexamide": -0.0,
            "metformin-pioglitazone": -0.0,
            "metformin-rosiglitazone": -0.0,
            "glipizide-metformin": -0.0,
            "acarbose": -0.0,
            "repaglinide": 0.0,
            "chlorpropamide": -0.0,
            "tolbutamide": -0.0,
            "admission_type_id": -0.10997345048683935,
            "admission_source_id": -0.55360823624789,
            "diag_2": -0.5903227407515358,
            "gender": -1.2543121614022308,
            "discharge_disposition_id": -2.4644961934080043,
            "number_emergency": -2.5352309748932313,
            "change": -2.980628613003734,
            "insulin": -3.052783059339988,
            "num_procedures": -5.307390717115072
        }
    },
    "DecisionTree": {
        "SHAP": {
            "discharge_disposition_id": 47.76776138058669,
            "payer_code": 29.897875683426207,
            "number_inpatient": 9.279237959508842,
            "num_medications": 6.154515614626628,
            "diag_1": 2.650550734292413,
            "number_diagnoses": 1.8097900519876542,
            "admission_source_id": 1.5110776697049677,
            "medical_specialty": 0.7793767667048028,
            "number_emergency": -0.14981413916179542,
            "gender": 0.0,
            "num_lab_procedures": 0.0,
            "time_in_hospital": 0.0,
            "admission_type_id": 0.0,
            "age": 0.0,
            "race": 0.0,
            "number_outpatient": 0.0,
            "diag_2": 0.0,
            "num_procedures": 0.0,
            "diag_3": 0.0,
            "metformin": 0.0,
            "repaglinide": 0.0,
            "nateglinide": 0.0,
            "chlorpropamide": 0.0,
            "glimepiride": 0.0,
            "acetohexamide": 0.0,
            "glipizide": 0.0,
            "glyburide": 0.0,
            "tolbutamide": 0.0,
            "pioglitazone": 0.0,
            "rosiglitazone": 0.0,
            "acarbose": 0.0,
            "miglitol": 0.0,
            "troglitazone": 0.0,
            "tolazamide": 0.0,
            "insulin": 0.0,
            "glyburide-metformin": 0.0,
            "glipizide-metformin": 0.0,
            "glimepiride-pioglitazone": 0.0,
            "metformin-rosiglitazone": 0.0,
            "metformin-pioglitazone": 0.0,
            "change": 0.0,
            "diabetesMed": 0.0
        },
        "Lime": {
            "race": 0.0,
            "gender": 0.0,
            "age": 0.0,
            "admission_type_id": 0.0,
            "discharge_disposition_id": 31.30744854076478,
            "admission_source_id": 0.0,
            "time_in_hospital": 0.0,
            "payer_code": 5.848406623504577,
            "medical_specialty": 0.0,
            "num_lab_procedures": 0.0,
            "num_procedures": 3.3613725373347605,
            "num_medications": 0.0,
            "number_outpatient": 0.0,
            "number_emergency": -5.629378756035764,
            "number_inpatient": 8.811417180774045,
            "diag_1": 0.0,
            "diag_2": 9.445226119822541,
            "diag_3": 5.781820356726354,
            "number_diagnoses": 0.0,