{
    "LogisticRegression": {
        "SHAP": {
            "diabetesMed": -24.217063310539377,
            "number_inpatient": -18.256033901101354,
            "num_medications": 9.428552594782348,
            "number_diagnoses": 8.882033358376006,
            "discharge_disposition_id": -7.930019419472506,
            "age": 4.1562836172751245,
            "metformin": 3.6550495814788744,
            "diag_1": -3.5850839971092334,
            "change": -3.0115922065885536,
            "number_emergency": -2.5721232858190857,
            "payer_code": -2.3441835368301716,
            "time_in_hospital": -2.076271098207677,
            "insulin": 1.9129736492866114,
            "glimepiride": 1.5502954138877423,
            "gender": -1.130663370430559,
            "admission_type_id": 1.0559672132264697,
            "glyburide": 0.5470092352369426,
            "num_procedures": 0.5263964442195792,
            "pioglitazone": 0.5005910611741033,
            "rosiglitazone": 0.48766366670117645,
            "diag_2": 0.4503194056796047,
            "admission_source_id": -0.2838652874529197,
            "num_lab_procedures": -0.2576094517177393,
            "glyburide-metformin": 0.2185461121703451,
            "acarbose": 0.2095846520140043,
            "number_outpatient": 0.15085322694128386,
            "medical_specialty": -0.11660151734039423,
            "glipizide": 0.09458855130763458,
            "glipizide-metformin": -0.08743187207448448,
            "diag_3": 0.06160899653896864,
            "chlorpropamide": -0.058215632134957,
            "race": 0.03152493280199345,
            "tolazamide": 0.02917425145200721,
            "tolbutamide": -0.025612308812539692,
            "troglitazone": -0.022888311083937324,
            "repaglinide": 0.015144095679473581,
            "miglitol": -0.015107678034743076,
            "metformin-rosiglitazone": -0.014862892066250683,
            "acetohexamide": -0.008406725530219247,
            "nateglinide": 0.007693353931746889,
            "glimepiride-pioglitazone": -0.007543867161578971,
            "metformin-pioglitazone": -0.006966916329684082
        },
        "Lime": {
            "race": -31.426995779822565,
            "gender": 0.0,
            "age": 0.0,
            "admission_type_id": 0.0,
            "discharge_disposition_id": -17.73030184360781,
            "admission_source_id": 8.115469351169333,
            "time_in_hospital": 0.0,
            "payer_code": 0.0,
            "medical_specialty": 0.0,
            "num_lab_procedures": 0.0,
            "num_procedures": 0.0,
            "num_medications": 13.997353370519741,
            "number_outpatient": 0.0,
            "number_emergency": -21.0915805540362,
            "number_inpatient": -7.638299100844352,
            "diag_1": 0.0,
            "diag_2": 0.0,
            "diag_3": 0.0,
            "number_diagnoses": 0.0,
            "metformin": 0.0,
            "repaglinide": 0.0,
            "nateglinide": 0.0,
            "chlorpropamide": 0.0,
            "glimepiride": 0.0,
            "acetohexamide": 0.0,
            "glipizide": 0.0,
            "glyburide": 0.0,
            "tolbutamide": 0.0,
            "pioglitazone": 0.0,
            "rosiglitazone": 0.0,
            "acarbose": 0.0,
            "miglitol": 0.0,
            "troglitazone": 0.0,
            "tolazamide": 0.0,
            "insulin": 0.0,
            "glyburide-metformin": 0.0,
            "glipizide-metformin": 0.0,
            "glimepiride-pioglitazone": 0.0,
            "metformin-rosiglitazone": 0.0,
            "metformin-pioglitazone": 0.0,
            "change": 0.0,
            "diabetesMed": 0.0
        },
        "Inherent": {
            "number_diagnoses": 10.475278859291622,
            "num_medications": 9.317622469380686,
            "age": 4.523907690089617,
            "metformin": 3.0549765210049364,
            "insulin": 2.0602457034271024,
            "admission_type_id": 1.0152867609374485,
            "glimepiride": 0.9637231333768527,
            "pioglitazone": 0.5719634028556994,
            "glyburide": 0.5210112497803534,
            "diag_2": 0.5092619161764862,
            "num_procedures": 0.4646845457014406,
            "rosiglitazone": 0.3716609276483305,
            "number_outpatient": 0.17686225922205656,
            "glyburide-metformin": 0.09272857389208632,
            "glipizide": 0.07124105775293595,
            "tolazamide": 0.037873218991373976,
            "race": 0.03664380252812776,
            "nateglinide": 0.020647343824847484,
            "diag_3": 0.00785806200566477,
            "troglitazone": -0.0,
            "glipizide-metformin": -0.0,
            "miglitol": -0.0,
            "repaglinide": 0.0,
            "chlorpropamide": -0.0,
            "tolbutamide": -0.0,
            "acetohexamide": -0.0,
            "metformin-rosiglitazone": -0.0,
            "metformin-pioglitazone": -0.0,
            "glimepiride-pioglitazone": -0.0,
            "acarbose": -0.0,
            "medical_specialty": -0.12231056697224701,
            "num_lab_procedures": -0.2524566996576519,
            "admission_source_id": -0.5054806454740495,
            "time_in_hospital": -0.8510634147134618,
            "gender": -1.1452693068093174,
            "number_emergency": -2.314832232808419,
            "payer_code": -2.532665389302514,
            "change": -2.721509501793093,
            "diag_1": -3.496859465946864,
            "discharge_disposition_id": -8.02011016146517,
            "number_inpatient": -19.661940983178877,
            "diabetesMed": -24.082024133990668
        }
    },
    "DecisionTree": {
        "SHAP": {
            "number_inpatient": -39.329779886278956,
            "discharge_disposition_id": -33.81579990895017,
            "diag_1": -12.618691895246064,
            "number_diagnoses": 9.588716758401018,
            "payer_code": -2.0813123148357198,
            "num_medications": 1.890657580356488,
            "medical_specialty": -0.3496470506982512,
            "admission_source_id": 0.32539460523335073,
            "gender": 0.0,
            "race": 0.0,
            "num_lab_procedures": 0.0,
            "time_in_hospital": 0.0,
            "admission_type_id": 0.0,
            "age": 0.0,
            "number_emergency": 0.0,
            "number_outpatient": 0.0,
            "diag_2": 0.0,
            "num_procedures": 0.0,
            "diag_3": 0.0,
            "metformin": 0.0,
            "repaglinide": 0.0,
            "nateglinide": 0.0,
            "chlorpropamide": 0.0,
            "glimepiride": 0.0,
            "acetohexamide": 0.0,
            "glipizide": 0.0,
            "glyburide": 0.0,
            "tolbutamide": 0.0,
            "pioglitazone": 0.0,
            "rosiglitazone": 0.0,
            "acarbose": 0.0,
            "miglitol": 0.0,
            "troglitazone": 0.0,
            "tolazamide": 0.0,
            "insulin": 0.0,
            "glyburide-metformin": 0.0,
            "glipizide-metformin": 0.0,
            "glimepiride-pioglitazone": 0.0,
            "metformin-rosiglitazone": 0.0,
            "metformin-pioglitazone": 0.0,
            "change": 0.0,
            "diabetesMed": 0.0
        },
        "Lime": {
            "race": 0.0,
            "gender": 2.6375814231155177,
            "age": 0.0,
            "admission_type_id": -2.223750651668139,
            "discharge_disposition_id": -15.133594364716158,
            "admission_source_id": 0.0,
            "time_in_hospital": -2.301958855529647,
            "payer_code": 0.0,
            "medical_specialty": 0.0,
            "num_lab_procedures": 0.0,
            "num_procedures": 0.0,
            "num_medications": 0.0,
            "number_outpatient": 0.0,
            "number_emergency": 0.0,
            "number_inpatient": -33.798549992498145,
            "diag_1": -6.850681660311153,
            "diag_2": -6.871054972689505,
            "diag_3": 0.0,