{
    "LogisticRegression": {
        "SHAP": {
            "number_inpatient": -15.884741870170608,
            "metformin": -10.612625701710526,
            "glimepiride": -10.54412122328963,
            "time_in_hospital": -8.28087682187554,
            "discharge_disposition_id": -6.899982339327361,
            "number_diagnoses": -6.670836584582752,
            "diabetesMed": 6.110503027029092,
            "age": -5.5357641512264,
            "rosiglitazone": -3.875586260470788,
            "change": 3.2375073654310653,
            "payer_code": 3.1041427274914,
            "num_medications": -3.050903573964553,
            "num_procedures": 2.915685237657814,
            "admission_source_id": 2.4651803061119124,
            "number_emergency": -2.238027967894295,
            "insulin": 1.6644958476727467,
            "diag_1": 0.994763481163141,
            "gender": -0.9838005274663194,
            "admission_type_id": 0.9188067187174724,
            "diag_3": 0.8511991796958397,
            "number_outpatient": -0.8316571714831291,
            "num_lab_procedures": -0.5126205671471354,
            "glyburide": 0.47595773262746105,
            "pioglitazone": 0.43556885533531464,
            "glyburide-metformin": 0.1901589686654696,
            "acarbose": 0.18236152031855868,
            "medical_specialty": 0.08624828749848888,
            "glipizide": 0.08230236257966851,
            "glipizide-metformin": -0.07607527060109032,
            "diag_2": 0.07593917598592195,
            "chlorpropamide": -0.05065395333302997,
            "race": 0.027430132018101138,
            "tolazamide": 0.025384782701495037,
            "tolbutamide": -0.022285503871777135,
            "troglitazone": -0.019915328563811188,
            "repaglinide": 0.01317701599530286,
            "miglitol": -0.013145328669939777,
            "metformin-rosiglitazone": -0.012932338162581724,
            "acetohexamide": -0.007314768681101634,
            "nateglinide": 0.00669405753646683,
            "glimepiride-pioglitazone": -0.0065639877321497135,
            "metformin-pioglitazone": -0.006061977542747206
        },
        "Lime": {
            "race": -40.4986756563603,
            "gender": 0.0,
            "age": 0.0,
            "admission_type_id": 0.0,
            "discharge_disposition_id": -18.180229112026026,
            "admission_source_id": 0.0,
            "time_in_hospital": -13.290950127222512,
            "payer_code": 0.0,
            "medical_specialty": 0.0,
            "num_lab_procedures": 0.0,
            "num_procedures": 0.0,
            "num_medications": 0.0,
            "number_outpatient": 0.0,
            "number_emergency": -28.030145104391163,
            "number_inpatient": 0.0,
            "diag_1": 0.0,
            "diag_2": 0.0,
            "diag_3": 0.0,
            "number_diagnoses": 0.0,
            "metformin": 0.0,
            "repaglinide": 0.0,
            "nateglinide": 0.0,
            "chlorpropamide": 0.0,
            "glimepiride": 0.0,
            "acetohexamide": 0.0,
            "glipizide": 0.0,
            "glyburide": 0.0,
            "tolbutamide": 0.0,
            "pioglitazone": 0.0,
            "rosiglitazone": 0.0,
            "acarbose": 0.0,
            "miglitol": 0.0,
            "troglitazone": 0.0,
            "tolazamide": 0.0,
            "insulin": 0.0,
            "glyburide-metformin": 0.0,
            "glipizide-metformin": 0.0,
            "glimepiride-pioglitazone": 0.0,
            "metformin-rosiglitazone": 0.0,
            "metformin-pioglitazone": 0.0,
            "change": 0.0,
            "diabetesMed": 0.0
        },
        "Inherent": {
            "diabetesMed": 5.002660158627175,
            "change": 3.4140165048731874,
            "num_procedures": 2.952618988251442,
            "payer_code": 2.8626052893344003,
            "admission_source_id": 2.2947363530325884,
            "insulin": 1.9497026341078825,
            "admission_type_id": 0.9608112609490241,
            "diag_1": 0.8973565348195791,
            "diag_3": 0.8229446931446205,
            "pioglitazone": 0.5412745437624558,
            "glyburide": 0.49305624295531375,
            "diag_2": 0.15895395676248356,
            "glyburide-metformin": 0.08775319588034036,
            "medical_specialty": 0.07617261319090848,
            "glipizide": 0.06741859853243742,
            "tolazamide": 0.03584112065216072,
            "race": 0.03467766887899626,
            "nateglinide": 0.01953950471813744,
            "glimepiride-pioglitazone": -0.0,
            "troglitazone": -0.0,
            "acarbose": -0.0,
            "miglitol": -0.0,
            "metformin-pioglitazone": -0.0,
            "acetohexamide": -0.0,
            "repaglinide": 0.0,
            "chlorpropamide": -0.0,
            "metformin-rosiglitazone": -0.0,
            "glipizide-metformin": -0.0,
            "tolbutamide": -0.0,
            "num_lab_procedures": -0.5338629940111597,
            "number_outpatient": -0.8171724202543831,
            "gender": -1.0838195563445048,
            "number_emergency": -2.19062925083008,
            "num_medications": -2.689896706056596,
            "rosiglitazone": -4.0447725807139525,
            "number_diagnoses": -4.809386285263155,
            "age": -5.076585909913143,
            "time_in_hospital": -7.425120174004585,
            "discharge_disposition_id": -7.589788869178592,
            "metformin": -11.211675145928776,
            "glimepiride": -11.248176298760464,
            "number_inpatient": -18.606973946267466
        }
    },
    "DecisionTree": {
        "SHAP": {
            "discharge_disposition_id": -33.32948236160614,
            "number_inpatient": -32.05050325626809,
            "number_diagnoses": -21.951188508075983,
            "diag_1": 8.699062195082236,
            "payer_code": -1.814658383592383,
            "num_medications": -0.8361391745298948,
            "admission_source_id": -0.7092643021174919,
            "medical_specialty": 0.6097018187277804,
            "gender": 0.0,
            "race": 0.0,
            "num_lab_procedures": 0.0,
            "time_in_hospital": 0.0,
            "admission_type_id": 0.0,
            "age": 0.0,
            "number_emergency": 0.0,
            "number_outpatient": 0.0,
            "diag_2": 0.0,
            "num_procedures": 0.0,
            "diag_3": 0.0,
            "metformin": 0.0,
            "repaglinide": 0.0,
            "nateglinide": 0.0,
            "chlorpropamide": 0.0,
            "glimepiride": 0.0,
            "acetohexamide": 0.0,
            "glipizide": 0.0,
            "glyburide": 0.0,
            "tolbutamide": 0.0,
            "pioglitazone": 0.0,
            "rosiglitazone": 0.0,
            "acarbose": 0.0,
            "miglitol": 0.0,
            "troglitazone": 0.0,
            "tolazamide": 0.0,
            "insulin": 0.0,
            "glyburide-metformin": 0.0,
            "glipizide-metformin": 0.0,
            "glimepiride-pioglitazone": 0.0,
            "metformin-rosiglitazone": 0.0,
            "metformin-pioglitazone": 0.0,
            "change": 0.0,
            "diabetesMed": 0.0
        },
        "Lime": {
            "race": 0.0,
            "gender": 0.0,
            "age": 0.0,
            "admission_type_id": 0.0,
            "discharge_disposition_id": -17.472941704568782,
            "admission_source_id": 0.0,
            "time_in_hospital": 0.0,
            "payer_code": 0.0,
            "medical_specialty": 0.0,
            "num_lab_procedures": 0.0,
            "num_procedures": 0.0,
            "num_medications": -2.86318136193952,
            "number_outpatient": 0.0,
            "number_emergency": -5.603894612561114,
            "number_inpatient": -37.159343261228464,
            "diag_1": 0.0,
            "diag_2": -4.542285386770669,
            "diag_3": 5.048838502324825,
            "number_diagnoses": -5.3976417558307,
            "metformin": 0.0,