{
    "LogisticRegression": {
        "SHAP": {
            "number_inpatient": 19.571718347554025,
            "diabetesMed": -18.38856488372615,
            "number_emergency": 12.429314163858656,
            "age": -8.824366241029745,
            "time_in_hospital": -7.226515784152167,
            "discharge_disposition_id": -6.021443424179194,
            "num_procedures": -3.889778117134267,
            "metformin": 2.775361963603977,
            "number_diagnoses": 2.555728249766973,
            "diag_1": -2.519248037390318,
            "diag_2": -2.3655108638012443,
            "change": -2.2867701993443807,
            "admission_source_id": 2.15130170102735,
            "number_outpatient": -1.5660794396151823,
            "insulin": 1.452564236203492,
            "glimepiride": 1.1771744344745199,
            "num_medications": -1.0254876196786071,
            "gender": -0.8585383158232225,
            "diag_3": -0.4385796322883811,
            "glyburide": 0.4153565064916165,
            "pioglitazone": 0.38011013517923953,
            "rosiglitazone": 0.3702940716460743,
            "num_lab_procedures": 0.34383964726742194,
            "glyburide-metformin": 0.16594701480511495,
            "acarbose": 0.15914237505897022,
            "payer_code": 0.14382262438876323,
            "admission_type_id": -0.09934055396427724,
            "medical_specialty": 0.07526674099503852,
            "glipizide": 0.07182323020236421,
            "glipizide-metformin": -0.06638900150405948,
            "chlorpropamide": -0.04420444853422432,
            "race": 0.023937595770841293,
            "tolazamide": 0.022152670159882724,
            "tolbutamide": -0.01944800640697203,
            "troglitazone": -0.01737961321109978,
            "repaglinide": 0.01149925498547802,
            "miglitol": -0.011471602242680425,
            "metformin-rosiglitazone": -0.011285730710425351,
            "acetohexamide": -0.006383417175311942,
            "nateglinide": 0.005841737956964793,
            "glimepiride-pioglitazone": -0.005728229265293862,
            "metformin-pioglitazone": -0.0052901374260409285
        },
        "Lime": {
            "race": -31.20691662982602,
            "gender": 0.0,
            "age": 0.0,
            "admission_type_id": 0.0,
            "discharge_disposition_id": -10.605251509598578,
            "admission_source_id": 0.0,
            "time_in_hospital": 0.0,
            "payer_code": 0.0,
            "medical_specialty": 0.0,
            "num_lab_procedures": 0.0,
            "num_procedures": 0.0,
            "num_medications": 0.0,
            "number_outpatient": 0.0,
            "number_emergency": 9.565014797485908,
            "number_inpatient": 39.74686365827094,
            "diag_1": 0.0,
            "diag_2": 0.0,
            "diag_3": 0.0,
            "number_diagnoses": 8.87595340481855,
            "metformin": 0.0,
            "repaglinide": 0.0,
            "nateglinide": 0.0,
            "chlorpropamide": 0.0,
            "glimepiride": 0.0,
            "acetohexamide": 0.0,
            "glipizide": 0.0,
            "glyburide": 0.0,
            "tolbutamide": 0.0,
            "pioglitazone": 0.0,
            "rosiglitazone": 0.0,
            "acarbose": 0.0,
            "miglitol": 0.0,
            "troglitazone": 0.0,
            "tolazamide": 0.0,
            "insulin": 0.0,
            "glyburide-metformin": 0.0,
            "glipizide-metformin": 0.0,
            "glimepiride-pioglitazone": 0.0,
            "metformin-rosiglitazone": 0.0,
            "metformin-pioglitazone": 0.0,
            "change": 0.0,
            "diabetesMed": 0.0
        },
        "Inherent": {
            "number_inpatient": 17.83356561402998,
            "number_emergency": 12.712809037086103,
            "number_diagnoses": 4.340707256029395,
            "metformin": 2.5069979500041897,
            "admission_source_id": 1.9898921393686784,
            "insulin": 1.6906944192479896,
            "glimepiride": 0.7908577703086968,
            "pioglitazone": 0.46936893576025673,
            "glyburide": 0.42755619434312364,
            "num_lab_procedures": 0.34090359985021224,
            "rosiglitazone": 0.30499520284513315,
            "glyburide-metformin": 0.07609562399445255,
            "medical_specialty": 0.06605346362489387,
            "glipizide": 0.058462375901988765,
            "tolazamide": 0.03107980755943782,
            "race": 0.030070914518241624,
            "nateglinide": 0.016943779530225942,
            "metformin-pioglitazone": -0.0,
            "troglitazone": -0.0,
            "miglitol": -0.0,
            "glipizide-metformin": -0.0,
            "glimepiride-pioglitazone": -0.0,
            "metformin-rosiglitazone": -0.0,
            "acetohexamide": -0.0,
            "chlorpropamide": -0.0,
            "repaglinide": 0.0,
            "tolbutamide": -0.0,
            "acarbose": -0.0,
            "admission_type_id": -0.08240165649346252,
            "payer_code": -0.12379036268876129,
            "diag_3": -0.4866752810858574,
            "num_medications": -0.669414875031428,
            "gender": -0.939839564930338,
            "number_outpatient": -1.5623683721321153,
            "change": -2.2333457213176344,
            "diag_2": -2.332838409286505,
            "diag_1": -2.663385127844149,
            "num_procedures": -3.9767578884927755,
            "time_in_hospital": -6.438730204711099,
            "discharge_disposition_id": -6.581523489740911,
            "age": -8.459502086130277,
            "diabetesMed": -19.762372876111694
        }
    },
    "DecisionTree": {
        "SHAP": {
            "number_inpatient": 36.34881981214125,
            "discharge_disposition_id": -32.66260469089541,
            "diag_1": -7.755511638730877,
            "num_medications": -6.632351355909277,
            "number_diagnoses": 5.946388529153262,
            "admission_source_id": -4.884760000030799,
            "payer_code": -3.3475978366663606,
            "number_emergency": -1.2972164271946263,
            "medical_specialty": 1.124749709278135,
            "gender": 0.0,
            "num_lab_procedures": 0.0,
            "time_in_hospital": 0.0,
            "admission_type_id": 0.0,
            "age": 0.0,
            "race": 0.0,
            "number_outpatient": 0.0,
            "diag_2": 0.0,
            "num_procedures": 0.0,
            "diag_3": 0.0,
            "metformin": 0.0,
            "repaglinide": 0.0,
            "nateglinide": 0.0,
            "chlorpropamide": 0.0,
            "glimepiride": 0.0,
            "acetohexamide": 0.0,
            "glipizide": 0.0,
            "glyburide": 0.0,
            "tolbutamide": 0.0,
            "pioglitazone": 0.0,
            "rosiglitazone": 0.0,
            "acarbose": 0.0,
            "miglitol": 0.0,
            "troglitazone": 0.0,
            "tolazamide": 0.0,
            "insulin": 0.0,
            "glyburide-metformin": 0.0,
            "glipizide-metformin": 0.0,
            "glimepiride-pioglitazone": 0.0,
            "metformin-rosiglitazone": 0.0,
            "metformin-pioglitazone": 0.0,
            "change": 0.0,
            "diabetesMed": 0.0
        },
        "Lime": {
            "race": 0.0,
            "gender": 0.0,
            "age": 5.431486704013181,
            "admission_type_id": 0.0,
            "discharge_disposition_id": -15.755049353197354,
            "admission_source_id": 0.0,
            "time_in_hospital": 0.0,
            "payer_code": -4.409942336520886,
            "medical_specialty": 0.0,
            "num_lab_procedures": 0.0,
            "num_procedures": 3.0167239440882745,
            "num_medications": 0.0,
            "number_outpatient": 0.0,
            "number_emergency": 0.0,
            "number_inpatient": 10.0815966076575,
            "diag_1": 0.0,
            "diag_2": -4.294028900542725,
            "diag_3": -4.17882997500617,
            "number_diagnoses": 0.0,