{
    "LogisticRegression": {
        "SHAP": {
            "number_inpatient": -19.409832015496473,
            "number_diagnoses": -14.016071206564876,
            "age": 10.01056828534097,
            "discharge_disposition_id": -8.431203932103811,
            "diabetesMed": 7.4665259438391836,
            "num_medications": -4.873983146177937,
            "time_in_hospital": -4.844509565291471,
            "metformin": 3.8860520729278294,
            "num_procedures": 3.5627246029899293,
            "insulin": -3.448563959394033,
            "change": -3.2019276007991917,
            "number_emergency": -2.7346838404963423,
            "diag_2": -2.6091292373955115,
            "payer_code": -2.4923380899627423,
            "glimepiride": 1.6482755083041514,
            "gender": -1.2021223341838914,
            "diag_1": 1.1977542541916173,
            "admission_type_id": 1.1227053112210328,
            "diag_3": -0.6140976606110847,
            "glyburide": 0.5815807214421157,
            "pioglitazone": 0.5322288761340596,
            "rosiglitazone": 0.5184844584540271,
            "admission_source_id": 0.2505359855423786,
            "glyburide-metformin": 0.23235842723814942,
            "acarbose": 0.2228305945670211,
            "race": -0.18653049037996633,
            "number_outpatient": 0.16038728947305708,
            "glipizide": 0.10056663464891995,
            "glipizide-metformin": -0.09295764671338289,
            "num_lab_procedures": 0.07859844124433131,
            "chlorpropamide": -0.06189491356867416,
            "medical_specialty": -0.044881507005287244,
            "tolazamide": 0.031018090946202292,
            "tolbutamide": -0.027231030259558423,
            "troglitazone": -0.024334873371967616,
            "repaglinide": 0.016101216439319548,
            "miglitol": -0.01606249716598513,
            "metformin-rosiglitazone": -0.015802240499398785,
            "acetohexamide": -0.00893803830700036,
            "nateglinide": 0.008179580968128998,
            "glimepiride-pioglitazone": -0.00802064649675275,
            "metformin-pioglitazone": -0.007407231842236517
        },
        "Lime": {
            "race": 0.0,
            "gender": 0.0,
            "age": 0.0,
            "admission_type_id": 0.0,
            "discharge_disposition_id": -20.58140191188867,
            "admission_source_id": 0.0,
            "time_in_hospital": -14.356311740072217,
            "payer_code": 0.0,
            "medical_specialty": 0.0,
            "num_lab_procedures": 0.0,
            "num_procedures": 0.0,
            "num_medications": 0.0,
            "number_outpatient": 0.0,
            "number_emergency": -37.890743610086794,
            "number_inpatient": 0.0,
            "diag_1": 0.0,
            "diag_2": 0.0,
            "diag_3": 0.0,
            "number_diagnoses": -27.171542737952336,
            "metformin": 0.0,
            "repaglinide": 0.0,
            "nateglinide": 0.0,
            "chlorpropamide": 0.0,
            "glimepiride": 0.0,
            "acetohexamide": 0.0,
            "glipizide": 0.0,
            "glyburide": 0.0,
            "tolbutamide": 0.0,
            "pioglitazone": 0.0,
            "rosiglitazone": 0.0,
            "acarbose": 0.0,
            "miglitol": 0.0,
            "troglitazone": 0.0,
            "tolazamide": 0.0,
            "insulin": 0.0,
            "glyburide-metformin": 0.0,
            "glipizide-metformin": 0.0,
            "glimepiride-pioglitazone": 0.0,
            "metformin-rosiglitazone": 0.0,
            "metformin-pioglitazone": 0.0,
            "change": 0.0,
            "diabetesMed": 0.0
        },
        "Inherent": {
            "age": 11.100286473456835,
            "diabetesMed": 6.197612348322032,
            "num_procedures": 3.657891465987345,
            "metformin": 3.5816293897511486,
            "admission_type_id": 1.19031386231493,
            "glimepiride": 1.1298610887360152,
            "diag_1": 1.0932873166177832,
            "pioglitazone": 0.6705651972919822,
            "glyburide": 0.6108293113789449,
            "rosiglitazone": 0.4357322199810401,
            "number_outpatient": 0.20735186055018465,
            "glyburide-metformin": 0.10871421866520811,
            "glipizide": 0.0835224311710715,
            "num_lab_procedures": 0.06942697623269385,
            "tolazamide": 0.044402250980104065,
            "nateglinide": 0.02420677637124503,
            "tolbutamide": -0.0,
            "metformin-rosiglitazone": -0.0,
            "troglitazone": -0.0,
            "miglitol": -0.0,
            "glimepiride-pioglitazone": -0.0,
            "glipizide-metformin": -0.0,
            "metformin-pioglitazone": -0.0,
            "repaglinide": 0.0,
            "acetohexamide": -0.0,
            "chlorpropamide": -0.0,
            "acarbose": -0.0,
            "admission_source_id": -0.02004033579154999,
            "medical_specialty": -0.06140853770344478,
            "race": -0.18515004420096817,
            "diag_3": -0.6952899542656568,
            "gender": -1.3427043318482996,
            "diag_2": -2.6040035665299928,
            "number_emergency": -2.713890303367248,
            "payer_code": -2.969276107479701,
            "change": -3.1906753944225805,
            "insulin": -3.267914610176892,
            "time_in_hospital": -3.731422936546828,
            "num_medications": -4.52044100276793,
            "discharge_disposition_id": -9.402711302637561,
            "number_diagnoses": -12.037940213939573,
            "number_inpatient": -23.05149817051319
        }
    },
    "DecisionTree": {
        "SHAP": {
            "number_inpatient": -32.84691517790487,
            "discharge_disposition_id": -32.54683820445884,
            "number_diagnoses": -22.137392717525252,
            "diag_1": 8.772853279259268,
            "payer_code": -1.8300514922440165,
            "num_medications": -1.3677707451187717,
            "medical_specialty": -0.30743685237818796,
            "admission_source_id": 0.19074153111080736,
            "gender": 0.0,
            "race": 0.0,
            "num_lab_procedures": 0.0,
            "time_in_hospital": 0.0,
            "admission_type_id": 0.0,
            "age": 0.0,
            "number_emergency": 0.0,
            "number_outpatient": 0.0,
            "diag_2": 0.0,
            "num_procedures": 0.0,
            "diag_3": 0.0,
            "metformin": 0.0,
            "repaglinide": 0.0,
            "nateglinide": 0.0,
            "chlorpropamide": 0.0,
            "glimepiride": 0.0,
            "acetohexamide": 0.0,
            "glipizide": 0.0,
            "glyburide": 0.0,
            "tolbutamide": 0.0,
            "pioglitazone": 0.0,
            "rosiglitazone": 0.0,
            "acarbose": 0.0,
            "miglitol": 0.0,
            "troglitazone": 0.0,
            "tolazamide": 0.0,
            "insulin": 0.0,
            "glyburide-metformin": 0.0,
            "glipizide-metformin": 0.0,
            "glimepiride-pioglitazone": 0.0,
            "metformin-rosiglitazone": 0.0,
            "metformin-pioglitazone": 0.0,
            "change": 0.0,
            "diabetesMed": 0.0
        },
        "Lime": {
            "race": 0.0,
            "gender": 0.0,
            "age": 0.0,
            "admission_type_id": 0.0,
            "discharge_disposition_id": -13.415598831745065,
            "admission_source_id": 0.0,
            "time_in_hospital": 0.0,
            "payer_code": -2.0075710175212027,
            "medical_specialty": 0.0,
            "num_lab_procedures": 0.0,
            "num_procedures": 0.0,
            "num_medications": 0.0,
            "number_outpatient": 0.0,
            "number_emergency": 0.0,
            "number_inpatient": -26.038615764308805,
            "diag_1": 3.371967311289014,
            "diag_2": 0.0,
            "diag_3": 0.0,
            "number_diagnoses": -8.212275731902114,
            "metformin": -2.380804664940402,