{
    "LogisticRegression": {
        "SHAP": {
            "number_inpatient": -20.242368118564105,
            "number_diagnoses": 9.848436404950297,
            "discharge_disposition_id": -8.792839296088317,
            "time_in_hospital": -7.802427091541405,
            "diabetesMed": 7.786783863009962,
            "num_medications": -5.680635042834956,
            "diag_1": -5.54985233053913,
            "age": 4.608504971113395,
            "metformin": 4.05273453810992,
            "insulin": -3.5964814682957686,
            "payer_code": -3.535660122368136,
            "change": -3.3392662611722335,
            "number_emergency": -2.851981250688824,
            "num_procedures": -2.5481975094156266,
            "diag_2": 1.8794692337268448,
            "glimepiride": 1.7189741556376152,
            "gender": -1.2536843591778735,
            "num_lab_procedures": 0.8171860870244922,
            "diag_3": -0.7767359482326212,
            "glyburide": 0.6065261690411529,
            "pioglitazone": 0.5550575000048354,
            "rosiglitazone": 0.5407235499720692,
            "admission_source_id": -0.31475103934581133,
            "glyburide-metformin": 0.24232485968194017,
            "acarbose": 0.23238835450522968,
            "number_outpatient": 0.16726670032281984,
            "admission_type_id": -0.14506248171074484,
            "glipizide": 0.10488018842117275,
            "glipizide-metformin": -0.09694483201634226,
            "chlorpropamide": -0.06454974077691747,
            "race": -0.04154042962910924,
            "medical_specialty": 0.03567508533374375,
            "tolazamide": 0.03234853422568722,
            "tolbutamide": -0.028399037061302482,
            "troglitazone": -0.025378656781817187,
            "repaglinide": 0.016791837768671467,
            "miglitol": -0.016751457729138265,
            "metformin-rosiglitazone": -0.016480038005044557,
            "acetohexamide": -0.009321413061363939,
            "nateglinide": 0.008530423595643521,
            "glimepiride-pioglitazone": -0.008364672028408994,
            "metformin-pioglitazone": -0.007724946489510672
        },
        "Lime": {
            "race": -26.78212840868401,
            "gender": 0.0,
            "age": 0.0,
            "admission_type_id": 0.0,
            "discharge_disposition_id": -30.272726481747743,
            "admission_source_id": 0.0,
            "time_in_hospital": 0.0,
            "payer_code": 0.0,
            "medical_specialty": 0.0,
            "num_lab_procedures": 0.0,
            "num_procedures": -12.564598431775432,
            "num_medications": 0.0,
            "number_outpatient": 0.0,
            "number_emergency": -21.97378253994861,
            "number_inpatient": -8.4067641378442,
            "diag_1": 0.0,
            "diag_2": 0.0,
            "diag_3": 0.0,
            "number_diagnoses": 0.0,
            "metformin": 0.0,
            "repaglinide": 0.0,
            "nateglinide": 0.0,
            "chlorpropamide": 0.0,
            "glimepiride": 0.0,
            "acetohexamide": 0.0,
            "glipizide": 0.0,
            "glyburide": 0.0,
            "tolbutamide": 0.0,
            "pioglitazone": 0.0,
            "rosiglitazone": 0.0,
            "acarbose": 0.0,
            "miglitol": 0.0,
            "troglitazone": 0.0,
            "tolazamide": 0.0,
            "insulin": 0.0,
            "glyburide-metformin": 0.0,
            "glipizide-metformin": 0.0,
            "glimepiride-pioglitazone": 0.0,
            "metformin-rosiglitazone": 0.0,
            "metformin-pioglitazone": 0.0,
            "change": 0.0,
            "diabetesMed": 0.0
        },
        "Inherent": {
            "number_diagnoses": 12.072808807098092,
            "diabetesMed": 6.0924836154515365,
            "age": 5.21382517229771,
            "metformin": 3.520874999480481,
            "diag_2": 1.9355378766930658,
            "glimepiride": 1.1106955040071387,
            "num_lab_procedures": 0.78666300415445,
            "pioglitazone": 0.659190547582333,
            "glyburide": 0.6004679483416436,
            "rosiglitazone": 0.4283409903295346,
            "number_outpatient": 0.20383459662129721,
            "glyburide-metformin": 0.10687012332478664,
            "glipizide": 0.08210565857191804,
            "tolazamide": 0.04364906537897497,
            "nateglinide": 0.023796162156647142,
            "medical_specialty": 0.020229754913253208,
            "tolbutamide": -0.0,
            "metformin-rosiglitazone": -0.0,
            "troglitazone": -0.0,
            "miglitol": -0.0,
            "glimepiride-pioglitazone": -0.0,
            "glipizide-metformin": -0.0,
            "metformin-pioglitazone": -0.0,
            "acetohexamide": -0.0,
            "chlorpropamide": -0.0,
            "repaglinide": 0.0,
            "acarbose": -0.0,
            "race": -0.03251502356645529,
            "admission_type_id": -0.11572643378632433,
            "admission_source_id": -0.5825688528648306,
            "diag_3": -0.8166790496930778,
            "gender": -1.31992833407794,
            "num_procedures": -2.5247411520067873,
            "number_emergency": -2.6678551800475763,
            "change": -3.1365526706437157,
            "insulin": -3.2124816945977352,
            "payer_code": -3.833927404705591,
            "num_medications": -5.027698914036794,
            "diag_1": -5.568854974398022,
            "time_in_hospital": -6.355400621337587,
            "discharge_disposition_id": -9.243215182319386,
            "number_inpatient": -22.660480685515328
        }
    },
    "DecisionTree": {
        "SHAP": {
            "number_inpatient": -36.77269374854812,
            "discharge_disposition_id": -35.71649704925671,
            "diag_1": -13.144230474342889,
            "number_diagnoses": 9.988064061782794,
            "payer_code": -2.167994034753738,
            "num_medications": -1.6203472027402281,
            "medical_specialty": -0.3642090208085271,
            "admission_source_id": 0.2259644077669951,
            "gender": 0.0,
            "race": 0.0,
            "num_lab_procedures": 0.0,
            "time_in_hospital": 0.0,
            "admission_type_id": 0.0,
            "age": 0.0,
            "number_emergency": 0.0,
            "number_outpatient": 0.0,
            "diag_2": 0.0,
            "num_procedures": 0.0,
            "diag_3": 0.0,
            "metformin": 0.0,
            "repaglinide": 0.0,
            "nateglinide": 0.0,
            "chlorpropamide": 0.0,
            "glimepiride": 0.0,
            "acetohexamide": 0.0,
            "glipizide": 0.0,
            "glyburide": 0.0,
            "tolbutamide": 0.0,
            "pioglitazone": 0.0,
            "rosiglitazone": 0.0,
            "acarbose": 0.0,
            "miglitol": 0.0,
            "troglitazone": 0.0,
            "tolazamide": 0.0,
            "insulin": 0.0,
            "glyburide-metformin": 0.0,
            "glipizide-metformin": 0.0,
            "glimepiride-pioglitazone": 0.0,
            "metformin-rosiglitazone": 0.0,
            "metformin-pioglitazone": 0.0,
            "change": 0.0,
            "diabetesMed": 0.0
        },
        "Lime": {
            "race": -4.621191130425457,
            "gender": 0.0,
            "age": 0.0,
            "admission_type_id": 0.0,
            "discharge_disposition_id": -15.523619222761308,
            "admission_source_id": 0.0,
            "time_in_hospital": 0.0,
            "payer_code": 0.0,
            "medical_specialty": 4.325450693798301,
            "num_lab_procedures": 0.0,
            "num_procedures": 0.0,
            "num_medications": 0.0,
            "number_outpatient": 0.0,
            "number_emergency": -2.541867364041077,
            "number_inpatient": -33.82135138153471,
            "diag_1": -2.0166876018078757,
            "diag_2": 4.453199625489374,
            "diag_3": -6.528476774878963,