{
    "LogisticRegression": {
        "SHAP": {
            "number_inpatient": 30.49903696356566,
            "age": 11.1410703760664,
            "number_diagnoses": 10.509835736734383,
            "diabetesMed": 8.309727143747722,
            "metformin": 4.324907277536542,
            "num_procedures": 3.965066158189846,
            "insulin": -3.8380132548755173,
            "diag_1": -3.7478694431075223,
            "change": -3.5635240400698374,
            "number_emergency": -3.0435140398448963,
            "payer_code": -2.773799975160955,
            "time_in_hospital": -2.4567874614559644,
            "discharge_disposition_id": -2.1209922284869505,
            "glimepiride": 1.834416679825654,
            "gender": -1.337879043829705,
            "admission_type_id": 1.2494933881239705,
            "diag_2": 1.2079012653811232,
            "glyburide": 0.6472591327745371,
            "pioglitazone": 0.5923339411077516,
            "rosiglitazone": 0.5770373545118113,
            "admission_source_id": -0.33588902699601614,
            "num_medications": 0.3151434327655041,
            "glyburide-metformin": 0.25859886437447666,
            "acarbose": 0.247995045360938,
            "num_lab_procedures": -0.1927367537039884,
            "number_outpatient": 0.1784999640892015,
            "medical_specialty": 0.11728980945721053,
            "glipizide": 0.11192371123909797,
            "diag_3": 0.11030185977058643,
            "glipizide-metformin": -0.103455433748339,
            "chlorpropamide": -0.06888475941959557,
            "race": 0.03730247928511718,
            "tolazamide": 0.03452099064834431,
            "tolbutamide": -0.030306253939528526,
            "troglitazone": -0.027083031562430523,
            "repaglinide": 0.01791954066717865,
            "miglitol": -0.01787644879298799,
            "metformin-rosiglitazone": -0.017586801117088824,
            "acetohexamide": -0.009947418664341753,
            "nateglinide": 0.00910330808552639,
            "glimepiride-pioglitazone": -0.008926425007531845,
            "metformin-pioglitazone": -0.008243736908227496
        },
        "Lime": {
            "race": -19.780425561098,
            "gender": 0.0,
            "age": 0.0,
            "admission_type_id": 0.0,
            "discharge_disposition_id": 0.0,
            "admission_source_id": 0.0,
            "time_in_hospital": 0.0,
            "payer_code": 0.0,
            "medical_specialty": 0.0,
            "num_lab_procedures": 0.0,
            "num_procedures": 0.0,
            "num_medications": 0.0,
            "number_outpatient": 0.0,
            "number_emergency": -14.863047858095355,
            "number_inpatient": 65.35652658080664,
            "diag_1": 0.0,
            "diag_2": 0.0,
            "diag_3": 0.0,
            "number_diagnoses": 0.0,
            "metformin": 0.0,
            "repaglinide": 0.0,
            "nateglinide": 0.0,
            "chlorpropamide": 0.0,
            "glimepiride": 0.0,
            "acetohexamide": 0.0,
            "glipizide": 0.0,
            "glyburide": 0.0,
            "tolbutamide": 0.0,
            "pioglitazone": 0.0,
            "rosiglitazone": 0.0,
            "acarbose": 0.0,
            "miglitol": 0.0,
            "troglitazone": 0.0,
            "tolazamide": 0.0,
            "insulin": 0.0,
            "glyburide-metformin": 0.0,
            "glipizide-metformin": 0.0,
            "glimepiride-pioglitazone": 0.0,
            "metformin-rosiglitazone": 0.0,
            "metformin-pioglitazone": 0.0,
            "change": 0.0,
            "diabetesMed": 0.0
        },
        "Inherent": {
            "number_inpatient": 28.127950545045078,
            "number_diagnoses": 13.558498607572103,
            "age": 12.254833826709966,
            "diabetesMed": 6.842229669717684,
            "num_procedures": 4.03835091815027,
            "metformin": 3.9541567783152973,
            "diag_2": 1.3533334425330068,
            "admission_type_id": 1.3141191102751877,
            "glimepiride": 1.2473786080057345,
            "num_medications": 0.9115577517829481,
            "pioglitazone": 0.7403110795778491,
            "glyburide": 0.6743620288838809,
            "rosiglitazone": 0.4810529855765207,
            "number_outpatient": 0.22891865005266995,
            "glyburide-metformin": 0.12002164876811883,
            "medical_specialty": 0.1041826743109784,
            "glipizide": 0.09220964857545234,
            "tolazamide": 0.04902055533379302,
            "diag_3": 0.0486325188966507,
            "race": 0.047429281093846254,
            "nateglinide": 0.026724537481018256,
            "troglitazone": -0.0,
            "repaglinide": 0.0,
            "miglitol": -0.0,
            "acetohexamide": -0.0,
            "chlorpropamide": -0.0,
            "metformin-pioglitazone": -0.0,
            "metformin-rosiglitazone": -0.0,
            "glimepiride-pioglitazone": -0.0,
            "glipizide-metformin": -0.0,
            "tolbutamide": -0.0,
            "acarbose": -0.0,
            "num_lab_procedures": -0.21150269890670034,
            "admission_source_id": -0.6542602559678312,
            "time_in_hospital": -1.1015594217916937,
            "gender": -1.4823598025646516,
            "discharge_disposition_id": -2.9125685001710666,
            "number_emergency": -2.996163636966739,
            "payer_code": -3.2781122694261464,
            "change": -3.522539426988695,
            "insulin": -3.6078123392002768,
            "diag_1": -4.017846781358153
        }
    },
    "DecisionTree": {
        "SHAP": {
            "discharge_disposition_id": 60.17517872858007,
            "payer_code": -23.28813432663027,
            "diag_1": -4.532449404279846,
            "num_medications": -4.281694924781615,
            "number_diagnoses": 3.0686848485800713,
            "number_inpatient": 2.125485526294126,
            "medical_specialty": 1.2141485090323012,
            "admission_source_id": 0.8474491974349274,
            "number_emergency": -0.46677453438677347,
            "gender": 0.0,
            "num_lab_procedures": 0.0,
            "time_in_hospital": 0.0,
            "admission_type_id": 0.0,
            "age": 0.0,
            "race": 0.0,
            "number_outpatient": 0.0,
            "diag_2": 0.0,
            "num_procedures": 0.0,
            "diag_3": 0.0,
            "metformin": 0.0,
            "repaglinide": 0.0,
            "nateglinide": 0.0,
            "chlorpropamide": 0.0,
            "glimepiride": 0.0,
            "acetohexamide": 0.0,
            "glipizide": 0.0,
            "glyburide": 0.0,
            "tolbutamide": 0.0,
            "pioglitazone": 0.0,
            "rosiglitazone": 0.0,
            "acarbose": 0.0,
            "miglitol": 0.0,
            "troglitazone": 0.0,
            "tolazamide": 0.0,
            "insulin": 0.0,
            "glyburide-metformin": 0.0,
            "glipizide-metformin": 0.0,
            "glimepiride-pioglitazone": 0.0,
            "metformin-rosiglitazone": 0.0,
            "metformin-pioglitazone": 0.0,
            "change": 0.0,
            "diabetesMed": 0.0
        },
        "Lime": {
            "race": -2.6327655915358745,
            "gender": 0.0,
            "age": 0.0,
            "admission_type_id": 0.0,
            "discharge_disposition_id": 25.96076683656626,
            "admission_source_id": 0.0,
            "time_in_hospital": 0.0,
            "payer_code": 0.0,
            "medical_specialty": 0.0,
            "num_lab_procedures": 2.128298563070277,
            "num_procedures": 0.0,
            "num_medications": 0.0,
            "number_outpatient": -2.309102587494612,
            "number_emergency": -2.454269387524467,
            "number_inpatient": 6.610809122331345,
            "diag_1": 4.960325712285437,
            "diag_2": -8.281383197141528,
            "diag_3": -8.28138319714153,
            "number_diagnoses": 3.7989846005375374,