{
    "LogisticRegression": {
        "SHAP": {
            "diabetesMed": -20.121515170972472,
            "number_inpatient": -15.16860481357089,
            "num_procedures": -11.296943100532825,
            "number_diagnoses": -10.95343045738432,
            "time_in_hospital": -7.907547321040593,
            "age": 7.823166844430783,
            "discharge_disposition_id": -6.588908159874999,
            "metformin": 3.0369138760262713,
            "change": -2.502276906848635,
            "number_emergency": -2.1371302149049707,
            "payer_code": -1.9477392446401312,
            "insulin": 1.5894548324131132,
            "glimepiride": 1.2881121170648033,
            "diag_1": 1.2136803394055298,
            "num_medications": -1.1221302384107703,
            "admission_source_id": 1.0590916457964343,
            "gender": -0.939447523824252,
            "num_lab_procedures": -0.607567185572088,
            "glyburide": 0.4544999731941916,
            "pioglitazone": 0.4159319609774593,
            "rosiglitazone": 0.40519082524714406,
            "diag_2": 0.3095236093984676,
            "glyburide-metformin": 0.18158596916575132,
            "acarbose": 0.1741400557543014,
            "number_outpatient": 0.1253411883829935,
            "admission_type_id": -0.1087024722333836,
            "race": -0.08845007583783497,
            "glipizide": 0.07859189802376111,
            "glipizide-metformin": -0.07264554408657903,
            "medical_specialty": 0.057636893498456215,
            "chlorpropamide": -0.04837030444899142,
            "diag_3": 0.048271649058176866,
            "tolazamide": 0.02424035217093604,
            "tolbutamide": -0.021280799150855872,
            "troglitazone": -0.01901747923799455,
            "repaglinide": 0.012582952237341256,
            "miglitol": -0.012552693482118155,
            "metformin-rosiglitazone": -0.012349305296048654,
            "acetohexamide": -0.006984994552204466,
            "nateglinide": 0.006392267132816851,
            "glimepiride-pioglitazone": -0.006268061308385432,
            "metformin-pioglitazone": -0.005788683409917213
        },
        "Lime": {
            "race": -26.566768265816894,
            "gender": 0.0,
            "age": 0.0,
            "admission_type_id": 0.0,
            "discharge_disposition_id": -11.592400422973688,
            "admission_source_id": 0.0,
            "time_in_hospital": -9.18147452236569,
            "payer_code": 0.0,
            "medical_specialty": 0.0,
            "num_lab_procedures": 0.0,
            "num_procedures": -8.997721844882618,
            "num_medications": 0.0,
            "number_outpatient": 0.0,
            "number_emergency": -20.893880701719937,
            "number_inpatient": 0.0,
            "diag_1": 0.0,
            "diag_2": 0.0,
            "diag_3": 0.0,
            "number_diagnoses": -22.76775424224118,
            "metformin": 0.0,
            "repaglinide": 0.0,
            "nateglinide": 0.0,
            "chlorpropamide": 0.0,
            "glimepiride": 0.0,
            "acetohexamide": 0.0,
            "glipizide": 0.0,
            "glyburide": 0.0,
            "tolbutamide": 0.0,
            "pioglitazone": 0.0,
            "rosiglitazone": 0.0,
            "acarbose": 0.0,
            "miglitol": 0.0,
            "troglitazone": 0.0,
            "tolazamide": 0.0,
            "insulin": 0.0,
            "glyburide-metformin": 0.0,
            "glipizide-metformin": 0.0,
            "glimepiride-pioglitazone": 0.0,
            "metformin-rosiglitazone": 0.0,
            "metformin-pioglitazone": 0.0,
            "change": 0.0,
            "diabetesMed": 0.0
        },
        "Inherent": {
            "age": 8.362408328170538,
            "metformin": 2.6982229250474523,
            "insulin": 1.819654635639846,
            "diag_1": 1.1010849434451335,
            "glimepiride": 0.8511816159623393,
            "admission_source_id": 0.8476112013616727,
            "pioglitazone": 0.5051707452618113,
            "glyburide": 0.46016867517611343,
            "diag_2": 0.3851971378095369,
            "rosiglitazone": 0.32825916285446544,
            "number_outpatient": 0.15620866449463197,
            "glyburide-metformin": 0.08189993021624917,
            "glipizide": 0.06292168005611022,
            "medical_specialty": 0.04638569392064665,
            "tolazamide": 0.033450465830176725,
            "nateglinide": 0.01823619136398934,
            "diag_3": 0.004024273898091939,
            "tolbutamide": -0.0,
            "troglitazone": -0.0,
            "miglitol": -0.0,
            "glipizide-metformin": -0.0,
            "glimepiride-pioglitazone": -0.0,
            "metformin-rosiglitazone": -0.0,
            "acetohexamide": -0.0,
            "chlorpropamide": -0.0,
            "repaglinide": 0.0,
            "metformin-pioglitazone": -0.0,
            "acarbose": -0.0,
            "race": -0.08220040141998587,
            "admission_type_id": -0.08868696466711283,
            "num_lab_procedures": -0.6162299315441272,
            "num_medications": -0.7204754843036693,
            "gender": -1.011527217227052,
            "number_emergency": -2.044511096978203,
            "payer_code": -2.23690616536795,
            "change": -2.403697468043725,
            "time_in_hospital": -6.929853870250644,
            "discharge_disposition_id": -7.0835389242051665,
            "number_diagnoses": -9.068790408227906,
            "num_procedures": -11.315856963345226,
            "number_inpatient": -17.365861749501008,
            "diabetesMed": -21.269777084409426
        }
    },
    "DecisionTree": {
        "SHAP": {
            "discharge_disposition_id": -33.062562648670294,
            "number_inpatient": -32.44788816476845,
            "number_diagnoses": -21.86846585949738,
            "diag_1": 8.666279939822461,
            "payer_code": -1.807819876980274,
            "num_medications": -1.3511549541952077,
            "medical_specialty": 0.6074041686816428,
            "admission_source_id": 0.18842438738428138,
            "gender": 0.0,
            "race": 0.0,
            "num_lab_procedures": 0.0,
            "time_in_hospital": 0.0,
            "admission_type_id": 0.0,
            "age": 0.0,
            "number_emergency": 0.0,
            "number_outpatient": 0.0,
            "diag_2": 0.0,
            "num_procedures": 0.0,
            "diag_3": 0.0,
            "metformin": 0.0,
            "repaglinide": 0.0,
            "nateglinide": 0.0,
            "chlorpropamide": 0.0,
            "glimepiride": 0.0,
            "acetohexamide": 0.0,
            "glipizide": 0.0,
            "glyburide": 0.0,
            "tolbutamide": 0.0,
            "pioglitazone": 0.0,
            "rosiglitazone": 0.0,
            "acarbose": 0.0,
            "miglitol": 0.0,
            "troglitazone": 0.0,
            "tolazamide": 0.0,
            "insulin": 0.0,
            "glyburide-metformin": 0.0,
            "glipizide-metformin": 0.0,
            "glimepiride-pioglitazone": 0.0,
            "metformin-rosiglitazone": 0.0,
            "metformin-pioglitazone": 0.0,
            "change": 0.0,
            "diabetesMed": 0.0
        },
        "Lime": {
            "race": 0.0,
            "gender": 0.0,
            "age": 0.0,
            "admission_type_id": 0.0,
            "discharge_disposition_id": -17.662093562374295,
            "admission_source_id": 0.0,
            "time_in_hospital": 0.0,
            "payer_code": -2.7079973929552876,
            "medical_specialty": 0.0,
            "num_lab_procedures": 0.0,
            "num_procedures": 0.0,
            "num_medications": -2.2271738813673183,
            "number_outpatient": 0.0,
            "number_emergency": -4.360664138788269,
            "number_inpatient": -35.6497622240251,
            "diag_1": 0.0,
            "diag_2": 6.779387167341866,
            "diag_3": 0.0,