{
    "LogisticRegression": {
        "SHAP": {
            "number_inpatient": -22.51398026221362,
            "number_diagnoses": 10.953634551847353,
            "payer_code": -10.181464598337483,
            "diabetesMed": 8.660621977186214,
            "age": 5.125674493727184,
            "change": 4.588628352907782,
            "metformin": 4.507535129514804,
            "diag_1": -4.421251120947241,
            "num_procedures": 4.132498999856309,
            "insulin": -4.000081033817881,
            "number_emergency": -3.172032501835868,
            "time_in_hospital": -2.560530221256446,
            "num_lab_procedures": -2.478817635779593,
            "num_medications": -2.3301772924595667,
            "discharge_disposition_id": -2.210555363577281,
            "glimepiride": 1.9118785897282584,
            "gender": -1.3943736598531316,
            "glyburide": 0.6745909430322722,
            "pioglitazone": 0.6173464253938759,
            "diag_2": -0.611916442385022,
            "glipizide": -0.6022381223988742,
            "rosiglitazone": 0.601403909862736,
            "admission_source_id": -0.3500726123463803,
            "glyburide-metformin": 0.2695187181641813,
            "acarbose": 0.25846713170386587,
            "number_outpatient": 0.18603748175787535,
            "admission_type_id": -0.161341490822325,
            "glipizide-metformin": -0.10782404616670753,
            "diag_3": 0.07597837183954004,
            "chlorpropamide": -0.071793556034076,
            "medical_specialty": 0.03967856736683374,
            "race": 0.03887765101207844,
            "tolazamide": 0.03597870845954784,
            "tolbutamide": -0.031585996071164794,
            "troglitazone": -0.02822666668843569,
            "repaglinide": 0.018676229079316823,
            "miglitol": -0.01863131756463074,
            "metformin-rosiglitazone": -0.018329438936832393,
            "acetohexamide": -0.01036746829473105,
            "nateglinide": 0.009487713459993285,
            "glimepiride-pioglitazone": -0.009303361140576331,
            "metformin-pioglitazone": -0.0085918451721071
        },
        "Lime": {
            "race": -33.2113969487485,
            "gender": 0.0,
            "age": 0.0,
            "admission_type_id": 0.0,
            "discharge_disposition_id": -19.25799431301382,
            "admission_source_id": 0.0,
            "time_in_hospital": 0.0,
            "payer_code": 0.0,
            "medical_specialty": 0.0,
            "num_lab_procedures": 0.0,
            "num_procedures": 16.6403216124814,
            "num_medications": 0.0,
            "number_outpatient": 0.0,
            "number_emergency": -30.89028712575627,
            "number_inpatient": 0.0,
            "diag_1": 0.0,
            "diag_2": 0.0,
            "diag_3": 0.0,
            "number_diagnoses": 0.0,
            "metformin": 0.0,
            "repaglinide": 0.0,
            "nateglinide": 0.0,
            "chlorpropamide": 0.0,
            "glimepiride": 0.0,
            "acetohexamide": 0.0,
            "glipizide": 0.0,
            "glyburide": 0.0,
            "tolbutamide": 0.0,
            "pioglitazone": 0.0,
            "rosiglitazone": 0.0,
            "acarbose": 0.0,
            "miglitol": 0.0,
            "troglitazone": 0.0,
            "tolazamide": 0.0,
            "insulin": 0.0,
            "glyburide-metformin": 0.0,
            "glipizide-metformin": 0.0,
            "glimepiride-pioglitazone": 0.0,
            "metformin-rosiglitazone": 0.0,
            "metformin-pioglitazone": 0.0,
            "change": 0.0,
            "diabetesMed": 0.0
        },
        "Inherent": {
            "number_diagnoses": 13.400651075503648,
            "diabetesMed": 6.762572688626331,
            "age": 5.78727394917086,
            "change": 4.615051601008732,
            "num_procedures": 3.991336588281887,
            "metformin": 3.9081226334638717,
            "glimepiride": 1.232856673053532,
            "pioglitazone": 0.7316924057662048,
            "glyburide": 0.6665111314459778,
            "rosiglitazone": 0.47545258476776076,
            "number_outpatient": 0.22625358771788628,
            "glyburide-metformin": 0.11862436123642603,
            "tolazamide": 0.048449859867870045,
            "race": 0.046877111182919415,
            "nateglinide": 0.026413411418380776,
            "medical_specialty": 0.02245474862287854,
            "diag_3": 0.010052538789855847,
            "chlorpropamide": -0.0,
            "troglitazone": -0.0,
            "miglitol": -0.0,
            "acarbose": -0.0,
            "glipizide-metformin": -0.0,
            "metformin-pioglitazone": -0.0,
            "glimepiride-pioglitazone": -0.0,
            "acetohexamide": -0.0,
            "repaglinide": 0.0,
            "metformin-rosiglitazone": -0.0,
            "tolbutamide": -0.0,
            "admission_type_id": -0.12845474356150868,
            "diag_2": -0.4868172616383314,
            "glipizide": -0.6099111396664701,
            "admission_source_id": -0.6466433826159894,
            "time_in_hospital": -1.0887351083341943,
            "gender": -1.465102225361993,
            "num_medications": -1.6917032906238263,
            "num_lab_procedures": -2.430450557121008,
            "discharge_disposition_id": -2.8786604869729406,
            "number_emergency": -2.9612824123225643,
            "insulin": -3.56581032331403,
            "diag_1": -4.473407743380572,
            "payer_code": -10.349553708338465,
            "number_inpatient": -25.15282066682308
        }
    },
    "DecisionTree": {
        "SHAP": {
            "discharge_disposition_id": 56.99764337147197,
            "number_inpatient": -21.105258892470253,
            "payer_code": -13.355383535007043,
            "diag_1": -4.415555904961916,
            "number_diagnoses": 2.836735558771678,
            "num_medications": -0.7792754671994204,
            "medical_specialty": -0.3481476613616234,
            "admission_source_id": 0.1619996087560969,
            "gender": 0.0,
            "race": 0.0,
            "num_lab_procedures": 0.0,
            "time_in_hospital": 0.0,
            "admission_type_id": 0.0,
            "age": 0.0,
            "number_emergency": 0.0,
            "number_outpatient": 0.0,
            "diag_2": 0.0,
            "num_procedures": 0.0,
            "diag_3": 0.0,
            "metformin": 0.0,
            "repaglinide": 0.0,
            "nateglinide": 0.0,
            "chlorpropamide": 0.0,
            "glimepiride": 0.0,
            "acetohexamide": 0.0,
            "glipizide": 0.0,
            "glyburide": 0.0,
            "tolbutamide": 0.0,
            "pioglitazone": 0.0,
            "rosiglitazone": 0.0,
            "acarbose": 0.0,
            "miglitol": 0.0,
            "troglitazone": 0.0,
            "tolazamide": 0.0,
            "insulin": 0.0,
            "glyburide-metformin": 0.0,
            "glipizide-metformin": 0.0,
            "glimepiride-pioglitazone": 0.0,
            "metformin-rosiglitazone": 0.0,
            "metformin-pioglitazone": 0.0,
            "change": 0.0,
            "diabetesMed": 0.0
        },
        "Lime": {
            "race": 0.0,
            "gender": 0.0,
            "age": 0.0,
            "admission_type_id": 0.0,
            "discharge_disposition_id": 30.07076647366842,
            "admission_source_id": 0.0,
            "time_in_hospital": 0.0,
            "payer_code": -6.045778994694687,
            "medical_specialty": 0.0,
            "num_lab_procedures": 0.0,
            "num_procedures": 0.0,
            "num_medications": 0.0,
            "number_outpatient": 0.0,
            "number_emergency": 0.0,
            "number_inpatient": -34.72133446367038,
            "diag_1": 0.0,
            "diag_2": -9.755200557578828,
            "diag_3": 2.682318345993975,
            "number_diagnoses": 4.897379049825633,
            "metformin": 0.0,
            "repaglinide": 0.0,