{
    "LogisticRegression": {
        "SHAP": {
            "number_inpatient": -18.3634406411103,
            "glimepiride": -12.18945487305365,
            "time_in_hospital": -9.573047596096968,
            "discharge_disposition_id": -7.976674543946273,
            "number_diagnoses": -7.71177225596406,
            "diabetesMed": 7.064002710354926,
            "num_medications": -4.611224874030484,
            "metformin": 3.6765535380471204,
            "num_procedures": 3.3706567741233173,
            "diag_1": -3.1860203645901697,
            "change": -3.0293104745813904,
            "admission_source_id": 2.8498538151211403,
            "number_emergency": -2.5872560018584805,
            "payer_code": -2.357975202261861,
            "num_lab_procedures": -1.9265562063944277,
            "insulin": 1.9242283535945661,
            "gender": 1.5559071267678863,
            "admission_type_id": -1.3253749657750107,
            "age": -1.1094217445591592,
            "diag_3": -0.5809914238038245,
            "glyburide": 0.5502274851059923,
            "pioglitazone": 0.5035362164170001,
            "rosiglitazone": 0.4905327654848955,
            "diag_2": 0.46601093279518513,
            "glyburide-metformin": 0.21983189667189726,
            "acarbose": 0.2108177130584065,
            "number_outpatient": 0.15174075012476215,
            "glipizide": 0.09514504939441285,
            "glipizide-metformin": -0.08794626487213551,
            "chlorpropamide": -0.05855813540259164,
            "race": 0.03171040519318236,
            "tolazamide": 0.02934589394881876,
            "tolbutamide": -0.025762995134035366,
            "troglitazone": -0.02302297115803414,
            "repaglinide": 0.015233193780196197,
            "miglitol": -0.015196561877510185,
            "metformin-rosiglitazone": -0.014950335746109565,
            "medical_specialty": 0.009915990253404797,
            "acetohexamide": -0.008456185286278112,
            "nateglinide": 0.007738616668988743,
            "glimepiride-pioglitazone": -0.007588250414988512,
            "metformin-pioglitazone": -0.007007905176163017
        },
        "Lime": {
            "race": 0.0,
            "gender": 0.0,
            "age": 0.0,
            "admission_type_id": -17.24439571006135,
            "discharge_disposition_id": -17.257965641467372,
            "admission_source_id": 0.0,
            "time_in_hospital": -13.903974020103984,
            "payer_code": 0.0,
            "medical_specialty": 0.0,
            "num_lab_procedures": 0.0,
            "num_procedures": 0.0,
            "num_medications": -22.16696721102982,
            "number_outpatient": 0.0,
            "number_emergency": -29.426697417337472,
            "number_inpatient": 0.0,
            "diag_1": 0.0,
            "diag_2": 0.0,
            "diag_3": 0.0,
            "number_diagnoses": 0.0,
            "metformin": 0.0,
            "repaglinide": 0.0,
            "nateglinide": 0.0,
            "chlorpropamide": 0.0,
            "glimepiride": 0.0,
            "acetohexamide": 0.0,
            "glipizide": 0.0,
            "glyburide": 0.0,
            "tolbutamide": 0.0,
            "pioglitazone": 0.0,
            "rosiglitazone": 0.0,
            "acarbose": 0.0,
            "miglitol": 0.0,
            "troglitazone": 0.0,
            "tolazamide": 0.0,
            "insulin": 0.0,
            "glyburide-metformin": 0.0,
            "glipizide-metformin": 0.0,
            "glimepiride-pioglitazone": 0.0,
            "metformin-rosiglitazone": 0.0,
            "metformin-pioglitazone": 0.0,
            "change": 0.0,
            "diabetesMed": 0.0
        },
        "Inherent": {
            "diabetesMed": 5.8213353395437535,
            "num_procedures": 3.4358090926633738,
            "metformin": 3.364177132723035,
            "admission_source_id": 2.6702652995142016,
            "insulin": 2.2687675128122997,
            "gender": 1.510649478351553,
            "pioglitazone": 0.629853024208721,
            "diag_2": 0.5742282071681055,
            "glyburide": 0.5737438963445578,
            "rosiglitazone": 0.40927751337016677,
            "number_outpatient": 0.19476286119569,
            "glyburide-metformin": 0.10211382827098033,
            "glipizide": 0.07845151534080837,
            "tolazamide": 0.041706447299136605,
            "race": 0.040352599004785196,
            "nateglinide": 0.022737105005367676,
            "metformin-pioglitazone": -0.0,
            "metformin-rosiglitazone": -0.0,
            "troglitazone": -0.0,
            "miglitol": -0.0,
            "acarbose": -0.0,
            "glipizide-metformin": -0.0,
            "glimepiride-pioglitazone": -0.0,
            "chlorpropamide": -0.0,
            "repaglinide": 0.0,
            "acetohexamide": -0.0,
            "tolbutamide": -0.0,
            "medical_specialty": -0.003773472832114093,
            "age": -0.46278848446835785,
            "diag_3": -0.6530766615456788,
            "admission_type_id": -1.3391980442227611,
            "num_lab_procedures": -1.9941094499013194,
            "number_emergency": -2.5491212813454234,
            "payer_code": -2.789001790667717,
            "change": -2.9969592137516754,
            "diag_1": -3.418364273960041,
            "num_medications": -4.245990468710128,
            "number_diagnoses": -5.596432589097235,
            "time_in_hospital": -8.640226019501126,
            "discharge_disposition_id": -8.831842412407589,
            "glimepiride": -13.088917519306678,
            "number_inpatient": -21.651967465465617
        }
    },
    "DecisionTree": {
        "SHAP": {
            "discharge_disposition_id": -31.696829749439214,
            "number_inpatient": -29.63531541390903,
            "number_diagnoses": -20.706195473480065,
            "diag_1": -15.093500255864637,
            "payer_code": -1.420150845804289,
            "num_medications": -0.654362146977775,
            "admission_source_id": -0.5550699281243896,
            "medical_specialty": -0.23857618640059308,
            "gender": 0.0,
            "race": 0.0,
            "num_lab_procedures": 0.0,
            "time_in_hospital": 0.0,
            "admission_type_id": 0.0,
            "age": 0.0,
            "number_emergency": 0.0,
            "number_outpatient": 0.0,
            "diag_2": 0.0,
            "num_procedures": 0.0,
            "diag_3": 0.0,
            "metformin": 0.0,
            "repaglinide": 0.0,
            "nateglinide": 0.0,
            "chlorpropamide": 0.0,
            "glimepiride": 0.0,
            "acetohexamide": 0.0,
            "glipizide": 0.0,
            "glyburide": 0.0,
            "tolbutamide": 0.0,
            "pioglitazone": 0.0,
            "rosiglitazone": 0.0,
            "acarbose": 0.0,
            "miglitol": 0.0,
            "troglitazone": 0.0,
            "tolazamide": 0.0,
            "insulin": 0.0,
            "glyburide-metformin": 0.0,
            "glipizide-metformin": 0.0,
            "glimepiride-pioglitazone": 0.0,
            "metformin-rosiglitazone": 0.0,
            "metformin-pioglitazone": 0.0,
            "change": 0.0,
            "diabetesMed": 0.0
        },
        "Lime": {
            "race": 0.0,
            "gender": 0.0,
            "age": 0.0,
            "admission_type_id": 0.0,
            "discharge_disposition_id": -17.654530672612545,
            "admission_source_id": 0.0,
            "time_in_hospital": 0.0,
            "payer_code": 0.0,
            "medical_specialty": 0.0,
            "num_lab_procedures": 0.0,
            "num_procedures": 0.0,
            "num_medications": 0.0,
            "number_outpatient": 0.0,
            "number_emergency": -3.512866547141744,
            "number_inpatient": -33.15742973534157,
            "diag_1": -11.481783478646365,
            "diag_2": -2.622929015526126,
            "diag_3": 0.0,
            "number_diagnoses": -6.998494732707164,