{
    "LogisticRegression": {
        "SHAP": {
            "number_diagnoses": -19.58175149513883,
            "number_inpatient": -19.1177375333271,
            "time_in_hospital": -9.96627020573222,
            "discharge_disposition_id": -8.304324516318756,
            "diabetesMed": 7.354163764329918,
            "glyburide-metformin": -6.657356563432754,
            "metformin": 3.8275716921074885,
            "change": -3.1537424653609993,
            "admission_source_id": 2.9669144421588465,
            "number_emergency": -2.693530158195074,
            "payer_code": -2.454831417921611,
            "insulin": 2.0032679788694994,
            "glimepiride": 1.6234709566374406,
            "gender": 1.6198175852291188,
            "num_medications": -1.4142758440745906,
            "diag_1": 1.3197020741574117,
            "age": -1.1549923644900066,
            "num_lab_procedures": -0.6665511846055476,
            "diag_3": -0.6048562339962429,
            "glyburide": 0.5728286354099595,
            "num_procedures": 0.5512428993933595,
            "pioglitazone": 0.5242194756484784,
            "rosiglitazone": 0.5106818948211176,
            "acarbose": 0.2194772637870544,
            "race": -0.18372343223784354,
            "diag_2": 0.17286209430933244,
            "number_outpatient": 0.1579736548662362,
            "admission_type_id": -0.13700306382313754,
            "glipizide": 0.09905322850259986,
            "glipizide-metformin": -0.09155874662714046,
            "medical_specialty": 0.07264260725903995,
            "chlorpropamide": -0.06096347002432376,
            "tolazamide": 0.030551306215372064,
            "tolbutamide": -0.026821236208983752,
            "troglitazone": -0.02396866297763926,
            "repaglinide": 0.015858912617504647,
            "miglitol": -0.01582077602237608,
            "metformin-rosiglitazone": -0.01556443590366078,
            "acetohexamide": -0.008803531647241073,
            "nateglinide": 0.008056488173439142,
            "glimepiride-pioglitazone": -0.00789994547351555,
            "metformin-pioglitazone": -0.007295761967199002
        },
        "Lime": {
            "race": 0.0,
            "gender": 0.0,
            "age": 0.0,
            "admission_type_id": 0.0,
            "discharge_disposition_id": -21.95119544771107,
            "admission_source_id": 0.0,
            "time_in_hospital": 0.0,
            "payer_code": 0.0,
            "medical_specialty": 0.0,
            "num_lab_procedures": -9.604466565220209,
            "num_procedures": -14.14850583686965,
            "num_medications": 0.0,
            "number_outpatient": 0.0,
            "number_emergency": -26.096503021187107,
            "number_inpatient": 0.0,
            "diag_1": 0.0,
            "diag_2": 0.0,
            "diag_3": 0.0,
            "number_diagnoses": -28.19932912901195,
            "metformin": 0.0,
            "repaglinide": 0.0,
            "nateglinide": 0.0,
            "chlorpropamide": 0.0,
            "glimepiride": 0.0,
            "acetohexamide": 0.0,
            "glipizide": 0.0,
            "glyburide": 0.0,
            "tolbutamide": 0.0,
            "pioglitazone": 0.0,
            "rosiglitazone": 0.0,
            "acarbose": 0.0,
            "miglitol": 0.0,
            "troglitazone": 0.0,
            "tolazamide": 0.0,
            "insulin": 0.0,
            "glyburide-metformin": 0.0,
            "glipizide-metformin": 0.0,
            "glimepiride-pioglitazone": 0.0,
            "metformin-rosiglitazone": 0.0,
            "metformin-pioglitazone": 0.0,
            "change": 0.0,
            "diabetesMed": 0.0
        },
        "Inherent": {
            "diabetesMed": 6.140742793883282,
            "metformin": 3.548764206175247,
            "admission_source_id": 2.8167785292083116,
            "insulin": 2.3932511945602055,
            "gender": 1.5935364237233383,
            "diag_1": 1.229221951339919,
            "glimepiride": 1.1194934353426087,
            "pioglitazone": 0.6644120625283256,
            "glyburide": 0.6052243156444741,
            "num_procedures": 0.5397933082659568,
            "rosiglitazone": 0.4317339226025927,
            "diag_2": 0.28007111390275824,
            "number_outpatient": 0.20544919106090506,
            "glipizide": 0.08275602579116323,
            "medical_specialty": 0.06100752044470032,
            "tolazamide": 0.043994814037069105,
            "nateglinide": 0.023984653961958834,
            "tolbutamide": -0.0,
            "troglitazone": -0.0,
            "miglitol": -0.0,
            "glimepiride-pioglitazone": -0.0,
            "glipizide-metformin": -0.0,
            "metformin-pioglitazone": -0.0,
            "acetohexamide": -0.0,
            "chlorpropamide": -0.0,
            "repaglinide": 0.0,
            "metformin-rosiglitazone": -0.0,
            "acarbose": -0.0,
            "admission_type_id": -0.116643114563799,
            "race": -0.18345109952255914,
            "age": -0.48818095597185873,
            "diag_3": -0.688909944080681,
            "num_lab_procedures": -0.7070361564727861,
            "num_medications": -0.9475857559392252,
            "number_emergency": -2.6889875305454005,
            "payer_code": -2.942029903659981,
            "change": -3.1613976213316866,
            "glyburide-metformin": -7.073393505765717,
            "time_in_hospital": -9.11430154287122,
            "discharge_disposition_id": -9.31643162390903,
            "number_diagnoses": -17.951459139772403,
            "number_inpatient": -22.839976643120846
        }
    },
    "DecisionTree": {
        "SHAP": {
            "discharge_disposition_id": -33.32948236160614,
            "number_inpatient": -32.05050325626809,
            "number_diagnoses": -21.951188508075983,
            "diag_1": 8.699062195082236,
            "payer_code": -1.814658383592383,
            "num_medications": -0.8361391745298948,
            "admission_source_id": -0.7092643021174919,
            "medical_specialty": 0.6097018187277804,
            "gender": 0.0,
            "race": 0.0,
            "num_lab_procedures": 0.0,
            "time_in_hospital": 0.0,
            "admission_type_id": 0.0,
            "age": 0.0,
            "number_emergency": 0.0,
            "number_outpatient": 0.0,
            "diag_2": 0.0,
            "num_procedures": 0.0,
            "diag_3": 0.0,
            "metformin": 0.0,
            "repaglinide": 0.0,
            "nateglinide": 0.0,
            "chlorpropamide": 0.0,
            "glimepiride": 0.0,
            "acetohexamide": 0.0,
            "glipizide": 0.0,
            "glyburide": 0.0,
            "tolbutamide": 0.0,
            "pioglitazone": 0.0,
            "rosiglitazone": 0.0,
            "acarbose": 0.0,
            "miglitol": 0.0,
            "troglitazone": 0.0,
            "tolazamide": 0.0,
            "insulin": 0.0,
            "glyburide-metformin": 0.0,
            "glipizide-metformin": 0.0,
            "glimepiride-pioglitazone": 0.0,
            "metformin-rosiglitazone": 0.0,
            "metformin-pioglitazone": 0.0,
            "change": 0.0,
            "diabetesMed": 0.0
        },
        "Lime": {
            "race": -2.9082037399455407,
            "gender": 2.735536909830982,
            "age": 0.0,
            "admission_type_id": 0.0,
            "discharge_disposition_id": -15.318117735150219,
            "admission_source_id": 0.0,
            "time_in_hospital": 0.0,
            "payer_code": -2.956160765807822,
            "medical_specialty": 0.0,
            "num_lab_procedures": 0.0,
            "num_procedures": -2.7842949240344925,
            "num_medications": -2.2314517325360903,
            "number_outpatient": -2.5064602707664427,
            "number_emergency": -5.648257273245635,
            "number_inpatient": -28.354581334312883,
            "diag_1": 4.731102141092645,
            "diag_2": 2.3772444026014936,
            "diag_3": 0.0,