{
    "LogisticRegression": {
        "SHAP": {
            "discharge_disposition_id": 24.434876879543715,
            "number_inpatient": -19.601492060839348,
            "insulin": -9.019191374743327,
            "diabetesMed": 7.540253253782282,
            "age": -6.831035590493856,
            "change": 3.9950271423406116,
            "metformin": 3.92442442545038,
            "number_diagnoses": 3.61385739940559,
            "time_in_hospital": 3.0968192839587463,
            "number_emergency": -2.761687146266815,
            "payer_code": -2.5169483818473224,
            "num_medications": 2.021985448885696,
            "glimepiride": 1.6645512060230658,
            "diag_2": -1.3680425944354802,
            "gender": -1.2139925461926002,
            "admission_type_id": 1.1337913294144677,
            "diag_1": -0.7458028126457378,
            "glyburide": 0.5873234701353114,
            "num_procedures": 0.5651915294483358,
            "pioglitazone": 0.5374843059827671,
            "rosiglitazone": 0.5236041707079786,
            "diag_3": 0.5111204311711346,
            "admission_source_id": -0.304785979720415,
            "num_lab_procedures": 0.28278578496444645,
            "glyburide-metformin": 0.23465282250466737,
            "acarbose": 0.22503090839891812,
            "number_outpatient": 0.16197101441968645,
            "race": -0.11429880866596404,
            "glipizide": 0.10155966775407015,
            "glipizide-metformin": -0.0938755457848344,
            "chlorpropamide": -0.06250608742796333,
            "medical_specialty": -0.04532468403334304,
            "tolazamide": 0.03132437534435949,
            "tolbutamide": -0.027499919783698215,
            "troglitazone": -0.02457516514420762,
            "repaglinide": 0.016260205959186168,
            "miglitol": -0.016221104357056888,
            "metformin-rosiglitazone": -0.015958277817404203,
            "acetohexamide": -0.009026295888303915,
            "nateglinide": 0.008260349253912497,
            "glimepiride-pioglitazone": -0.008099845403266701,
            "metformin-pioglitazone": -0.007480373659724418
        },
        "Lime": {
            "race": -23.375487898430112,
            "gender": 0.0,
            "age": 0.0,
            "admission_type_id": 0.0,
            "discharge_disposition_id": 22.88610142941866,
            "admission_source_id": 0.0,
            "time_in_hospital": 12.105050679542709,
            "payer_code": 0.0,
            "medical_specialty": 0.0,
            "num_lab_procedures": 0.0,
            "num_procedures": 0.0,
            "num_medications": 5.729673266545044,
            "number_outpatient": 0.0,
            "number_emergency": -21.793136891539977,
            "number_inpatient": 0.0,
            "diag_1": 0.0,
            "diag_2": 0.0,
            "diag_3": 0.0,
            "number_diagnoses": 14.1105498345235,
            "metformin": 0.0,
            "repaglinide": 0.0,
            "nateglinide": 0.0,
            "chlorpropamide": 0.0,
            "glimepiride": 0.0,
            "acetohexamide": 0.0,
            "glipizide": 0.0,
            "glyburide": 0.0,
            "tolbutamide": 0.0,
            "pioglitazone": 0.0,
            "rosiglitazone": 0.0,
            "acarbose": 0.0,
            "miglitol": 0.0,
            "troglitazone": 0.0,
            "tolazamide": 0.0,
            "insulin": 0.0,
            "glyburide-metformin": 0.0,
            "glipizide-metformin": 0.0,
            "glimepiride-pioglitazone": 0.0,
            "metformin-rosiglitazone": 0.0,
            "metformin-pioglitazone": 0.0,
            "change": 0.0,
            "diabetesMed": 0.0
        },
        "Inherent": {
            "discharge_disposition_id": 23.081217403410488,
            "number_diagnoses": 5.861386661684626,
            "diabetesMed": 5.857841498657,
            "time_in_hospital": 4.22447544881514,
            "change": 3.9976266476662143,
            "metformin": 3.3852742141534886,
            "num_medications": 2.4647556857752178,
            "admission_type_id": 1.125057449096974,
            "glimepiride": 1.0679188696123503,
            "pioglitazone": 0.6338028936765612,
            "glyburide": 0.5773419000238733,
            "num_procedures": 0.5149252701167235,
            "diag_3": 0.440431943368628,
            "rosiglitazone": 0.411844132393653,
            "num_lab_procedures": 0.2629765520441548,
            "number_outpatient": 0.195984238007959,
            "glyburide-metformin": 0.10275419400239606,
            "glipizide": 0.07894349241044259,
            "tolazamide": 0.041967992479467996,
            "nateglinide": 0.02287969159842342,
            "troglitazone": -0.0,
            "miglitol": -0.0,
            "acetohexamide": -0.0,
            "chlorpropamide": -0.0,
            "acarbose": -0.0,
            "glipizide-metformin": -0.0,
            "metformin-pioglitazone": -0.0,
            "glimepiride-pioglitazone": -0.0,
            "metformin-rosiglitazone": -0.0,
            "tolbutamide": -0.0,
            "repaglinide": 0.0,
            "medical_specialty": -0.05804194588396197,
            "race": -0.10313117449895293,
            "admission_source_id": -0.5601321591545533,
            "diag_1": -0.8638229619919767,
            "diag_2": -1.2321080879676236,
            "gender": -1.269093436871215,
            "number_emergency": -2.565107068397343,
            "payer_code": -2.806491891683822,
            "age": -5.944404511128583,
            "insulin": -8.460511527776578,
            "number_inpatient": -21.78774905565161
        }
    },
    "DecisionTree": {
        "SHAP": {
            "number_inpatient": -49.99685736798894,
            "discharge_disposition_id": -35.8230473777403,
            "diag_1": -4.435969120683113,
            "payer_code": -3.5287437224929494,
            "number_diagnoses": 3.251346582851875,
            "num_medications": 2.0034378063462546,
            "medical_specialty": -0.5928061956127013,
            "admission_source_id": 0.36779182628387364,
            "gender": 0.0,
            "race": 0.0,
            "num_lab_procedures": 0.0,
            "time_in_hospital": 0.0,
            "admission_type_id": 0.0,
            "age": 0.0,
            "number_emergency": 0.0,
            "number_outpatient": 0.0,
            "diag_2": 0.0,
            "num_procedures": 0.0,
            "diag_3": 0.0,
            "metformin": 0.0,
            "repaglinide": 0.0,
            "nateglinide": 0.0,
            "chlorpropamide": 0.0,
            "glimepiride": 0.0,
            "acetohexamide": 0.0,
            "glipizide": 0.0,
            "glyburide": 0.0,
            "tolbutamide": 0.0,
            "pioglitazone": 0.0,
            "rosiglitazone": 0.0,
            "acarbose": 0.0,
            "miglitol": 0.0,
            "troglitazone": 0.0,
            "tolazamide": 0.0,
            "insulin": 0.0,
            "glyburide-metformin": 0.0,
            "glipizide-metformin": 0.0,
            "glimepiride-pioglitazone": 0.0,
            "metformin-rosiglitazone": 0.0,
            "metformin-pioglitazone": 0.0,
            "change": 0.0,
            "diabetesMed": 0.0
        },
        "Lime": {
            "race": -4.508380070593136,
            "gender": 0.0,
            "age": 0.0,
            "admission_type_id": 0.0,
            "discharge_disposition_id": 0.0,
            "admission_source_id": 0.0,
            "time_in_hospital": 0.0,
            "payer_code": 0.0,
            "medical_specialty": 0.0,
            "num_lab_procedures": 0.0,
            "num_procedures": 0.0,
            "num_medications": 3.979037593012267,
            "number_outpatient": 0.0,
            "number_emergency": 0.0,
            "number_inpatient": -44.383680611322006,
            "diag_1": 10.162908543461604,
            "diag_2": -4.455642966377973,
            "diag_3": -6.9631555826930684,
            "number_diagnoses": 0.0,
            "metformin": 0.0,