{
    "LogisticRegression": {
        "SHAP": {
            "number_inpatient": 44.50375448771345,
            "number_emergency": 10.43570023520542,
            "number_diagnoses": 5.662564858330824,
            "discharge_disposition_id": -5.055627183412911,
            "insulin": 4.507029474070421,
            "diabetesMed": 4.477174532998396,
            "age": -4.056062515463069,
            "diag_2": -3.903833011357344,
            "time_in_hospital": -2.904927273237004,
            "payer_code": 2.812823905492137,
            "change": 2.372126396597183,
            "metformin": 2.3302046367593574,
            "num_procedures": -1.4651395486140502,
            "glimepiride": 0.9883602072304376,
            "gender": -0.7208320898687322,
            "admission_type_id": 0.6732110308420446,
            "number_outpatient": -0.6093564297209894,
            "num_lab_procedures": 0.34907881918376504,
            "glyburide": 0.3487349290029544,
            "pioglitazone": 0.3191419393539969,
            "rosiglitazone": 0.3109003344535668,
            "diag_1": -0.26175428998528005,
            "admission_source_id": -0.18097270482721756,
            "num_medications": 0.1697952444179848,
            "glyburide-metformin": 0.1393297553350884,
            "acarbose": 0.13361655349119153,
            "glipizide": 0.06030306181297268,
            "glipizide-metformin": -0.05574046238411945,
            "chlorpropamide": -0.03711422592463618,
            "medical_specialty": -0.026912427771373877,
            "race": 0.020098097974093617,
            "tolazamide": 0.018599467528958757,
            "tolbutamide": -0.016328621383282182,
            "troglitazone": -0.014591990457705808,
            "diag_3": -0.009981943293091544,
            "repaglinide": 0.009654818952567649,
            "miglitol": -0.009631601602783698,
            "metformin-rosiglitazone": -0.009475543145551003,
            "acetohexamide": -0.0053595417445894316,
            "nateglinide": 0.004904745778232078,
            "glimepiride-pioglitazone": -0.00480944344177553,
            "metformin-pioglitazone": -0.00444161983947034
        },
        "Lime": {
            "race": 0.0,
            "gender": 0.0,
            "age": 0.0,
            "admission_type_id": 0.0,
            "discharge_disposition_id": -12.999619902847664,
            "admission_source_id": 0.0,
            "time_in_hospital": 0.0,
            "payer_code": 0.0,
            "medical_specialty": 0.0,
            "num_lab_procedures": 0.0,
            "num_procedures": -5.78055898089763,
            "num_medications": 0.0,
            "number_outpatient": 0.0,
            "number_emergency": 17.35981438532785,
            "number_inpatient": 63.86000673092687,
            "diag_1": 0.0,
            "diag_2": 0.0,
            "diag_3": 0.0,
            "number_diagnoses": 0.0,
            "metformin": 0.0,
            "repaglinide": 0.0,
            "nateglinide": 0.0,
            "chlorpropamide": 0.0,
            "glimepiride": 0.0,
            "acetohexamide": 0.0,
            "glipizide": 0.0,
            "glyburide": 0.0,
            "tolbutamide": 0.0,
            "pioglitazone": 0.0,
            "rosiglitazone": 0.0,
            "acarbose": 0.0,
            "miglitol": 0.0,
            "troglitazone": 0.0,
            "tolazamide": 0.0,
            "insulin": 0.0,
            "glyburide-metformin": 0.0,
            "glipizide-metformin": 0.0,
            "glimepiride-pioglitazone": 0.0,
            "metformin-rosiglitazone": 0.0,
            "metformin-pioglitazone": 0.0,
            "change": 0.0,
            "diabetesMed": 0.0
        },
        "Inherent": {
            "number_inpatient": 43.76046589680236,
            "number_emergency": 10.73926937952747,
            "number_diagnoses": 7.261810436588187,
            "insulin": 4.788773169257516,
            "diabetesMed": 3.6646369382919874,
            "payer_code": 2.6473509840516822,
            "change": 2.5008956425155375,
            "metformin": 2.1178109606206443,
            "admission_type_id": 0.703830427403434,
            "glimepiride": 0.6680848120553761,
            "num_medications": 0.48822216876973434,
            "pioglitazone": 0.39650398466670367,
            "glyburide": 0.3611822636949522,
            "num_lab_procedures": 0.34971403830644043,
            "rosiglitazone": 0.257647671200154,
            "glyburide-metformin": 0.06428252027507625,
            "glipizide": 0.04938666203095584,
            "tolazamide": 0.026254970453106184,
            "race": 0.025402698220200838,
            "nateglinide": 0.014313422954092263,
            "troglitazone": -0.0,
            "miglitol": -0.0,
            "glimepiride-pioglitazone": -0.0,
            "acetohexamide": -0.0,
            "acarbose": -0.0,
            "tolbutamide": -0.0,
            "metformin-pioglitazone": -0.0,
            "glipizide-metformin": -0.0,
            "metformin-rosiglitazone": -0.0,
            "chlorpropamide": -0.0,
            "repaglinide": 0.0,
            "medical_specialty": -0.03631075694101265,
            "diag_3": -0.04490728632977546,
            "admission_source_id": -0.35041593413437894,
            "diag_1": -0.35529646068426585,
            "number_outpatient": -0.5986095679622302,
            "gender": -0.7939386355824828,
            "num_procedures": -1.518635136220095,
            "time_in_hospital": -2.2063836130960506,
            "age": -3.7187903347377467,
            "diag_2": -3.9310670911118497,
            "discharge_disposition_id": -5.559806135514486
        }
    },
    "DecisionTree": {
        "SHAP": {
            "number_inpatient": 76.52102518089728,
            "discharge_disposition_id": -15.29592043729572,
            "payer_code": 2.6945779325477326,
            "diag_1": -2.0576678487968403,
            "number_diagnoses": 1.8728830596646624,
            "num_medications": -1.2083476117621221,
            "medical_specialty": -0.18106864163925307,
            "admission_source_id": 0.16850928739639068,
            "gender": 0.0,
            "race": 0.0,
            "num_lab_procedures": 0.0,
            "time_in_hospital": 0.0,
            "admission_type_id": 0.0,
            "age": 0.0,
            "number_emergency": 0.0,
            "number_outpatient": 0.0,
            "diag_2": 0.0,
            "num_procedures": 0.0,
            "diag_3": 0.0,
            "metformin": 0.0,
            "repaglinide": 0.0,
            "nateglinide": 0.0,
            "chlorpropamide": 0.0,
            "glimepiride": 0.0,
            "acetohexamide": 0.0,
            "glipizide": 0.0,
            "glyburide": 0.0,
            "tolbutamide": 0.0,
            "pioglitazone": 0.0,
            "rosiglitazone": 0.0,
            "acarbose": 0.0,
            "miglitol": 0.0,
            "troglitazone": 0.0,
            "tolazamide": 0.0,
            "insulin": 0.0,
            "glyburide-metformin": 0.0,
            "glipizide-metformin": 0.0,
            "glimepiride-pioglitazone": 0.0,
            "metformin-rosiglitazone": 0.0,
            "metformin-pioglitazone": 0.0,
            "change": 0.0,
            "diabetesMed": 0.0
        },
        "Lime": {
            "race": 2.625344877423786,
            "gender": 0.0,
            "age": 0.0,
            "admission_type_id": 0.0,
            "discharge_disposition_id": -12.894070115527356,
            "admission_source_id": 0.0,
            "time_in_hospital": 0.0,
            "payer_code": 3.2079663529540836,
            "medical_specialty": 0.0,
            "num_lab_procedures": 0.0,
            "num_procedures": 0.0,
            "num_medications": 2.782937582554359,
            "number_outpatient": 0.0,
            "number_emergency": 2.3772111394615547,
            "number_inpatient": 41.16643525556136,
            "diag_1": 0.0,
            "diag_2": -3.2216716853580434,
            "diag_3": 0.0,
            "number_diagnoses": 4.112892432456908,