{
    "LogisticRegression": {
        "SHAP": {
            "number_inpatient": 20.348987155752013,
            "diabetesMed": -19.118846081208815,
            "discharge_disposition_id": 17.9666727430704,
            "time_in_hospital": 8.151391937781689,
            "num_medications": 4.890682288622549,
            "diag_1": 4.22660129652571,
            "payer_code": 3.483228415574792,
            "metformin": 2.8855823462735493,
            "num_procedures": 2.6454960011064954,
            "change": -2.3775867089580713,
            "admission_source_id": 2.2367382314095083,
            "number_emergency": -2.030635530529688,
            "number_diagnoses": -1.6977203834198602,
            "insulin": 1.5102511930999476,
            "glimepiride": 1.2239245947556432,
            "gender": -0.8926342005933823,
            "age": -0.8707415158089515,
            "diag_2": -0.596454904711858,
            "glyburide": 0.43185192355438895,
            "pioglitazone": 0.3952057821995058,
            "rosiglitazone": 0.3849998847300387,
            "diag_3": -0.3090428039953625,
            "num_lab_procedures": 0.24532046745332428,
            "glyburide-metformin": 0.17253741408079767,
            "acarbose": 0.1654625357111565,
            "race": 0.133819048059906,
            "number_outpatient": 0.11909534982670167,
            "admission_type_id": -0.1032857524703242,
            "glipizide": 0.0746756091069124,
            "medical_specialty": -0.07443606717860082,
            "glipizide-metformin": -0.06902556612041896,
            "chlorpropamide": -0.04595997855050109,
            "tolazamide": 0.02303243856998388,
            "tolbutamide": -0.020220362134422156,
            "troglitazone": -0.018069825026314344,
            "repaglinide": 0.011955934979488068,
            "miglitol": -0.011927184039074097,
            "metformin-rosiglitazone": -0.011733930827715108,
            "acetohexamide": -0.006636927417589948,
            "nateglinide": 0.006073736017583852,
            "glimepiride-pioglitazone": -0.005955719455733694,
            "metformin-pioglitazone": -0.005500229291217207
        },
        "Lime": {
            "race": -17.9620118407339,
            "gender": 0.0,
            "age": 0.0,
            "admission_type_id": 0.0,
            "discharge_disposition_id": 13.920235394467348,
            "admission_source_id": 0.0,
            "time_in_hospital": 9.096384390141331,
            "payer_code": 0.0,
            "medical_specialty": 0.0,
            "num_lab_procedures": 0.0,
            "num_procedures": 0.0,
            "num_medications": 4.213743831666034,
            "number_outpatient": 0.0,
            "number_emergency": -13.598362755943427,
            "number_inpatient": 41.20926178704797,
            "diag_1": 0.0,
            "diag_2": 0.0,
            "diag_3": 0.0,
            "number_diagnoses": 0.0,
            "metformin": 0.0,
            "repaglinide": 0.0,
            "nateglinide": 0.0,
            "chlorpropamide": 0.0,
            "glimepiride": 0.0,
            "acetohexamide": 0.0,
            "glipizide": 0.0,
            "glyburide": 0.0,
            "tolbutamide": 0.0,
            "pioglitazone": 0.0,
            "rosiglitazone": 0.0,
            "acarbose": 0.0,
            "miglitol": 0.0,
            "troglitazone": 0.0,
            "tolazamide": 0.0,
            "insulin": 0.0,
            "glyburide-metformin": 0.0,
            "glipizide-metformin": 0.0,
            "glimepiride-pioglitazone": 0.0,
            "metformin-rosiglitazone": 0.0,
            "metformin-pioglitazone": 0.0,
            "change": 0.0,
            "diabetesMed": 0.0
        },
        "Inherent": {
            "number_inpatient": 19.00634239378726,
            "discharge_disposition_id": 18.21709830857903,
            "time_in_hospital": 9.45203372024744,
            "num_medications": 5.490364194190686,
            "diag_1": 4.291116218759808,
            "payer_code": 3.339940080296093,
            "num_procedures": 2.728754806849941,
            "metformin": 2.6718639698623248,
            "admission_source_id": 2.120752077632352,
            "insulin": 1.801878419098214,
            "glimepiride": 0.8428664178883473,
            "pioglitazone": 0.5002357293624267,
            "glyburide": 0.45567328475674945,
            "rosiglitazone": 0.3250523972153231,
            "num_lab_procedures": 0.2464983509631927,
            "number_outpatient": 0.15468266115787277,
            "race": 0.14549428091354275,
            "number_diagnoses": 0.09070906406937378,
            "glyburide-metformin": 0.08109984932960515,
            "glipizide": 0.062306997803811597,
            "tolazamide": 0.0331236880381884,
            "nateglinide": 0.018058041906267145,
            "troglitazone": -0.0,
            "miglitol": -0.0,
            "glipizide-metformin": -0.0,
            "acetohexamide": -0.0,
            "metformin-rosiglitazone": -0.0,
            "metformin-pioglitazone": -0.0,
            "glimepiride-pioglitazone": -0.0,
            "acarbose": -0.0,
            "repaglinide": 0.0,
            "chlorpropamide": -0.0,
            "tolbutamide": -0.0,
            "admission_type_id": -0.08782058120210529,
            "medical_specialty": -0.08862352539922731,
            "diag_3": -0.365634586467564,
            "age": -0.36755135907999603,
            "diag_2": -0.5460328925374137,
            "gender": -1.001645602057336,
            "number_emergency": -2.024538256379869,
            "change": -2.380215733732371,
            "diabetesMed": -21.06199251043627
        }
    },
    "DecisionTree": {
        "SHAP": {
            "discharge_disposition_id": -69.64387905779394,
            "number_inpatient": -8.503119724712267,
            "payer_code": 7.170766388452139,
            "admission_source_id": -5.044884932178055,
            "num_medications": 3.8413497909125307,
            "diag_1": 3.0726147576997387,
            "number_diagnoses": 2.097974413442021,
            "medical_specialty": -0.4517409390061676,
            "number_emergency": -0.17366999580315584,
            "gender": 0.0,
            "num_lab_procedures": 0.0,
            "time_in_hospital": 0.0,
            "admission_type_id": 0.0,
            "age": 0.0,
            "race": 0.0,
            "number_outpatient": 0.0,
            "diag_2": 0.0,
            "num_procedures": 0.0,
            "diag_3": 0.0,
            "metformin": 0.0,
            "repaglinide": 0.0,
            "nateglinide": 0.0,
            "chlorpropamide": 0.0,
            "glimepiride": 0.0,
            "acetohexamide": 0.0,
            "glipizide": 0.0,
            "glyburide": 0.0,
            "tolbutamide": 0.0,
            "pioglitazone": 0.0,
            "rosiglitazone": 0.0,
            "acarbose": 0.0,
            "miglitol": 0.0,
            "troglitazone": 0.0,
            "tolazamide": 0.0,
            "insulin": 0.0,
            "glyburide-metformin": 0.0,
            "glipizide-metformin": 0.0,
            "glimepiride-pioglitazone": 0.0,
            "metformin-rosiglitazone": 0.0,
            "metformin-pioglitazone": 0.0,
            "change": 0.0,
            "diabetesMed": 0.0
        },
        "Lime": {
            "race": -9.77773014959137,
            "gender": 0.0,
            "age": 0.0,
            "admission_type_id": 0.0,
            "discharge_disposition_id": 2.4509475032233343,
            "admission_source_id": 0.0,
            "time_in_hospital": 0.0,
            "payer_code": 4.48895812234286,
            "medical_specialty": 0.0,
            "num_lab_procedures": -3.0052011626067268,
            "num_procedures": 0.0,
            "num_medications": 5.36825745806134,
            "number_outpatient": 4.374227851472493,
            "number_emergency": 0.0,
            "number_inpatient": 9.2459224868393,
            "diag_1": -5.314775323979995,
            "diag_2": 0.0,
            "diag_3": -4.534782617336431,