{
    "LogisticRegression": {
        "SHAP": {
            "number_inpatient": -18.490086699130988,
            "time_in_hospital": 17.99358828504299,
            "age": 9.536212129798338,
            "number_diagnoses": 8.995906107023513,
            "diabetesMed": 7.11272060122289,
            "num_medications": 5.182521611344838,
            "change": 3.7685089480936353,
            "metformin": 3.7019094079952226,
            "num_procedures": 3.39390298390101,
            "number_emergency": -2.605099377733925,
            "payer_code": -2.3742373107693737,
            "diag_2": -2.2228525500687075,
            "insulin": 1.9374990657926294,
            "discharge_disposition_id": -1.8154657617059755,
            "glimepiride": 1.570171087944803,
            "gender": 1.566637659683941,
            "num_lab_procedures": 1.1302019563271566,
            "glipizide": -1.0850030480923434,
            "diag_1": 1.073309446026808,
            "admission_type_id": 1.0695053169691615,
            "glyburide": 0.5540222065509108,
            "diag_3": 0.5105969014164338,
            "pioglitazone": 0.507008924942934,
            "rosiglitazone": 0.4939157938777105,
            "admission_source_id": -0.287504602824033,
            "glyburide-metformin": 0.2213479983483108,
            "acarbose": 0.2122716471463362,
            "number_outpatient": 0.1527872516067002,
            "medical_specialty": 0.1003943486480783,
            "glipizide-metformin": -0.08855279869013717,
            "chlorpropamide": -0.05896198984134956,
            "race": 0.031929100474444895,
            "tolazamide": 0.0295482820448377,
            "tolbutamide": -0.025940673263112515,
            "troglitazone": -0.023181752325358608,
            "repaglinide": 0.0153382516493086,
            "miglitol": -0.01530136710953983,
            "metformin-rosiglitazone": -0.015053442844900835,
            "acetohexamide": -0.008514504560608553,
            "nateglinide": 0.007791987130157473,
            "glimepiride-pioglitazone": -0.007640583854081657,
            "metformin-pioglitazone": -0.007056236182475468
        },
        "Lime": {
            "race": 0.0,
            "gender": 0.0,
            "age": 0.0,
            "admission_type_id": 0.0,
            "discharge_disposition_id": -27.451673795615882,
            "admission_source_id": 0.0,
            "time_in_hospital": 33.62987959391746,
            "payer_code": 0.0,
            "medical_specialty": 0.0,
            "num_lab_procedures": 0.0,
            "num_procedures": 0.0,
            "num_medications": 0.0,
            "number_outpatient": 0.0,
            "number_emergency": -38.91844661046666,
            "number_inpatient": 0.0,
            "diag_1": 0.0,
            "diag_2": 0.0,
            "diag_3": 0.0,
            "number_diagnoses": 0.0,
            "metformin": 0.0,
            "repaglinide": 0.0,
            "nateglinide": 0.0,
            "chlorpropamide": 0.0,
            "glimepiride": 0.0,
            "acetohexamide": 0.0,
            "glipizide": 0.0,
            "glyburide": 0.0,
            "tolbutamide": 0.0,
            "pioglitazone": 0.0,
            "rosiglitazone": 0.0,
            "acarbose": 0.0,
            "miglitol": 0.0,
            "troglitazone": 0.0,
            "tolazamide": 0.0,
            "insulin": 0.0,
            "glyburide-metformin": 0.0,
            "glipizide-metformin": 0.0,
            "glimepiride-pioglitazone": 0.0,
            "metformin-rosiglitazone": 0.0,
            "metformin-pioglitazone": 0.0,
            "change": 0.0,
            "diabetesMed": 0.0
        },
        "Inherent": {
            "time_in_hospital": 18.165799644811433,
            "number_diagnoses": 10.689121520728332,
            "age": 9.661350550781359,
            "diabetesMed": 5.3942126284911565,
            "num_medications": 5.371744520535854,
            "change": 3.681227658989706,
            "num_procedures": 3.1837170882140025,
            "metformin": 3.1173409046794474,
            "insulin": 2.102303621918085,
            "gender": 1.3998101840987884,
            "num_lab_procedures": 1.0599734853000884,
            "admission_type_id": 1.0360128557743171,
            "glimepiride": 0.983396606751419,
            "diag_1": 0.8874531547126487,
            "pioglitazone": 0.5836394811686475,
            "glyburide": 0.531647189289751,
            "diag_3": 0.43252606791904663,
            "rosiglitazone": 0.37924802513641875,
            "number_outpatient": 0.1804727307644162,
            "glyburide-metformin": 0.09462153782160745,
            "medical_specialty": 0.08213455621425358,
            "tolazamide": 0.03864636403649198,
            "race": 0.03739185022814918,
            "nateglinide": 0.021068839330066213,
            "acarbose": -0.0,
            "troglitazone": -0.0,
            "glimepiride-pioglitazone": -0.0,
            "glipizide-metformin": -0.0,
            "metformin-pioglitazone": -0.0,
            "miglitol": -0.0,
            "chlorpropamide": -0.0,
            "acetohexamide": -0.0,
            "repaglinide": 0.0,
            "tolbutamide": -0.0,
            "metformin-rosiglitazone": -0.0,
            "admission_source_id": -0.515799542754482,
            "glipizide": -1.0456950078035638,
            "diag_2": -2.0176860095494997,
            "discharge_disposition_id": -2.296183341302041,
            "number_emergency": -2.362087288458242,
            "payer_code": -2.5843672976385097,
            "number_inpatient": -20.063320444798176
        }
    },
    "DecisionTree": {
        "SHAP": {
            "discharge_disposition_id": 51.28841354729165,
            "number_inpatient": -23.580176229825835,
            "payer_code": -15.110074662953732,
            "diag_1": 4.78825848092392,
            "number_diagnoses": 2.8697405339334017,
            "num_medications": 1.3311802300354874,
            "medical_specialty": 0.7877777741265126,
            "admission_source_id": 0.24437854090945593,
            "gender": 0.0,
            "race": 0.0,
            "num_lab_procedures": 0.0,
            "time_in_hospital": 0.0,
            "admission_type_id": 0.0,
            "age": 0.0,
            "number_emergency": 0.0,
            "number_outpatient": 0.0,
            "diag_2": 0.0,
            "num_procedures": 0.0,
            "diag_3": 0.0,
            "metformin": 0.0,
            "repaglinide": 0.0,
            "nateglinide": 0.0,
            "chlorpropamide": 0.0,
            "glimepiride": 0.0,
            "acetohexamide": 0.0,
            "glipizide": 0.0,
            "glyburide": 0.0,
            "tolbutamide": 0.0,
            "pioglitazone": 0.0,
            "rosiglitazone": 0.0,
            "acarbose": 0.0,
            "miglitol": 0.0,
            "troglitazone": 0.0,
            "tolazamide": 0.0,
            "insulin": 0.0,
            "glyburide-metformin": 0.0,
            "glipizide-metformin": 0.0,
            "glimepiride-pioglitazone": 0.0,
            "metformin-rosiglitazone": 0.0,
            "metformin-pioglitazone": 0.0,
            "change": 0.0,
            "diabetesMed": 0.0
        },
        "Lime": {
            "race": 1.6497825262144994,
            "gender": 0.0,
            "age": 0.0,
            "admission_type_id": 0.0,
            "discharge_disposition_id": 21.346349412171715,
            "admission_source_id": 1.6688702021592148,
            "time_in_hospital": 0.0,
            "payer_code": -1.9865183730205511,
            "medical_specialty": 0.0,
            "num_lab_procedures": 0.0,
            "num_procedures": 0.0,
            "num_medications": 0.0,
            "number_outpatient": 0.0,
            "number_emergency": 0.0,
            "number_inpatient": -26.10650916349161,
            "diag_1": -2.541760805754935,
            "diag_2": 0.0,
            "diag_3": 5.989603629771546,
            "number_diagnoses": 3.4949678910629562,
            "metformin": 1.8372917937051043,