{
    "LogisticRegression": {
        "SHAP": {
            "diabetesMed": -18.6354938279756,
            "number_inpatient": -14.048367579698509,
            "number_emergency": 12.596219925326894,
            "time_in_hospital": -7.323556304957678,
            "number_diagnoses": 6.834894706570551,
            "payer_code": -6.353072869002732,
            "discharge_disposition_id": -6.1023017552665895,
            "age": -4.89579561736441,
            "diag_1": 4.2483174577768,
            "num_medications": -3.5276712729969337,
            "metformin": 2.8126306250746347,
            "change": -2.317477856773643,
            "num_procedures": -1.7684697298392136,
            "insulin": 1.4720698450189835,
            "glimepiride": 1.1929819997815596,
            "gender": 1.1902973774846066,
            "admission_type_id": 0.8125869859729157,
            "diag_2": -0.7509927107035675,
            "num_lab_procedures": 0.6400260716401157,
            "glyburide": 0.4209340784382932,
            "pioglitazone": 0.38521440486922454,
            "rosiglitazone": 0.37526652734077176,
            "diag_3": 0.2717274535749092,
            "admission_source_id": -0.21843977300101397,
            "glyburide-metformin": 0.16817541715332868,
            "acarbose": 0.16127940200518068,
            "number_outpatient": 0.11608444605961121,
            "glipizide": 0.07278770103076208,
            "glipizide-metformin": -0.06728049935366495,
            "chlorpropamide": -0.0447980434056406,
            "medical_specialty": -0.03248415068392654,
            "race": 0.024259039303218047,
            "tolazamide": 0.02245014500305155,
            "tolbutamide": -0.019709161952290322,
            "troglitazone": -0.017612993552024517,
            "repaglinide": 0.01165367154333199,
            "miglitol": -0.011625647468533895,
            "metformin-rosiglitazone": -0.011437279979605964,
            "acetohexamide": -0.006469136233529399,
            "nateglinide": 0.00592018313174686,
            "glimepiride-pioglitazone": -0.005805150200333748,
            "metformin-pioglitazone": -0.005361175490066407
        },
        "Lime": {
            "race": -30.77853672073001,
            "gender": 0.0,
            "age": 0.0,
            "admission_type_id": 0.0,
            "discharge_disposition_id": -17.949344429623537,
            "admission_source_id": 0.0,
            "time_in_hospital": 0.0,
            "payer_code": 0.0,
            "medical_specialty": 0.0,
            "num_lab_procedures": 0.0,
            "num_procedures": -13.931818555977499,
            "num_medications": 0.0,
            "number_outpatient": 0.0,
            "number_emergency": 20.549534335975448,
            "number_inpatient": 0.0,
            "diag_1": 0.0,
            "diag_2": 0.0,
            "diag_3": 0.0,
            "number_diagnoses": -16.790765957693505,
            "metformin": 0.0,
            "repaglinide": 0.0,
            "nateglinide": 0.0,
            "chlorpropamide": 0.0,
            "glimepiride": 0.0,
            "acetohexamide": 0.0,
            "glipizide": 0.0,
            "glyburide": 0.0,
            "tolbutamide": 0.0,
            "pioglitazone": 0.0,
            "rosiglitazone": 0.0,
            "acarbose": 0.0,
            "miglitol": 0.0,
            "troglitazone": 0.0,
            "tolazamide": 0.0,
            "insulin": 0.0,
            "glyburide-metformin": 0.0,
            "glipizide-metformin": 0.0,
            "glimepiride-pioglitazone": 0.0,
            "metformin-rosiglitazone": 0.0,
            "metformin-pioglitazone": 0.0,
            "change": 0.0,
            "diabetesMed": 0.0
        },
        "Inherent": {
            "number_emergency": 12.326921006667412,
            "number_diagnoses": 8.335368119907827,
            "diag_1": 4.029102384205208,
            "metformin": 2.4308998588294832,
            "insulin": 1.6393746253629227,
            "gender": 1.0915708236484079,
            "admission_type_id": 0.8078819679512353,
            "glimepiride": 0.7668518604869213,
            "num_lab_procedures": 0.6139904212226025,
            "pioglitazone": 0.45512158463338426,
            "glyburide": 0.41457803843383023,
            "rosiglitazone": 0.2957372962904356,
            "diag_3": 0.22431268629841986,
            "number_outpatient": 0.14073248616448727,
            "glyburide-metformin": 0.07378579692310758,
            "glipizide": 0.0566877931937452,
            "tolazamide": 0.030136402707692137,
            "race": 0.029158133877670245,
            "nateglinide": 0.016429463481609667,
            "miglitol": -0.0,
            "troglitazone": -0.0,
            "glimepiride-pioglitazone": -0.0,
            "acetohexamide": -0.0,
            "chlorpropamide": -0.0,
            "glipizide-metformin": -0.0,
            "repaglinide": 0.0,
            "metformin-rosiglitazone": -0.0,
            "metformin-pioglitazone": -0.0,
            "tolbutamide": -0.0,
            "acarbose": -0.0,
            "medical_specialty": -0.04167879738238375,
            "admission_source_id": -0.4022200567746744,
            "diag_2": -0.6616733922926237,
            "num_procedures": -1.7431442215074044,
            "change": -2.165554143616031,
            "num_medications": -3.0680838801803176,
            "age": -4.268561768648689,
            "time_in_hospital": -6.243287253444775,
            "discharge_disposition_id": -6.3817461526314245,
            "payer_code": -6.4375484108719725,
            "number_inpatient": -15.645360686634854,
            "diabetesMed": -19.162500485728454
        }
    },
    "DecisionTree": {
        "SHAP": {
            "number_inpatient": -36.66565665085352,
            "discharge_disposition_id": -32.97951395792587,
            "diag_1": 15.490893849418036,
            "number_diagnoses": 9.771892595783207,
            "payer_code": -2.5212930807857297,
            "num_medications": -1.8844010293614604,
            "medical_specialty": -0.42356098282742377,
            "admission_source_id": 0.2627878530447546,
            "gender": 0.0,
            "race": 0.0,
            "num_lab_procedures": 0.0,
            "time_in_hospital": 0.0,
            "admission_type_id": 0.0,
            "age": 0.0,
            "number_emergency": 0.0,
            "number_outpatient": 0.0,
            "diag_2": 0.0,
            "num_procedures": 0.0,
            "diag_3": 0.0,
            "metformin": 0.0,
            "repaglinide": 0.0,
            "nateglinide": 0.0,
            "chlorpropamide": 0.0,
            "glimepiride": 0.0,
            "acetohexamide": 0.0,
            "glipizide": 0.0,
            "glyburide": 0.0,
            "tolbutamide": 0.0,
            "pioglitazone": 0.0,
            "rosiglitazone": 0.0,
            "acarbose": 0.0,
            "miglitol": 0.0,
            "troglitazone": 0.0,
            "tolazamide": 0.0,
            "insulin": 0.0,
            "glyburide-metformin": 0.0,
            "glipizide-metformin": 0.0,
            "glimepiride-pioglitazone": 0.0,
            "metformin-rosiglitazone": 0.0,
            "metformin-pioglitazone": 0.0,
            "change": 0.0,
            "diabetesMed": 0.0
        },
        "Lime": {
            "race": 0.0,
            "gender": 0.0,
            "age": 0.0,
            "admission_type_id": 0.0,
            "discharge_disposition_id": -22.065302664470508,
            "admission_source_id": 0.0,
            "time_in_hospital": 0.0,
            "payer_code": 0.0,
            "medical_specialty": 0.0,
            "num_lab_procedures": 0.0,
            "num_procedures": 0.0,
            "num_medications": 0.0,
            "number_outpatient": 0.0,
            "number_emergency": 0.0,
            "number_inpatient": -40.09777634974564,
            "diag_1": 0.0,
            "diag_2": 6.223162253015312,
            "diag_3": 0.0,
            "number_diagnoses": 0.0,
            "metformin": 0.0,
            "repaglinide": 0.0,