{
    "LogisticRegression": {
        "SHAP": {
            "discharge_disposition_id": 33.217866324591114,
            "number_inpatient": -13.707954192060216,
            "number_diagnoses": -9.898677221876566,
            "metformin": -9.158309789705529,
            "time_in_hospital": -5.2837352097974835,
            "diabetesMed": 5.273141752605668,
            "num_medications": -3.442190413978796,
            "payer_code": 3.3128972456752876,
            "change": -2.2613218312763386,
            "diag_1": 2.21336221226467,
            "number_emergency": -1.931336694998816,
            "diag_2": 1.9153165717260274,
            "insulin": 1.436399345942119,
            "glimepiride": 1.1640742251498637,
            "gender": -0.8489840549412806,
            "age": -0.8281619306159054,
            "admission_type_id": 0.7928967630999342,
            "num_lab_procedures": -0.6557509269902753,
            "glyburide": 0.41073420327125565,
            "num_procedures": 0.3952566249227908,
            "pioglitazone": 0.3758800719095643,
            "rosiglitazone": 0.36617324663647566,
            "admission_source_id": -0.21314664390965438,
            "glyburide-metformin": 0.1641002701196349,
            "acarbose": 0.15737135594350152,
            "number_outpatient": 0.11327154275884811,
            "race": -0.07993283514015302,
            "medical_specialty": 0.07442913355697023,
            "glipizide": 0.07102394394327727,
            "glipizide-metformin": -0.06565019016812836,
            "chlorpropamide": -0.04371251844135085,
            "tolazamide": 0.02190614372531564,
            "tolbutamide": -0.01923157887727265,
            "troglitazone": -0.017186203836601598,
            "diag_3": -0.011756566906872915,
            "repaglinide": 0.011371285295536018,
            "miglitol": -0.011343940286841749,
            "metformin-rosiglitazone": -0.01116013722966456,
            "acetohexamide": -0.0063123791891357296,
            "nateglinide": 0.005776728058843628,
            "glimepiride-pioglitazone": -0.005664482550926532,
            "metformin-pioglitazone": -0.0052312660255009824
        },
        "Lime": {
            "race": 0.0,
            "gender": 0.0,
            "age": 0.0,
            "admission_type_id": 0.0,
            "discharge_disposition_id": 29.670823810883284,
            "admission_source_id": 0.0,
            "time_in_hospital": 0.0,
            "payer_code": 0.0,
            "medical_specialty": 0.0,
            "num_lab_procedures": 0.0,
            "num_procedures": 0.0,
            "num_medications": 0.0,
            "number_outpatient": 0.0,
            "number_emergency": -32.48716198244256,
            "number_inpatient": 0.0,
            "diag_1": 0.0,
            "diag_2": 0.0,
            "diag_3": 0.0,
            "number_diagnoses": -37.84201420667415,
            "metformin": 0.0,
            "repaglinide": 0.0,
            "nateglinide": 0.0,
            "chlorpropamide": 0.0,
            "glimepiride": 0.0,
            "acetohexamide": 0.0,
            "glipizide": 0.0,
            "glyburide": 0.0,
            "tolbutamide": 0.0,
            "pioglitazone": 0.0,
            "rosiglitazone": 0.0,
            "acarbose": 0.0,
            "miglitol": 0.0,
            "troglitazone": 0.0,
            "tolazamide": 0.0,
            "insulin": 0.0,
            "glyburide-metformin": 0.0,
            "glipizide-metformin": 0.0,
            "glimepiride-pioglitazone": 0.0,
            "metformin-rosiglitazone": 0.0,
            "metformin-pioglitazone": 0.0,
            "change": 0.0,
            "diabetesMed": 0.0
        },
        "Inherent": {
            "discharge_disposition_id": 33.918044899006624,
            "diabetesMed": 4.370662950983891,
            "payer_code": 3.1573875008852283,
            "diag_1": 2.186527184402123,
            "diag_2": 2.0536668776584897,
            "insulin": 1.7033923548925385,
            "admission_type_id": 0.8394298329212122,
            "glimepiride": 0.7967974959959903,
            "pioglitazone": 0.47289412426977157,
            "glyburide": 0.43076734887133933,
            "num_procedures": 0.3841969437275679,
            "rosiglitazone": 0.3072858648438556,
            "number_outpatient": 0.14622810266112182,
            "glyburide-metformin": 0.0766671390626475,
            "medical_specialty": 0.06654955719488477,
            "glipizide": 0.05890145671894742,
            "tolazamide": 0.03131323199837944,
            "nateglinide": 0.017071035537935438,
            "troglitazone": -0.0,
            "miglitol": -0.0,
            "acarbose": -0.0,
            "glipizide-metformin": -0.0,
            "glimepiride-pioglitazone": -0.0,
            "metformin-rosiglitazone": -0.0,
            "chlorpropamide": -0.0,
            "repaglinide": 0.0,
            "metformin-pioglitazone": -0.0,
            "tolbutamide": -0.0,
            "acetohexamide": -0.0,
            "diag_3": -0.05355908808861555,
            "race": -0.07694841241050478,
            "age": -0.347461942188399,
            "admission_source_id": -0.41792678689457446,
            "num_lab_procedures": -0.6872960312414165,
            "gender": -0.946898216201568,
            "number_emergency": -1.9138821751530002,
            "change": -2.250119231609301,
            "num_medications": -3.187892837191638,
            "time_in_hospital": -4.559275951746898,
            "number_diagnoses": -8.489362732322176,
            "metformin": -9.795279236442282,
            "number_inpatient": -16.25631345687707
        }
    },
    "DecisionTree": {
        "SHAP": {
            "number_inpatient": -39.67646207367266,
            "discharge_disposition_id": -34.54082567242027,
            "number_diagnoses": -11.004170109972398,
            "payer_code": 7.698705857849221,
            "diag_1": 4.798558875045195,
            "num_medications": -1.0855982263322626,
            "medical_specialty": 0.9699996973706467,
            "admission_source_id": 0.22567948733735024,
            "gender": 0.0,
            "race": 0.0,
            "num_lab_procedures": 0.0,
            "time_in_hospital": 0.0,
            "admission_type_id": 0.0,
            "age": 0.0,
            "number_emergency": 0.0,
            "number_outpatient": 0.0,
            "diag_2": 0.0,
            "num_procedures": 0.0,
            "diag_3": 0.0,
            "metformin": 0.0,
            "repaglinide": 0.0,
            "nateglinide": 0.0,
            "chlorpropamide": 0.0,
            "glimepiride": 0.0,
            "acetohexamide": 0.0,
            "glipizide": 0.0,
            "glyburide": 0.0,
            "tolbutamide": 0.0,
            "pioglitazone": 0.0,
            "rosiglitazone": 0.0,
            "acarbose": 0.0,
            "miglitol": 0.0,
            "troglitazone": 0.0,
            "tolazamide": 0.0,
            "insulin": 0.0,
            "glyburide-metformin": 0.0,
            "glipizide-metformin": 0.0,
            "glimepiride-pioglitazone": 0.0,
            "metformin-rosiglitazone": 0.0,
            "metformin-pioglitazone": 0.0,
            "change": 0.0,
            "diabetesMed": 0.0
        },
        "Lime": {
            "race": 0.0,
            "gender": 0.0,
            "age": 0.0,
            "admission_type_id": 0.0,
            "discharge_disposition_id": 0.0,
            "admission_source_id": 0.0,
            "time_in_hospital": 0.0,
            "payer_code": 7.278380420870451,
            "medical_specialty": 0.0,
            "num_lab_procedures": 0.0,
            "num_procedures": 4.141658559644089,
            "num_medications": 0.0,
            "number_outpatient": 0.0,
            "number_emergency": -4.888408256591706,
            "number_inpatient": -46.38649244248661,
            "diag_1": -3.018457941044243,
            "diag_2": 0.0,
            "diag_3": 0.0,
            "number_diagnoses": -8.65614146031826,
            "metformin": 0.0,