{
    "LogisticRegression": {
        "SHAP": {
            "diabetesMed": -22.995203070085644,
            "number_inpatient": -17.33493452228347,
            "time_in_hospital": 12.159212352417866,
            "discharge_disposition_id": -7.529914117255182,
            "admission_source_id": -5.202511651041545,
            "admission_type_id": -4.631890578256388,
            "payer_code": 4.189454971048688,
            "metformin": 3.4706358190326045,
            "number_diagnoses": 3.1959802446224073,
            "num_procedures": 3.1818718299288222,
            "change": -2.859643775414017,
            "number_emergency": -2.442348046922972,
            "insulin": 1.8164554871491836,
            "glimepiride": 1.4720760070630174,
            "num_medications": -1.2823891483362977,
            "diag_1": 1.1807697999736242,
            "gender": -1.0736162958141555,
            "age": -1.0472848566556927,
            "glyburide": 0.5194101482986784,
            "pioglitazone": 0.47533398080346295,
            "rosiglitazone": 0.4630588317789864,
            "glyburide-metformin": 0.2075194735667093,
            "diag_2": 0.20598871183261377,
            "acarbose": 0.19901015955711773,
            "num_lab_procedures": 0.16014152671717605,
            "number_outpatient": 0.1432420001884727,
            "race": -0.10108222160076981,
            "glipizide": 0.08981613160657949,
            "glipizide-metformin": -0.08302053916981487,
            "chlorpropamide": -0.05527839051459803,
            "diag_3": 0.04516094888900611,
            "medical_specialty": -0.040083705236444354,
            "tolazamide": 0.027702278676567774,
            "tolbutamide": -0.024320052133727385,
            "troglitazone": -0.021733492395726337,
            "repaglinide": 0.014380007641584903,
            "miglitol": -0.014345427431541527,
            "metformin-rosiglitazone": -0.014112992020938275,
            "acetohexamide": -0.007982568251276516,
            "nateglinide": 0.00730518947248114,
            "glimepiride-pioglitazone": -0.007163244985149082,
            "metformin-pioglitazone": -0.006615403928999888
        },
        "Lime": {
            "race": 0.0,
            "gender": 0.0,
            "age": 0.0,
            "admission_type_id": 0.0,
            "discharge_disposition_id": -19.319353622011132,
            "admission_source_id": 0.0,
            "time_in_hospital": 15.267614012890979,
            "payer_code": 0.0,
            "medical_specialty": 0.0,
            "num_lab_procedures": 0.0,
            "num_procedures": 0.0,
            "num_medications": 0.0,
            "number_outpatient": 0.0,
            "number_emergency": -34.76887597304961,
            "number_inpatient": -13.024650475529437,
            "diag_1": 0.0,
            "diag_2": 0.0,
            "diag_3": 0.0,
            "number_diagnoses": 17.61950591651884,
            "metformin": 0.0,
            "repaglinide": 0.0,
            "nateglinide": 0.0,
            "chlorpropamide": 0.0,
            "glimepiride": 0.0,
            "acetohexamide": 0.0,
            "glipizide": 0.0,
            "glyburide": 0.0,
            "tolbutamide": 0.0,
            "pioglitazone": 0.0,
            "rosiglitazone": 0.0,
            "acarbose": 0.0,
            "miglitol": 0.0,
            "troglitazone": 0.0,
            "tolazamide": 0.0,
            "insulin": 0.0,
            "glyburide-metformin": 0.0,
            "glipizide-metformin": 0.0,
            "glimepiride-pioglitazone": 0.0,
            "metformin-rosiglitazone": 0.0,
            "metformin-pioglitazone": 0.0,
            "change": 0.0,
            "diabetesMed": 0.0
        },
        "Inherent": {
            "time_in_hospital": 12.624452512046275,
            "number_diagnoses": 5.082342991211783,
            "payer_code": 3.669287862484203,
            "num_procedures": 2.9978342879679083,
            "metformin": 2.9353335087243715,
            "insulin": 1.9795596489512974,
            "diag_1": 1.0016497473422543,
            "glimepiride": 0.9259805393212549,
            "pioglitazone": 0.5495634191041424,
            "glyburide": 0.500606721324181,
            "rosiglitazone": 0.3571054531217347,
            "diag_2": 0.278505765376772,
            "number_outpatient": 0.16993574659370014,
            "num_lab_procedures": 0.14246154519553322,
            "glyburide-metformin": 0.08909701540754494,
            "glipizide": 0.06845102166296586,
            "tolazamide": 0.036389978130524754,
            "nateglinide": 0.019838725364505056,
            "troglitazone": -0.0,
            "miglitol": -0.0,
            "glipizide-metformin": -0.0,
            "glimepiride-pioglitazone": -0.0,
            "acetohexamide": -0.0,
            "chlorpropamide": -0.0,
            "tolbutamide": -0.0,
            "repaglinide": 0.0,
            "metformin-rosiglitazone": -0.0,
            "metformin-pioglitazone": -0.0,
            "acarbose": -0.0,
            "diag_3": -0.005139289522355823,
            "medical_specialty": -0.05032752382434786,
            "race": -0.08942389099093269,
            "age": -0.40379519041917716,
            "num_medications": -0.7837884007503894,
            "gender": -1.1004167625108532,
            "number_emergency": -2.2241757255151184,
            "change": -2.614926163916049,
            "admission_type_id": -4.38450141280259,
            "admission_source_id": -5.178286733358214,
            "discharge_disposition_id": -7.706016049139877,
            "number_inpatient": -18.89191416616871,
            "diabetesMed": -23.138892201750437
        }
    },
    "DecisionTree": {
        "SHAP": {
            "discharge_disposition_id": -37.589809275409515,
            "number_inpatient": -31.94925705198029,
            "diag_1": 13.654753013668131,
            "number_diagnoses": 8.61362689387513,
            "payer_code": 5.926515742283323,
            "num_medications": -1.661042344280178,
            "medical_specialty": -0.3733561576856509,
            "admission_source_id": 0.2316395208177769,
            "gender": 0.0,
            "race": 0.0,
            "num_lab_procedures": 0.0,
            "time_in_hospital": 0.0,
            "admission_type_id": 0.0,
            "age": 0.0,
            "number_emergency": 0.0,
            "number_outpatient": 0.0,
            "diag_2": 0.0,
            "num_procedures": 0.0,
            "diag_3": 0.0,
            "metformin": 0.0,
            "repaglinide": 0.0,
            "nateglinide": 0.0,
            "chlorpropamide": 0.0,
            "glimepiride": 0.0,
            "acetohexamide": 0.0,
            "glipizide": 0.0,
            "glyburide": 0.0,
            "tolbutamide": 0.0,
            "pioglitazone": 0.0,
            "rosiglitazone": 0.0,
            "acarbose": 0.0,
            "miglitol": 0.0,
            "troglitazone": 0.0,
            "tolazamide": 0.0,
            "insulin": 0.0,
            "glyburide-metformin": 0.0,
            "glipizide-metformin": 0.0,
            "glimepiride-pioglitazone": 0.0,
            "metformin-rosiglitazone": 0.0,
            "metformin-pioglitazone": 0.0,
            "change": 0.0,
            "diabetesMed": 0.0
        },
        "Lime": {
            "race": 0.0,
            "gender": 0.0,
            "age": 0.0,
            "admission_type_id": 0.0,
            "discharge_disposition_id": -17.724480870001706,
            "admission_source_id": 0.0,
            "time_in_hospital": -3.5827621939843284,
            "payer_code": 4.664781090167377,
            "medical_specialty": 0.0,
            "num_lab_procedures": 2.4038152047188888,
            "num_procedures": 0.0,
            "num_medications": 0.0,
            "number_outpatient": 0.0,
            "number_emergency": 0.0,
            "number_inpatient": -33.265511717901006,
            "diag_1": 0.0,
            "diag_2": 6.86319536605875,
            "diag_3": 0.0,
            "number_diagnoses": 3.4613428178942933,