{
    "LogisticRegression": {
        "SHAP": {
            "number_inpatient": 24.938060096624227,
            "num_procedures": -13.154726021391344,
            "time_in_hospital": 9.989681572828415,
            "number_diagnoses": 8.593547249424013,
            "diabetesMed": 6.794590765107983,
            "num_medications": 5.99362159372583,
            "metformin": 3.5363345317551427,
            "insulin": -3.138217292436639,
            "change": -2.9137764832767763,
            "admission_source_id": 2.741164069167938,
            "number_emergency": -2.488581397545156,
            "payer_code": -2.2680450716923746,
            "discharge_disposition_id": -1.7342656334253221,
            "diag_2": -1.5338290827733545,
            "glimepiride": 1.4999422263198487,
            "gender": 1.4965668372983403,
            "age": -1.0671098312493295,
            "diag_1": 1.0253036579031494,
            "admission_type_id": 1.021669675688254,
            "number_outpatient": -0.9247634952637415,
            "num_lab_procedures": 0.575588337004525,
            "glyburide": 0.529242519050778,
            "pioglitazone": 0.4843319950810807,
            "rosiglitazone": 0.47182447898283547,
            "glyburide-metformin": 0.2114477918890828,
            "acarbose": 0.2027773976032156,
            "race": 0.09724936476883124,
            "diag_3": 0.09698626157379896,
            "medical_specialty": 0.09590402216501853,
            "glipizide": 0.09151634002254494,
            "glipizide-metformin": -0.08459210784984658,
            "chlorpropamide": -0.056324803704442636,
            "tolazamide": 0.028226679432922216,
            "tolbutamide": -0.024780427754173863,
            "troglitazone": -0.022144904755828785,
            "repaglinide": 0.014652219432234758,
            "miglitol": -0.01461698462303319,
            "metformin-rosiglitazone": -0.014380149238458591,
            "acetohexamide": -0.008133677294597245,
            "nateglinide": 0.007443475818142732,
            "glimepiride-pioglitazone": -0.007298844338979196,
            "metformin-pioglitazone": -0.006740632718460161
        },
        "Lime": {
            "race": -16.88835417666929,
            "gender": 0.0,
            "age": 0.0,
            "admission_type_id": 0.0,
            "discharge_disposition_id": -7.158750256313848,
            "admission_source_id": 0.0,
            "time_in_hospital": 8.408340568868931,
            "payer_code": 0.0,
            "medical_specialty": 0.0,
            "num_lab_procedures": 0.0,
            "num_procedures": 0.0,
            "num_medications": 4.155759607821592,
            "number_outpatient": 0.0,
            "number_emergency": -13.73124472226452,
            "number_inpatient": 49.65755066806182,
            "diag_1": 0.0,
            "diag_2": 0.0,
            "diag_3": 0.0,
            "number_diagnoses": 0.0,
            "metformin": 0.0,
            "repaglinide": 0.0,
            "nateglinide": 0.0,
            "chlorpropamide": 0.0,
            "glimepiride": 0.0,
            "acetohexamide": 0.0,
            "glipizide": 0.0,
            "glyburide": 0.0,
            "tolbutamide": 0.0,
            "pioglitazone": 0.0,
            "rosiglitazone": 0.0,
            "acarbose": 0.0,
            "miglitol": 0.0,
            "troglitazone": 0.0,
            "tolazamide": 0.0,
            "insulin": 0.0,
            "glyburide-metformin": 0.0,
            "glipizide-metformin": 0.0,
            "glimepiride-pioglitazone": 0.0,
            "metformin-rosiglitazone": 0.0,
            "metformin-pioglitazone": 0.0,
            "change": 0.0,
            "diabetesMed": 0.0
        },
        "Inherent": {
            "number_inpatient": 22.912138854682166,
            "time_in_hospital": 11.39442321781165,
            "number_diagnoses": 11.04432412380043,
            "num_medications": 6.618632042596054,
            "diabetesMed": 5.5734638759813135,
            "metformin": 3.220931045539762,
            "admission_source_id": 2.5565658595601968,
            "gender": 1.4463262818187481,
            "admission_type_id": 1.070439862939834,
            "glimepiride": 1.0160751607273466,
            "diag_1": 0.9169434799977709,
            "pioglitazone": 0.6030339901154058,
            "num_lab_procedures": 0.5788159214804255,
            "glyburide": 0.5493139793234765,
            "rosiglitazone": 0.3918505468195317,
            "race": 0.10701384752567027,
            "glyburide-metformin": 0.0977658389202285,
            "medical_specialty": 0.08486391129856986,
            "glipizide": 0.07511106322939617,
            "diag_3": 0.046576640287725575,
            "tolazamide": 0.03993059390312918,
            "nateglinide": 0.021768962961295865,
            "troglitazone": -0.0,
            "miglitol": -0.0,
            "glimepiride-pioglitazone": -0.0,
            "repaglinide": 0.0,
            "metformin-pioglitazone": -0.0,
            "metformin-rosiglitazone": -0.0,
            "tolbutamide": -0.0,
            "glipizide-metformin": -0.0,
            "acetohexamide": -0.0,
            "chlorpropamide": -0.0,
            "acarbose": -0.0,
            "age": -0.4430830299164121,
            "number_outpatient": -0.9104118249731081,
            "diag_2": -1.480724238864895,
            "discharge_disposition_id": -2.3724861785725917,
            "number_emergency": -2.440580132974683,
            "payer_code": -2.6702465712191743,
            "change": -2.8693492027798992,
            "insulin": -2.93880981996941,
            "num_procedures": -13.507999899409704
        }
    },
    "DecisionTree": {
        "SHAP": {
            "discharge_disposition_id": 53.5743427145176,
            "payer_code": -24.394645131838473,
            "admission_source_id": -7.10171823257829,
            "num_medications": 5.407493771330975,
            "diag_1": 4.32534032783668,
            "number_diagnoses": 2.953332601976993,
            "medical_specialty": 1.2718374773939873,
            "number_inpatient": 0.7268133288470338,
            "number_emergency": -0.24447641367998135,
            "gender": 0.0,
            "num_lab_procedures": 0.0,
            "time_in_hospital": 0.0,
            "admission_type_id": 0.0,
            "age": 0.0,
            "race": 0.0,
            "number_outpatient": 0.0,
            "diag_2": 0.0,
            "num_procedures": 0.0,
            "diag_3": 0.0,
            "metformin": 0.0,
            "repaglinide": 0.0,
            "nateglinide": 0.0,
            "chlorpropamide": 0.0,
            "glimepiride": 0.0,
            "acetohexamide": 0.0,
            "glipizide": 0.0,
            "glyburide": 0.0,
            "tolbutamide": 0.0,
            "pioglitazone": 0.0,
            "rosiglitazone": 0.0,
            "acarbose": 0.0,
            "miglitol": 0.0,
            "troglitazone": 0.0,
            "tolazamide": 0.0,
            "insulin": 0.0,
            "glyburide-metformin": 0.0,
            "glipizide-metformin": 0.0,
            "glimepiride-pioglitazone": 0.0,
            "metformin-rosiglitazone": 0.0,
            "metformin-pioglitazone": 0.0,
            "change": 0.0,
            "diabetesMed": 0.0
        },
        "Lime": {
            "race": -7.904120580993886,
            "gender": 0.0,
            "age": 0.0,
            "admission_type_id": 0.0,
            "discharge_disposition_id": 32.56772127355177,
            "admission_source_id": 0.0,
            "time_in_hospital": 0.0,
            "payer_code": 0.0,
            "medical_specialty": 0.0,
            "num_lab_procedures": -3.967931868231789,
            "num_procedures": 0.0,
            "num_medications": 0.0,
            "number_outpatient": -2.6307453147919015,
            "number_emergency": 0.0,
            "number_inpatient": 10.980293955965562,
            "diag_1": 0.0,
            "diag_2": 4.56803107451279,
            "diag_3": -9.186415165784364,
            "number_diagnoses": 5.2202040222338955,