{
    "LogisticRegression": {
        "SHAP": {
            "number_inpatient": 23.710314496191998,
            "num_procedures": -12.507095173800241,
            "number_diagnoses": 8.170471445343525,
            "insulin": -7.727154953759646,
            "discharge_disposition_id": -7.294725724793532,
            "diabetesMed": 6.460080827836317,
            "payer_code": 4.058602060299877,
            "age": 3.8233133386817784,
            "num_medications": 3.7154362459167234,
            "change": 3.42272300150855,
            "metformin": 3.3622344154591413,
            "admission_source_id": 2.606211626478163,
            "number_emergency": -2.366064054563568,
            "time_in_hospital": -1.9099358262036057,
            "glimepiride": 1.4260973698181194,
            "gender": 1.4228881572756493,
            "diag_1": 1.3436923051156366,
            "admission_type_id": -1.2120648529121485,
            "num_lab_procedures": 0.6343869535696522,
            "glyburide": 0.5031869569176906,
            "pioglitazone": 0.46048745890603743,
            "rosiglitazone": 0.448595710345542,
            "diag_2": 0.342680423087394,
            "glyburide-metformin": 0.20103783637501807,
            "acarbose": 0.19279430121120128,
            "number_outpatient": 0.1387679975328357,
            "medical_specialty": 0.0911824944751885,
            "glipizide": 0.08701082582476861,
            "glipizide-metformin": -0.08042748606926163,
            "diag_3": 0.056673345695466795,
            "chlorpropamide": -0.05355183220323515,
            "race": 0.02899939156749077,
            "tolazamide": 0.02683702918128647,
            "tolbutamide": -0.023560442677783174,
            "troglitazone": -0.021054671222000707,
            "repaglinide": 0.01393086428773701,
            "miglitol": -0.01389736415163398,
            "metformin-rosiglitazone": -0.013672188599472628,
            "acetohexamide": -0.007733241716405296,
            "nateglinide": 0.0070770201013692574,
            "glimepiride-pioglitazone": -0.006939509090339129,
            "metformin-pioglitazone": -0.006408779232978374
        },
        "Lime": {
            "race": -12.966667824290793,
            "gender": 0.0,
            "age": 0.0,
            "admission_type_id": 0.0,
            "discharge_disposition_id": -9.087627432781783,
            "admission_source_id": 0.0,
            "time_in_hospital": 0.0,
            "payer_code": 0.0,
            "medical_specialty": 0.0,
            "num_lab_procedures": 0.0,
            "num_procedures": -6.972351365876602,
            "num_medications": 5.597316471790075,
            "number_outpatient": 0.0,
            "number_emergency": -16.114767446974795,
            "number_inpatient": 49.26126945828596,
            "diag_1": 0.0,
            "diag_2": 0.0,
            "diag_3": 0.0,
            "number_diagnoses": 0.0,
            "metformin": 0.0,
            "repaglinide": 0.0,
            "nateglinide": 0.0,
            "chlorpropamide": 0.0,
            "glimepiride": 0.0,
            "acetohexamide": 0.0,
            "glipizide": 0.0,
            "glyburide": 0.0,
            "tolbutamide": 0.0,
            "pioglitazone": 0.0,
            "rosiglitazone": 0.0,
            "acarbose": 0.0,
            "miglitol": 0.0,
            "troglitazone": 0.0,
            "tolazamide": 0.0,
            "insulin": 0.0,
            "glyburide-metformin": 0.0,
            "glipizide-metformin": 0.0,
            "glimepiride-pioglitazone": 0.0,
            "metformin-rosiglitazone": 0.0,
            "metformin-pioglitazone": 0.0,
            "change": 0.0,
            "diabetesMed": 0.0
        },
        "Inherent": {
            "number_inpatient": 22.024811754702924,
            "number_diagnoses": 10.616606390499422,
            "diabetesMed": 5.357618224500246,
            "age": 4.58494212304748,
            "num_medications": 4.308295314194224,
            "payer_code": 3.870368638868381,
            "change": 3.656254165838165,
            "metformin": 3.0961928261182328,
            "admission_source_id": 2.457556762921194,
            "gender": 1.3903138548074772,
            "diag_1": 1.2634876352114854,
            "glimepiride": 0.976725232226678,
            "num_lab_procedures": 0.6466513002261272,
            "pioglitazone": 0.5796800638393932,
            "glyburide": 0.5280404883001122,
            "diag_2": 0.4420111487660679,
            "rosiglitazone": 0.376675201927468,
            "number_outpatient": 0.17924840156685115,
            "glyburide-metformin": 0.09397962415973285,
            "medical_specialty": 0.08157735438727273,
            "glipizide": 0.07220220856792586,
            "tolazamide": 0.03838418663346166,
            "race": 0.037138183462032244,
            "nateglinide": 0.020925908068144556,
            "diag_3": 0.007964079279119343,
            "troglitazone": -0.0,
            "metformin-pioglitazone": -0.0,
            "glimepiride-pioglitazone": -0.0,
            "acarbose": -0.0,
            "chlorpropamide": -0.0,
            "repaglinide": 0.0,
            "miglitol": -0.0,
            "acetohexamide": -0.0,
            "tolbutamide": -0.0,
            "metformin-rosiglitazone": -0.0,
            "glipizide-metformin": -0.0,
            "time_in_hospital": -0.8625455616728287,
            "admission_type_id": -1.2325199339066568,
            "number_emergency": -2.3460628596029385,
            "insulin": -7.738036401326736,
            "discharge_disposition_id": -8.128313712354805,
            "num_procedures": -12.98487045901642
        }
    },
    "DecisionTree": {
        "SHAP": {
            "discharge_disposition_id": -28.34545120087887,
            "number_inpatient": 23.271297131781168,
            "admission_source_id": -22.75388328336532,
            "num_medications": 8.296262085499686,
            "payer_code": 6.691494348300354,
            "diag_1": 5.5191135367488355,
            "number_diagnoses": 3.9552776426079452,
            "medical_specialty": 0.8430959193214389,
            "number_emergency": -0.3241248514963862,
            "gender": 0.0,
            "num_lab_procedures": 0.0,
            "time_in_hospital": 0.0,
            "admission_type_id": 0.0,
            "age": 0.0,
            "race": 0.0,
            "number_outpatient": 0.0,
            "diag_2": 0.0,
            "num_procedures": 0.0,
            "diag_3": 0.0,
            "metformin": 0.0,
            "repaglinide": 0.0,
            "nateglinide": 0.0,
            "chlorpropamide": 0.0,
            "glimepiride": 0.0,
            "acetohexamide": 0.0,
            "glipizide": 0.0,
            "glyburide": 0.0,
            "tolbutamide": 0.0,
            "pioglitazone": 0.0,
            "rosiglitazone": 0.0,
            "acarbose": 0.0,
            "miglitol": 0.0,
            "troglitazone": 0.0,
            "tolazamide": 0.0,
            "insulin": 0.0,
            "glyburide-metformin": 0.0,
            "glipizide-metformin": 0.0,
            "glimepiride-pioglitazone": 0.0,
            "metformin-rosiglitazone": 0.0,
            "metformin-pioglitazone": 0.0,
            "change": 0.0,
            "diabetesMed": 0.0
        },
        "Lime": {
            "race": 0.0,
            "gender": 0.0,
            "age": 0.0,
            "admission_type_id": 0.0,
            "discharge_disposition_id": -17.462777191840463,
            "admission_source_id": 0.0,
            "time_in_hospital": 0.0,
            "payer_code": 7.712742843807138,
            "medical_specialty": 0.0,
            "num_lab_procedures": 0.0,
            "num_procedures": 0.0,
            "num_medications": 0.0,
            "number_outpatient": 3.5622099332242882,
            "number_emergency": 0.0,
            "number_inpatient": 9.068505786577537,
            "diag_1": 3.60748431625954,
            "diag_2": 5.076728608741914,
            "diag_3": -4.750560517297711,
            "number_diagnoses": 5.27207339782339,