{
    "LogisticRegression": {
        "SHAP": {
            "number_inpatient": 22.778597378048886,
            "diabetesMed": -21.40158101646062,
            "number_diagnoses": -11.650252346804175,
            "discharge_disposition_id": 6.551884142345695,
            "time_in_hospital": 4.740833433286727,
            "num_medications": -4.527582618764227,
            "payer_code": 3.899115815782976,
            "diag_1": 3.3875875013856507,
            "metformin": 3.2301125340477284,
            "num_procedures": 2.9613605735364295,
            "change": -2.6614636866310777,
            "number_emergency": -2.2730875407929885,
            "insulin": 1.6905708182934047,
            "glimepiride": 1.3700576520905536,
            "gender": -0.9992121428729536,
            "age": -0.9747055348333429,
            "admission_type_id": 0.933200180996227,
            "num_lab_procedures": 0.7350258571785295,
            "glyburide": 0.4834137944207591,
            "pioglitazone": 0.4423922097594314,
            "rosiglitazone": 0.430967757644972,
            "diag_2": 0.2948391782613183,
            "diag_3": -0.2900735365866349,
            "admission_source_id": -0.25086303278319483,
            "glyburide-metformin": 0.19313788238768734,
            "acarbose": 0.1852182839994614,
            "number_outpatient": 0.13331499020252177,
            "race": -0.09407698415705462,
            "medical_specialty": 0.08759940024878475,
            "glipizide": 0.08359166089139221,
            "glipizide-metformin": -0.07726701911080004,
            "chlorpropamide": -0.05144746708485196,
            "tolazamide": 0.025782445131280442,
            "tolbutamide": -0.022634614901123118,
            "troglitazone": -0.020227309881114073,
            "repaglinide": 0.013383439042513138,
            "miglitol": -0.013351255322954152,
            "metformin-rosiglitazone": -0.013134928236998076,
            "acetohexamide": -0.0074293573589426214,
            "nateglinide": 0.006798922534382214,
            "glimepiride-pioglitazone": -0.006666815136321053,
            "metformin-pioglitazone": -0.006156940763323109
        },
        "Lime": {
            "race": -21.152341164026335,
            "gender": 0.0,
            "age": 0.0,
            "admission_type_id": 0.0,
            "discharge_disposition_id": 10.978950410882238,
            "admission_source_id": 0.0,
            "time_in_hospital": 0.0,
            "payer_code": 0.0,
            "medical_specialty": 0.0,
            "num_lab_procedures": 0.0,
            "num_procedures": 0.0,
            "num_medications": 0.0,
            "number_outpatient": 0.0,
            "number_emergency": -13.528311415807984,
            "number_inpatient": 43.64298306960187,
            "diag_1": 0.0,
            "diag_2": 0.0,
            "diag_3": 0.0,
            "number_diagnoses": -10.697413939681578,
            "metformin": 0.0,
            "repaglinide": 0.0,
            "nateglinide": 0.0,
            "chlorpropamide": 0.0,
            "glimepiride": 0.0,
            "acetohexamide": 0.0,
            "glipizide": 0.0,
            "glyburide": 0.0,
            "tolbutamide": 0.0,
            "pioglitazone": 0.0,
            "rosiglitazone": 0.0,
            "acarbose": 0.0,
            "miglitol": 0.0,
            "troglitazone": 0.0,
            "tolazamide": 0.0,
            "insulin": 0.0,
            "glyburide-metformin": 0.0,
            "glipizide-metformin": 0.0,
            "glimepiride-pioglitazone": 0.0,
            "metformin-rosiglitazone": 0.0,
            "metformin-pioglitazone": 0.0,
            "change": 0.0,
            "diabetesMed": 0.0
        },
        "Inherent": {
            "number_inpatient": 21.478749049302255,
            "discharge_disposition_id": 6.330024837323495,
            "time_in_hospital": 6.072486787941092,
            "payer_code": 3.7744103172547088,
            "diag_1": 3.4366092887495925,
            "num_procedures": 3.083720081385332,
            "metformin": 3.0194286998272895,
            "insulin": 2.0362726072858104,
            "admission_type_id": 1.0034728461745408,
            "glimepiride": 0.9525092149147976,
            "num_lab_procedures": 0.7626395190755636,
            "pioglitazone": 0.5653080152855897,
            "glyburide": 0.5149487433710923,
            "diag_2": 0.39491044021894006,
            "rosiglitazone": 0.3673362671791183,
            "number_outpatient": 0.1748042833519729,
            "glyburide-metformin": 0.0916495807344925,
            "medical_specialty": 0.0795548013079425,
            "glipizide": 0.0704120941376363,
            "tolazamide": 0.037432524797205706,
            "nateglinide": 0.02040709055905884,
            "glimepiride-pioglitazone": -0.0,
            "troglitazone": -0.0,
            "miglitol": -0.0,
            "glipizide-metformin": -0.0,
            "chlorpropamide": -0.0,
            "metformin-rosiglitazone": -0.0,
            "metformin-pioglitazone": -0.0,
            "tolbutamide": -0.0,
            "acarbose": -0.0,
            "repaglinide": 0.0,
            "acetohexamide": -0.0,
            "race": -0.09198582106794023,
            "diag_3": -0.35445833625997986,
            "age": -0.41536363182585634,
            "admission_source_id": -0.4995988537579671,
            "gender": -1.131942910276059,
            "number_emergency": -2.28789675827945,
            "change": -2.6898419153361,
            "num_medications": -4.311649347782348,
            "number_diagnoses": -10.148370535707393,
            "diabetesMed": -23.801804799529375
        }
    },
    "DecisionTree": {
        "SHAP": {
            "discharge_disposition_id": -26.096129153127784,
            "payer_code": 24.832891139663865,
            "number_diagnoses": -18.448674825647064,
            "num_medications": -11.033798936128475,
            "diag_1": 9.212089800509455,
            "number_inpatient": -3.860876987799828,
            "medical_specialty": 3.1288241602000326,
            "admission_source_id": 2.183851072378155,
            "number_emergency": -1.2028639245453323,
            "gender": 0.0,
            "num_lab_procedures": 0.0,
            "time_in_hospital": 0.0,
            "admission_type_id": 0.0,
            "age": 0.0,
            "race": 0.0,
            "number_outpatient": 0.0,
            "diag_2": 0.0,
            "num_procedures": 0.0,
            "diag_3": 0.0,
            "metformin": 0.0,
            "repaglinide": 0.0,
            "nateglinide": 0.0,
            "chlorpropamide": 0.0,
            "glimepiride": 0.0,
            "acetohexamide": 0.0,
            "glipizide": 0.0,
            "glyburide": 0.0,
            "tolbutamide": 0.0,
            "pioglitazone": 0.0,
            "rosiglitazone": 0.0,
            "acarbose": 0.0,
            "miglitol": 0.0,
            "troglitazone": 0.0,
            "tolazamide": 0.0,
            "insulin": 0.0,
            "glyburide-metformin": 0.0,
            "glipizide-metformin": 0.0,
            "glimepiride-pioglitazone": 0.0,
            "metformin-rosiglitazone": 0.0,
            "metformin-pioglitazone": 0.0,
            "change": 0.0,
            "diabetesMed": 0.0
        },
        "Lime": {
            "race": 0.0,
            "gender": 0.0,
            "age": 0.0,
            "admission_type_id": -2.200951399539114,
            "discharge_disposition_id": 2.7808816519812725,
            "admission_source_id": 0.0,
            "time_in_hospital": 0.0,
            "payer_code": 5.794729055049356,
            "medical_specialty": 0.0,
            "num_lab_procedures": 2.0942634176284636,
            "num_procedures": 0.0,
            "num_medications": 2.360422389727841,
            "number_outpatient": 0.0,
            "number_emergency": -3.574119078374664,
            "number_inpatient": 5.91076400301964,
            "diag_1": -5.001400350841621,
            "diag_2": -7.909817467790495,
            "diag_3": 10.525878490427315,