{
    "LogisticRegression": {
        "SHAP": {
            "number_inpatient": 76.4490948121747,
            "diabetesMed": -5.5431295549922055,
            "number_emergency": 3.7467469117691805,
            "number_diagnoses": 2.0330401331450347,
            "discharge_disposition_id": -1.8151302844639234,
            "time_in_hospital": -1.6106767369760788,
            "age": -1.4562549097075366,
            "metformin": 0.8366172685868155,
            "payer_code": 0.8165852019437706,
            "num_medications": -0.8025799487223219,
            "num_procedures": 0.7670090030046381,
            "change": -0.6893340267504711,
            "admission_source_id": 0.6484978091587379,
            "insulin": 0.43786732674011136,
            "diag_2": 0.4206298706474253,
            "glimepiride": 0.3548526184820309,
            "gender": 0.354054077303804,
            "admission_type_id": -0.30159538607154707,
            "diag_1": -0.17811355098707743,
            "glyburide": 0.12520688490647736,
            "pioglitazone": 0.11458206433112225,
            "diag_3": -0.11452163004817721,
            "rosiglitazone": 0.11162306713757163,
            "glyburide-metformin": 0.0500237951218826,
            "acarbose": 0.04797257470710674,
            "number_outpatient": 0.03452933041473527,
            "race": -0.02436646670750239,
            "glipizide": 0.0216507091546918,
            "glipizide-metformin": -0.020012591449659892,
            "num_lab_procedures": -0.015601495903001946,
            "chlorpropamide": -0.013325182616564206,
            "medical_specialty": -0.0096624139605349,
            "tolazamide": 0.006677797939191726,
            "tolbutamide": -0.005862492248950312,
            "troglitazone": -0.005238986742790279,
            "repaglinide": 0.003466385798644141,
            "miglitol": -0.0034580500347143744,
            "metformin-rosiglitazone": -0.0034020201057672486,
            "acetohexamide": -0.0019242452377363807,
            "nateglinide": 0.001760959081174894,
            "glimepiride-pioglitazone": -0.0017267425238998635,
            "metformin-pioglitazone": -0.0015946822006870957
        },
        "Lime": {
            "race": 0.0,
            "gender": 0.0,
            "age": 0.0,
            "admission_type_id": 0.0,
            "discharge_disposition_id": -6.80436992033543,
            "admission_source_id": 0.0,
            "time_in_hospital": 0.0,
            "payer_code": 0.0,
            "medical_specialty": 0.0,
            "num_lab_procedures": 0.0,
            "num_procedures": 4.042515079251728,
            "num_medications": -4.477328630759918,
            "number_outpatient": 0.0,
            "number_emergency": 13.108708366350786,
            "number_inpatient": 42.96097482135814,
            "diag_1": 0.0,
            "diag_2": 0.0,
            "diag_3": 0.0,
            "number_diagnoses": 28.606103181943986,
            "metformin": 0.0,
            "repaglinide": 0.0,
            "nateglinide": 0.0,
            "chlorpropamide": 0.0,
            "glimepiride": 0.0,
            "acetohexamide": 0.0,
            "glipizide": 0.0,
            "glyburide": 0.0,
            "tolbutamide": 0.0,
            "pioglitazone": 0.0,
            "rosiglitazone": 0.0,
            "acarbose": 0.0,
            "miglitol": 0.0,
            "troglitazone": 0.0,
            "tolazamide": 0.0,
            "insulin": 0.0,
            "glyburide-metformin": 0.0,
            "glipizide-metformin": 0.0,
            "glimepiride-pioglitazone": 0.0,
            "metformin-rosiglitazone": 0.0,
            "metformin-pioglitazone": 0.0,
            "change": 0.0,
            "diabetesMed": 0.0
        },
        "Inherent": {
            "number_inpatient": 76.24929776579424,
            "number_emergency": 3.792206574615284,
            "number_diagnoses": 2.5642605942762278,
            "num_procedures": 0.7637559603751939,
            "metformin": 0.7478326844066268,
            "payer_code": 0.740472055700442,
            "admission_source_id": 0.5935810120073045,
            "insulin": 0.504330905438281,
            "diag_2": 0.44392937558919404,
            "gender": 0.3358066504895059,
            "glimepiride": 0.23591135738774893,
            "pioglitazone": 0.14001185410067357,
            "glyburide": 0.12753919346035575,
            "rosiglitazone": 0.09097948455619537,
            "number_outpatient": 0.04329440084886254,
            "glyburide-metformin": 0.022699178817945854,
            "glipizide": 0.017439214701990675,
            "tolazamide": 0.009271047037743655,
            "nateglinide": 0.005054296965046081,
            "troglitazone": -0.0,
            "glipizide-metformin": -0.0,
            "miglitol": -0.0,
            "repaglinide": 0.0,
            "chlorpropamide": -0.0,
            "tolbutamide": -0.0,
            "acetohexamide": -0.0,
            "metformin-rosiglitazone": -0.0,
            "metformin-pioglitazone": -0.0,
            "glimepiride-pioglitazone": -0.0,
            "acarbose": -0.0,
            "medical_specialty": -0.012821904948530539,
            "num_lab_procedures": -0.018201906458350934,
            "race": -0.022782456661593023,
            "diag_3": -0.12739323993271096,
            "diag_1": -0.21004979335845037,
            "admission_type_id": -0.2976942143211646,
            "change": -0.666202748980401,
            "num_medications": -0.6957974090862864,
            "age": -1.3131639275100078,
            "time_in_hospital": -1.3498849882020016,
            "discharge_disposition_id": -1.9632558450277116,
            "diabetesMed": -5.895077958943931
        }
    },
    "DecisionTree": {
        "SHAP": {
            "number_inpatient": 83.22728029590564,
            "num_procedures": 6.61287364435093,
            "discharge_disposition_id": -5.506823838362335,
            "diag_3": -1.5817700436832387,
            "diag_1": -0.9624307842078211,
            "number_diagnoses": 0.8760015922378211,
            "payer_code": -0.5041328228455111,
            "num_medications": -0.3484334276293767,
            "admission_source_id": -0.2955625085033254,
            "medical_specialty": -0.0846910422740036,
            "num_lab_procedures": 0.0,
            "time_in_hospital": 0.0,
            "admission_type_id": 0.0,
            "age": 0.0,
            "race": 0.0,
            "gender": 0.0,
            "number_emergency": 0.0,
            "number_outpatient": 0.0,
            "diag_2": 0.0,
            "metformin": 0.0,
            "repaglinide": 0.0,
            "nateglinide": 0.0,
            "chlorpropamide": 0.0,
            "glimepiride": 0.0,
            "acetohexamide": 0.0,
            "glipizide": 0.0,
            "glyburide": 0.0,
            "tolbutamide": 0.0,
            "pioglitazone": 0.0,
            "rosiglitazone": 0.0,
            "acarbose": 0.0,
            "miglitol": 0.0,
            "troglitazone": 0.0,
            "tolazamide": 0.0,
            "insulin": 0.0,
            "glyburide-metformin": 0.0,
            "glipizide-metformin": 0.0,
            "glimepiride-pioglitazone": 0.0,
            "metformin-rosiglitazone": 0.0,
            "metformin-pioglitazone": 0.0,
            "change": 0.0,
            "diabetesMed": 0.0
        },
        "Lime": {
            "race": 0.0,
            "gender": 0.0,
            "age": 0.0,
            "admission_type_id": 0.0,
            "discharge_disposition_id": -18.4825614160152,
            "admission_source_id": 0.0,
            "time_in_hospital": 0.0,
            "payer_code": 0.0,
            "medical_specialty": 0.0,
            "num_lab_procedures": 0.0,
            "num_procedures": 0.0,
            "num_medications": 0.0,
            "number_outpatient": 0.0,
            "number_emergency": 0.0,
            "number_inpatient": 57.02980901533509,
            "diag_1": 4.993150273034675,
            "diag_2": 0.0,
            "diag_3": 3.3260268765734726,