{
    "LogisticRegression": {
        "SHAP": {
            "diabetesMed": -18.782488180266043,
            "number_inpatient": -14.159179276569981,
            "age": -13.092393933066854,
            "number_diagnoses": -10.224512237327902,
            "discharge_disposition_id": -6.1504359180785055,
            "admission_source_id": -5.45818798892818,
            "time_in_hospital": 4.160657469970607,
            "payer_code": 3.4219479704375466,
            "metformin": 2.8348162897412963,
            "num_medications": -2.7194833263493394,
            "num_procedures": 2.598953784170126,
            "diag_1": 2.4287629508730495,
            "change": -2.335757820784711,
            "number_emergency": -1.9949105551976205,
            "diag_2": 1.9783630971105817,
            "insulin": 1.4836813405549922,
            "glimepiride": 1.2023920866819022,
            "admission_type_id": -1.021933858466271,
            "gender": -0.8769300851490712,
            "diag_3": 0.6443275025238824,
            "glyburide": 0.42425435171831355,
            "pioglitazone": 0.38825292600847633,
            "num_lab_procedures": -0.3834672281067659,
            "rosiglitazone": 0.37822658091552225,
            "glyburide-metformin": 0.16950196297732598,
            "acarbose": 0.16255155295832321,
            "number_outpatient": 0.11700010507659477,
            "medical_specialty": 0.07687911928122113,
            "glipizide": 0.07336184095248852,
            "glipizide-metformin": -0.06781119918461995,
            "chlorpropamide": -0.045151404547292,
            "race": 0.024450391451032432,
            "tolazamide": 0.022627228827822324,
            "tolbutamide": -0.019864625259144855,
            "troglitazone": -0.017751922555085814,
            "repaglinide": 0.011745594189231828,
            "miglitol": -0.011717349064175474,
            "metformin-rosiglitazone": -0.011527495756986802,
            "acetohexamide": -0.00652016393900929,
            "nateglinide": 0.005966880766535884,
            "glimepiride-pioglitazone": -0.005850940470316601,
            "metformin-pioglitazone": -0.005403463745261162
        },
        "Lime": {
            "race": -31.074195552490703,
            "gender": 0.0,
            "age": 0.0,
            "admission_type_id": 0.0,
            "discharge_disposition_id": -16.84045045280735,
            "admission_source_id": 0.0,
            "time_in_hospital": 9.999509236971704,
            "payer_code": 0.0,
            "medical_specialty": 0.0,
            "num_lab_procedures": 0.0,
            "num_procedures": 0.0,
            "num_medications": 0.0,
            "number_outpatient": 0.0,
            "number_emergency": -14.646488459714323,
            "number_inpatient": -6.951513553799225,
            "diag_1": 0.0,
            "diag_2": 0.0,
            "diag_3": 0.0,
            "number_diagnoses": -20.487842744216696,
            "metformin": 0.0,
            "repaglinide": 0.0,
            "nateglinide": 0.0,
            "chlorpropamide": 0.0,
            "glimepiride": 0.0,
            "acetohexamide": 0.0,
            "glipizide": 0.0,
            "glyburide": 0.0,
            "tolbutamide": 0.0,
            "pioglitazone": 0.0,
            "rosiglitazone": 0.0,
            "acarbose": 0.0,
            "miglitol": 0.0,
            "troglitazone": 0.0,
            "tolazamide": 0.0,
            "insulin": 0.0,
            "glyburide-metformin": 0.0,
            "glipizide-metformin": 0.0,
            "glimepiride-pioglitazone": 0.0,
            "metformin-rosiglitazone": 0.0,
            "metformin-pioglitazone": 0.0,
            "change": 0.0,
            "diabetesMed": 0.0
        },
        "Inherent": {
            "time_in_hospital": 5.034829974283804,
            "payer_code": 3.1294451291845937,
            "num_procedures": 2.556778934273142,
            "metformin": 2.5034735609952037,
            "diag_1": 2.308763421666081,
            "diag_2": 2.035492256004123,
            "insulin": 1.6883176064433596,
            "glimepiride": 0.7897459662749748,
            "diag_3": 0.5989795701274758,
            "pioglitazone": 0.4687090873075086,
            "glyburide": 0.42695512709771,
            "rosiglitazone": 0.3045664343490524,
            "number_outpatient": 0.14493400746485907,
            "glyburide-metformin": 0.07598864720939473,
            "medical_specialty": 0.06596060431433692,
            "glipizide": 0.058380188297859355,
            "tolazamide": 0.03103611493010651,
            "race": 0.030028640211388655,
            "nateglinide": 0.01691995961830822,
            "miglitol": -0.0,
            "troglitazone": -0.0,
            "glimepiride-pioglitazone": -0.0,
            "repaglinide": 0.0,
            "acetohexamide": -0.0,
            "glipizide-metformin": -0.0,
            "chlorpropamide": -0.0,
            "metformin-rosiglitazone": -0.0,
            "metformin-pioglitazone": -0.0,
            "tolbutamide": -0.0,
            "acarbose": -0.0,
            "num_lab_procedures": -0.38931702259896256,
            "gender": -0.9385183192417068,
            "admission_type_id": -0.9965726429911453,
            "number_emergency": -1.8969446256395655,
            "change": -2.2302060382104085,
            "num_medications": -2.329278264747967,
            "admission_source_id": -5.617094507717859,
            "discharge_disposition_id": -6.572271049367122,
            "number_diagnoses": -8.414233237161524,
            "age": -12.499220837601417,
            "number_inpatient": -16.11244769666654,
            "diabetesMed": -19.7345905280025
        }
    },
    "DecisionTree": {
        "SHAP": {
            "discharge_disposition_id": -36.475663504793296,
            "number_inpatient": -29.31966826611219,
            "number_diagnoses": -19.945389668758917,
            "diag_1": 7.904181824590066,
            "payer_code": 4.396915352575452,
            "num_medications": -1.2323366548638597,
            "medical_specialty": 0.553990065358082,
            "admission_source_id": 0.1718546629481329,
            "gender": 0.0,
            "race": 0.0,
            "num_lab_procedures": 0.0,
            "time_in_hospital": 0.0,
            "admission_type_id": 0.0,
            "age": 0.0,
            "number_emergency": 0.0,
            "number_outpatient": 0.0,
            "diag_2": 0.0,
            "num_procedures": 0.0,
            "diag_3": 0.0,
            "metformin": 0.0,
            "repaglinide": 0.0,
            "nateglinide": 0.0,
            "chlorpropamide": 0.0,
            "glimepiride": 0.0,
            "acetohexamide": 0.0,
            "glipizide": 0.0,
            "glyburide": 0.0,
            "tolbutamide": 0.0,
            "pioglitazone": 0.0,
            "rosiglitazone": 0.0,
            "acarbose": 0.0,
            "miglitol": 0.0,
            "troglitazone": 0.0,
            "tolazamide": 0.0,
            "insulin": 0.0,
            "glyburide-metformin": 0.0,
            "glipizide-metformin": 0.0,
            "glimepiride-pioglitazone": 0.0,
            "metformin-rosiglitazone": 0.0,
            "metformin-pioglitazone": 0.0,
            "change": 0.0,
            "diabetesMed": 0.0
        },
        "Lime": {
            "race": 0.0,
            "gender": 0.0,
            "age": -2.660191019025552,
            "admission_type_id": -3.2396136751301596,
            "discharge_disposition_id": -17.33769145194503,
            "admission_source_id": 3.354555690424289,
            "time_in_hospital": 0.0,
            "payer_code": 4.77780545639627,
            "medical_specialty": 3.288126863305516,
            "num_lab_procedures": 0.0,
            "num_procedures": 0.0,
            "num_medications": 0.0,
            "number_outpatient": 0.0,
            "number_emergency": -3.6751534306313207,
            "number_inpatient": -35.35647651513359,
            "diag_1": 3.223177145304591,
            "diag_2": -5.272377151748821,
            "diag_3": 0.0,