{
    "LogisticRegression": {
        "SHAP": {
            "number_emergency": 43.420605924667164,
            "diabetesMed": -11.413031402762838,
            "number_diagnoses": -8.812538118094238,
            "number_inpatient": -8.60371406439256,
            "age": -5.47692381951369,
            "discharge_disposition_id": -3.737264072789966,
            "time_in_hospital": -3.3163042639427207,
            "num_medications": -2.1604698747986983,
            "diag_1": 1.9797628733717834,
            "metformin": 1.7225538504463882,
            "num_procedures": 1.5792338516803908,
            "change": -1.4193048919830178,
            "insulin": 0.9015473119923743,
            "diag_2": 0.890498459278907,
            "glimepiride": 0.7306241064563634,
            "gender": 0.7289799494051729,
            "num_lab_procedures": -0.7017498316382351,
            "admission_type_id": 0.4976568302398858,
            "payer_code": 0.4872758252858823,
            "glyburide": 0.25779482422393935,
            "pioglitazone": 0.2359188406893241,
            "rosiglitazone": 0.22982641085241617,
            "admission_source_id": -0.13378019449800557,
            "glyburide-metformin": 0.10299653633338603,
            "acarbose": 0.0987731742821164,
            "number_outpatient": 0.07109419479197104,
            "race": -0.050169357751460864,
            "medical_specialty": 0.04671499293129854,
            "glipizide": 0.044577746383726705,
            "glipizide-metformin": -0.041204942514816004,
            "chlorpropamide": -0.027435896300390658,
            "tolazamide": 0.013749257856089802,
            "tolbutamide": -0.012070583498353346,
            "troglitazone": -0.010786816295908806,
            "diag_3": -0.007378937704958324,
            "repaglinide": 0.0071371180452361556,
            "miglitol": -0.007119955116866428,
            "metformin-rosiglitazone": -0.007004592246086653,
            "acetohexamide": -0.003961926400425443,
            "nateglinide": 0.003625728226815316,
            "glimepiride-pioglitazone": -0.0035552780165504926,
            "metformin-pioglitazone": -0.0032833722995843574
        },
        "Lime": {
            "race": 0.0,
            "gender": 0.0,
            "age": 0.0,
            "admission_type_id": 0.0,
            "discharge_disposition_id": -21.35294554108654,
            "admission_source_id": 0.0,
            "time_in_hospital": 0.0,
            "payer_code": 0.0,
            "medical_specialty": 0.0,
            "num_lab_procedures": 0.0,
            "num_procedures": 11.979881765219867,
            "num_medications": -9.458255018812155,
            "number_outpatient": 0.0,
            "number_emergency": 25.249153667604812,
            "number_inpatient": 0.0,
            "diag_1": 0.0,
            "diag_2": 0.0,
            "diag_3": 0.0,
            "number_diagnoses": -31.959764007276636,
            "metformin": 0.0,
            "repaglinide": 0.0,
            "nateglinide": 0.0,
            "chlorpropamide": 0.0,
            "glimepiride": 0.0,
            "acetohexamide": 0.0,
            "glipizide": 0.0,
            "glyburide": 0.0,
            "tolbutamide": 0.0,
            "pioglitazone": 0.0,
            "rosiglitazone": 0.0,
            "acarbose": 0.0,
            "miglitol": 0.0,
            "troglitazone": 0.0,
            "tolazamide": 0.0,
            "insulin": 0.0,
            "glyburide-metformin": 0.0,
            "glipizide-metformin": 0.0,
            "glimepiride-pioglitazone": 0.0,
            "metformin-rosiglitazone": 0.0,
            "metformin-pioglitazone": 0.0,
            "change": 0.0,
            "diabetesMed": 0.0
        },
        "Inherent": {
            "number_emergency": 43.73755635721772,
            "diag_1": 1.928017270674633,
            "num_procedures": 1.5736474131775358,
            "metformin": 1.5408389987922155,
            "insulin": 1.0391264564908422,
            "diag_2": 0.9392661149903238,
            "gender": 0.6918980594416939,
            "admission_type_id": 0.5120803467567212,
            "glimepiride": 0.48607319163841356,
            "payer_code": 0.32435570156346005,
            "pioglitazone": 0.2884812734050273,
            "glyburide": 0.26278252777110084,
            "rosiglitazone": 0.18745468179881775,
            "number_outpatient": 0.08920404610317546,
            "glyburide-metformin": 0.04676952571416552,
            "medical_specialty": 0.04059746150106322,
            "glipizide": 0.035931863746312194,
            "tolazamide": 0.019102121548387734,
            "nateglinide": 0.010413904122684167,
            "miglitol": -0.0,
            "troglitazone": -0.0,
            "glimepiride-pioglitazone": -0.0,
            "repaglinide": 0.0,
            "acetohexamide": -0.0,
            "glipizide-metformin": -0.0,
            "chlorpropamide": -0.0,
            "metformin-rosiglitazone": -0.0,
            "metformin-pioglitazone": -0.0,
            "tolbutamide": -0.0,
            "acarbose": -0.0,
            "diag_3": -0.03267283973569028,
            "race": -0.0469411118883225,
            "admission_source_id": -0.2549493543815745,
            "num_lab_procedures": -0.7112156262589853,
            "change": -1.3726481847287477,
            "num_medications": -1.9447215305791763,
            "time_in_hospital": -2.7813112171690775,
            "discharge_disposition_id": -4.045104250860232,
            "age": -5.199338405782044,
            "number_diagnoses": -7.7943494469579715,
            "number_inpatient": -9.916896333091005,
            "diabetesMed": -12.146254382112874
        }
    },
    "DecisionTree": {
        "SHAP": {
            "number_inpatient": -35.74714551439193,
            "discharge_disposition_id": -29.515131616561057,
            "number_diagnoses": -19.872997001275643,
            "diag_1": 7.87549324963326,
            "number_emergency": 4.562433926868734,
            "payer_code": -1.642858681761283,
            "medical_specialty": 0.551979334093537,
            "admission_source_id": 0.17123090890387171,
            "num_medications": -0.06072976651067477,
            "gender": 0.0,
            "num_lab_procedures": 0.0,
            "time_in_hospital": 0.0,
            "admission_type_id": 0.0,
            "age": 0.0,
            "race": 0.0,
            "number_outpatient": 0.0,
            "diag_2": 0.0,
            "num_procedures": 0.0,
            "diag_3": 0.0,
            "metformin": 0.0,
            "repaglinide": 0.0,
            "nateglinide": 0.0,
            "chlorpropamide": 0.0,
            "glimepiride": 0.0,
            "acetohexamide": 0.0,
            "glipizide": 0.0,
            "glyburide": 0.0,
            "tolbutamide": 0.0,
            "pioglitazone": 0.0,
            "rosiglitazone": 0.0,
            "acarbose": 0.0,
            "miglitol": 0.0,
            "troglitazone": 0.0,
            "tolazamide": 0.0,
            "insulin": 0.0,
            "glyburide-metformin": 0.0,
            "glipizide-metformin": 0.0,
            "glimepiride-pioglitazone": 0.0,
            "metformin-rosiglitazone": 0.0,
            "metformin-pioglitazone": 0.0,
            "change": 0.0,
            "diabetesMed": 0.0
        },
        "Lime": {
            "race": 0.0,
            "gender": 0.0,
            "age": 0.0,
            "admission_type_id": 0.0,
            "discharge_disposition_id": -19.286300781817136,
            "admission_source_id": 0.0,
            "time_in_hospital": 0.0,
            "payer_code": 5.416355605379188,
            "medical_specialty": 0.0,
            "num_lab_procedures": 0.0,
            "num_procedures": 0.0,
            "num_medications": 0.0,
            "number_outpatient": 0.0,
            "number_emergency": 0.0,
            "number_inpatient": -37.57549318483492,
            "diag_1": 0.0,
            "diag_2": 0.0,
            "diag_3": 0.0,
            "number_diagnoses": -7.303312330237695,