{
    "LogisticRegression": {
        "SHAP": {
            "number_inpatient": -20.786486375770867,
            "metformin": -13.887490357902319,
            "number_diagnoses": 10.113164030763935,
            "discharge_disposition_id": -9.029192294199197,
            "diabetesMed": 7.996093921989724,
            "time_in_hospital": -5.188109407429462,
            "rosiglitazone": -5.071522197831947,
            "change": 4.236543677764396,
            "number_emergency": -2.928642986046161,
            "payer_code": -2.6691087130204707,
            "insulin": 2.178129209965256,
            "diag_2": 2.1514352932825895,
            "num_medications": 2.1442231466266097,
            "glimepiride": 1.7651804698529574,
            "gender": -1.2873836054620886,
            "diag_1": 1.2827057166902955,
            "age": -1.255809324023746,
            "admission_type_id": 1.2023338809459891,
            "num_lab_procedures": 0.785225107675139,
            "diag_3": -0.6696496453526531,
            "glyburide": 0.622829694405179,
            "num_procedures": 0.5993597829243953,
            "pioglitazone": 0.569977538894712,
            "admission_source_id": -0.3232116001843328,
            "glyburide-metformin": 0.248838592638268,
            "acarbose": 0.238634992532357,
            "number_outpatient": 0.17176285734038296,
            "medical_specialty": 0.11286295160940205,
            "glipizide": 0.10769938551338001,
            "glipizide-metformin": -0.09955072539467469,
            "chlorpropamide": -0.06628484865801927,
            "race": 0.035894575444790126,
            "tolazamide": 0.03321806826256366,
            "tolbutamide": -0.029162407950599514,
            "troglitazone": -0.026060839341559627,
            "repaglinide": 0.017243205190134815,
            "miglitol": -0.0172017397283522,
            "metformin-rosiglitazone": -0.016923024196456738,
            "acetohexamide": -0.009571974211123992,
            "nateglinide": 0.008759722815621653,
            "glimepiride-pioglitazone": -0.00858951581840163,
            "metformin-pioglitazone": -0.007932594349497628
        },
        "Lime": {
            "race": -31.227022315949803,
            "gender": 0.0,
            "age": 0.0,
            "admission_type_id": 0.0,
            "discharge_disposition_id": -35.289644066833795,
            "admission_source_id": 0.0,
            "time_in_hospital": 0.0,
            "payer_code": 0.0,
            "medical_specialty": 0.0,
            "num_lab_procedures": 0.0,
            "num_procedures": 0.0,
            "num_medications": 0.0,
            "number_outpatient": 0.0,
            "number_emergency": -33.483333617216395,
            "number_inpatient": 0.0,
            "diag_1": 0.0,
            "diag_2": 0.0,
            "diag_3": 0.0,
            "number_diagnoses": 0.0,
            "metformin": 0.0,
            "repaglinide": 0.0,
            "nateglinide": 0.0,
            "chlorpropamide": 0.0,
            "glimepiride": 0.0,
            "acetohexamide": 0.0,
            "glipizide": 0.0,
            "glyburide": 0.0,
            "tolbutamide": 0.0,
            "pioglitazone": 0.0,
            "rosiglitazone": 0.0,
            "acarbose": 0.0,
            "miglitol": 0.0,
            "troglitazone": 0.0,
            "tolazamide": 0.0,
            "insulin": 0.0,
            "glyburide-metformin": 0.0,
            "glipizide-metformin": 0.0,
            "glimepiride-pioglitazone": 0.0,
            "metformin-rosiglitazone": 0.0,
            "metformin-pioglitazone": 0.0,
            "change": 0.0,
            "diabetesMed": 0.0
        },
        "Inherent": {
            "number_diagnoses": 12.230708068685436,
            "diabetesMed": 6.172166701590298,
            "change": 4.212134808661579,
            "num_medications": 2.5970117106761847,
            "insulin": 2.4054981339259895,
            "diag_2": 2.174329094169348,
            "admission_type_id": 1.1854267696188934,
            "glimepiride": 1.1252221980626265,
            "diag_1": 1.0887985875280277,
            "num_lab_procedures": 0.7449652915812366,
            "pioglitazone": 0.6678120458907806,
            "glyburide": 0.608321418662011,
            "num_procedures": 0.542555582418965,
            "number_outpatient": 0.2065005323456776,
            "glyburide-metformin": 0.108267868773121,
            "medical_specialty": 0.09398001299353928,
            "glipizide": 0.08317951164685666,
            "tolazamide": 0.04421994787222424,
            "race": 0.04278450791317604,
            "nateglinide": 0.02410739018097717,
            "glimepiride-pioglitazone": -0.0,
            "troglitazone": -0.0,
            "repaglinide": 0.0,
            "acetohexamide": -0.0,
            "acarbose": -0.0,
            "miglitol": -0.0,
            "metformin-pioglitazone": -0.0,
            "glipizide-metformin": -0.0,
            "metformin-rosiglitazone": -0.0,
            "tolbutamide": -0.0,
            "chlorpropamide": -0.0,
            "age": -0.4906791152043319,
            "admission_source_id": -0.59018822240517,
            "diag_3": -0.7040002931652917,
            "gender": -1.3371915669038075,
            "number_emergency": -2.702747835906072,
            "payer_code": -2.9570850980016137,
            "time_in_hospital": -3.7161027673407356,
            "rosiglitazone": -4.990347104657013,
            "discharge_disposition_id": -9.364106424390831,
            "metformin": -13.8327061624228,
            "number_inpatient": -22.95685522640539
        }
    },
    "DecisionTree": {
        "SHAP": {
            "number_inpatient": -38.99499376831159,
            "discharge_disposition_id": -31.61098189771328,
            "diag_1": 14.540292907987833,
            "number_diagnoses": 9.172238993389222,
            "payer_code": -2.366573566242906,
            "num_medications": 2.149788006631578,
            "medical_specialty": 0.7951382037179625,
            "admission_source_id": 0.3699926560056298,
            "gender": 0.0,
            "race": 0.0,
            "num_lab_procedures": 0.0,
            "time_in_hospital": 0.0,
            "admission_type_id": 0.0,
            "age": 0.0,
            "number_emergency": 0.0,
            "number_outpatient": 0.0,
            "diag_2": 0.0,
            "num_procedures": 0.0,
            "diag_3": 0.0,
            "metformin": 0.0,
            "repaglinide": 0.0,
            "nateglinide": 0.0,
            "chlorpropamide": 0.0,
            "glimepiride": 0.0,
            "acetohexamide": 0.0,
            "glipizide": 0.0,
            "glyburide": 0.0,
            "tolbutamide": 0.0,
            "pioglitazone": 0.0,
            "rosiglitazone": 0.0,
            "acarbose": 0.0,
            "miglitol": 0.0,
            "troglitazone": 0.0,
            "tolazamide": 0.0,
            "insulin": 0.0,
            "glyburide-metformin": 0.0,
            "glipizide-metformin": 0.0,
            "glimepiride-pioglitazone": 0.0,
            "metformin-rosiglitazone": 0.0,
            "metformin-pioglitazone": 0.0,
            "change": 0.0,
            "diabetesMed": 0.0
        },
        "Lime": {
            "race": 0.0,
            "gender": 0.0,
            "age": 0.0,
            "admission_type_id": 0.0,
            "discharge_disposition_id": -21.00568630767236,
            "admission_source_id": 0.0,
            "time_in_hospital": 0.0,
            "payer_code": 0.0,
            "medical_specialty": 0.0,
            "num_lab_procedures": 0.0,
            "num_procedures": 0.0,
            "num_medications": 2.526890474393819,
            "number_outpatient": 0.0,
            "number_emergency": -3.048070493209259,
            "number_inpatient": -38.91213410137709,
            "diag_1": 0.0,
            "diag_2": 3.445838348361822,
            "diag_3": 0.0,
            "number_diagnoses": 5.650905173550011,
            "metformin": 0.0,
            "repaglinide": 0.0,