{
    "LogisticRegression": {
        "SHAP": {
            "diabetesMed": -20.81516752255842,
            "number_inpatient": -15.691514659564506,
            "number_diagnoses": -11.331029894113547,
            "time_in_hospital": -8.180145519929207,
            "discharge_disposition_id": -6.816048690826388,
            "num_medications": -5.793258023168342,
            "age": -5.46842530025499,
            "payer_code": 3.792278188838312,
            "metformin": 3.141605915058629,
            "num_procedures": 2.8802178860267516,
            "change": -2.5885383163899367,
            "number_emergency": -2.210803861577105,
            "diag_2": 2.192465603682386,
            "insulin": 1.6442483741953708,
            "glimepiride": 1.3325174211145367,
            "gender": 1.329518795837326,
            "diag_1": 0.9683019627989696,
            "admission_type_id": 0.9076300524049205,
            "glyburide": 0.4701680266445951,
            "pioglitazone": 0.4302704529041499,
            "rosiglitazone": 0.4191590362086722,
            "diag_3": -0.24891927284059295,
            "admission_source_id": -0.24398926642770227,
            "glyburide-metformin": 0.18784581259486569,
            "acarbose": 0.18014321496735788,
            "num_lab_procedures": -0.1400036779124988,
            "number_outpatient": 0.12966209609464863,
            "race": -0.09149923006809788,
            "glipizide": 0.08130120964450971,
            "glipizide-metformin": -0.0751498660553635,
            "chlorpropamide": -0.05003778202922722,
            "medical_specialty": -0.03628361258121883,
            "tolazamide": 0.025075993878022687,
            "tolbutamide": -0.02201441569261186,
            "troglitazone": -0.019673071974554576,
            "repaglinide": 0.013016726450424218,
            "miglitol": -0.012985424580080895,
            "metformin-rosiglitazone": -0.012775024959119283,
            "acetohexamide": -0.007225789435481513,
            "nateglinide": 0.006612628824815104,
            "glimepiride-pioglitazone": -0.00648414123226307,
            "metformin-pioglitazone": -0.005988237659473341
        },
        "Lime": {
            "race": -28.44975411714955,
            "gender": 0.0,
            "age": 0.0,
            "admission_type_id": 0.0,
            "discharge_disposition_id": -11.525909663159954,
            "admission_source_id": 0.0,
            "time_in_hospital": -13.942638307747654,
            "payer_code": 0.0,
            "medical_specialty": 0.0,
            "num_lab_procedures": 0.0,
            "num_procedures": 0.0,
            "num_medications": 0.0,
            "number_outpatient": 0.0,
            "number_emergency": -23.290341901869578,
            "number_inpatient": 0.0,
            "diag_1": 0.0,
            "diag_2": 0.0,
            "diag_3": 0.0,
            "number_diagnoses": -22.79135601007326,
            "metformin": 0.0,
            "repaglinide": 0.0,
            "nateglinide": 0.0,
            "chlorpropamide": 0.0,
            "glimepiride": 0.0,
            "acetohexamide": 0.0,
            "glipizide": 0.0,
            "glyburide": 0.0,
            "tolbutamide": 0.0,
            "pioglitazone": 0.0,
            "rosiglitazone": 0.0,
            "acarbose": 0.0,
            "miglitol": 0.0,
            "troglitazone": 0.0,
            "tolazamide": 0.0,
            "insulin": 0.0,
            "glyburide-metformin": 0.0,
            "glipizide-metformin": 0.0,
            "glimepiride-pioglitazone": 0.0,
            "metformin-rosiglitazone": 0.0,
            "metformin-pioglitazone": 0.0,
            "change": 0.0,
            "diabetesMed": 0.0
        },
        "Inherent": {
            "payer_code": 3.53652005153194,
            "num_procedures": 2.889362041873357,
            "metformin": 2.829122761850913,
            "diag_2": 2.3002669422014175,
            "insulin": 1.9079321803277922,
            "gender": 1.2703887624737742,
            "admission_type_id": 0.9402268283977364,
            "glimepiride": 0.8924752887664931,
            "diag_1": 0.8635857304323664,
            "pioglitazone": 0.5296782711221849,
            "glyburide": 0.4824929997986087,
            "rosiglitazone": 0.34418411495831525,
            "number_outpatient": 0.1637868703203327,
            "glyburide-metformin": 0.08587317030697789,
            "glipizide": 0.06597422162867118,
            "tolazamide": 0.03507326003206531,
            "nateglinide": 0.019120890123051626,
            "tolbutamide": -0.0,
            "troglitazone": -0.0,
            "miglitol": -0.0,
            "glipizide-metformin": -0.0,
            "glimepiride-pioglitazone": -0.0,
            "metformin-rosiglitazone": -0.0,
            "acetohexamide": -0.0,
            "chlorpropamide": -0.0,
            "repaglinide": 0.0,
            "metformin-pioglitazone": -0.0,
            "acarbose": -0.0,
            "medical_specialty": -0.04850649603388097,
            "race": -0.08618821837579425,
            "num_lab_procedures": -0.15132609383404005,
            "diag_3": -0.29848410831672834,
            "admission_source_id": -0.4681105697386189,
            "number_emergency": -2.1436971821800417,
            "change": -2.5203088878678606,
            "age": -4.967825069464408,
            "num_medications": -5.44752856597274,
            "time_in_hospital": -7.266044305913661,
            "discharge_disposition_id": -7.427185136889062,
            "number_diagnoses": -9.508747823689026,
            "number_inpatient": -18.208337902178855,
            "diabetesMed": -22.30164525339929
        }
    },
    "DecisionTree": {
        "SHAP": {
            "discharge_disposition_id": -36.04403929099751,
            "number_inpatient": -29.648163990251586,
            "number_diagnoses": -20.16885656350732,
            "diag_1": 7.992739781952742,
            "payer_code": 4.446178116383503,
            "num_medications": -1.2461436774450434,
            "medical_specialty": -0.28009846765030516,
            "admission_source_id": 0.17378011181199773,
            "gender": 0.0,
            "race": 0.0,
            "num_lab_procedures": 0.0,
            "time_in_hospital": 0.0,
            "admission_type_id": 0.0,
            "age": 0.0,
            "number_emergency": 0.0,
            "number_outpatient": 0.0,
            "diag_2": 0.0,
            "num_procedures": 0.0,
            "diag_3": 0.0,
            "metformin": 0.0,
            "repaglinide": 0.0,
            "nateglinide": 0.0,
            "chlorpropamide": 0.0,
            "glimepiride": 0.0,
            "acetohexamide": 0.0,
            "glipizide": 0.0,
            "glyburide": 0.0,
            "tolbutamide": 0.0,
            "pioglitazone": 0.0,
            "rosiglitazone": 0.0,
            "acarbose": 0.0,
            "miglitol": 0.0,
            "troglitazone": 0.0,
            "tolazamide": 0.0,
            "insulin": 0.0,
            "glyburide-metformin": 0.0,
            "glipizide-metformin": 0.0,
            "glimepiride-pioglitazone": 0.0,
            "metformin-rosiglitazone": 0.0,
            "metformin-pioglitazone": 0.0,
            "change": 0.0,
            "diabetesMed": 0.0
        },
        "Lime": {
            "race": 2.5865384126813646,
            "gender": 0.0,
            "age": 0.0,
            "admission_type_id": 0.0,
            "discharge_disposition_id": -19.4848176637504,
            "admission_source_id": 2.144534579918677,
            "time_in_hospital": 0.0,
            "payer_code": 5.645937834060801,
            "medical_specialty": 0.0,
            "num_lab_procedures": 0.0,
            "num_procedures": 0.0,
            "num_medications": 0.0,
            "number_outpatient": 0.0,
            "number_emergency": 0.0,
            "number_inpatient": -34.81374711062457,
            "diag_1": -4.208700653301734,
            "diag_2": 0.0,
            "diag_3": 0.0,
            "number_diagnoses": -8.231748765266351,