{
    "LogisticRegression": {
        "SHAP": {
            "number_inpatient": -19.68175798932764,
            "age": 10.150813369761146,
            "number_diagnoses": 9.575685056223813,
            "discharge_disposition_id": 7.992806194644266,
            "insulin": 7.621615974839048,
            "diabetesMed": 7.571129751682196,
            "glyburide": -6.439603098066068,
            "change": 4.011386333871574,
            "metformin": 3.940494506713235,
            "num_procedures": 3.6126373150827917,
            "number_emergency": -2.7729959477754584,
            "payer_code": -2.5272550053532794,
            "time_in_hospital": -2.2384196642346135,
            "num_medications": 2.0302652542668826,
            "glimepiride": 1.671367357959513,
            "diag_2": -1.541385823035682,
            "diag_1": 1.3406237799349014,
            "gender": -1.2189637105608826,
            "admission_type_id": 1.1384340787258447,
            "pioglitazone": 0.5396852443977453,
            "rosiglitazone": 0.5257482715137627,
            "diag_3": 0.33903987132661506,
            "admission_source_id": -0.3060340443869486,
            "glyburide-metformin": 0.23561369969770327,
            "acarbose": 0.22595238492453878,
            "number_outpatient": 0.16263426769756112,
            "medical_specialty": 0.10686468407314315,
            "glipizide": 0.10197554329068445,
            "glipizide-metformin": -0.09425995569717054,
            "chlorpropamide": -0.0627620428995164,
            "race": 0.033986905447257076,
            "tolazamide": 0.03145264517522373,
            "tolbutamide": -0.027612528894675123,
            "troglitazone": -0.02467579771043934,
            "num_lab_procedures": -0.022422507595822393,
            "repaglinide": 0.016326789692948575,
            "miglitol": -0.016287527974110295,
            "metformin-rosiglitazone": -0.016023625189028383,
            "acetohexamide": -0.009063257565406659,
            "nateglinide": 0.008294174464791594,
            "glimepiride-pioglitazone": -0.008133013368740293,
            "metformin-pioglitazone": -0.00751100495735082
        },
        "Lime": {
            "race": -13.872298200412084,
            "gender": 0.0,
            "age": 0.0,
            "admission_type_id": 0.0,
            "discharge_disposition_id": 39.27895438245578,
            "admission_source_id": 0.0,
            "time_in_hospital": 9.673775094900893,
            "payer_code": 0.0,
            "medical_specialty": 0.0,
            "num_lab_procedures": -8.672797405967419,
            "num_procedures": 0.0,
            "num_medications": 0.0,
            "number_outpatient": 0.0,
            "number_emergency": -28.502174916263833,
            "number_inpatient": 0.0,
            "diag_1": 0.0,
            "diag_2": 0.0,
            "diag_3": 0.0,
            "number_diagnoses": 0.0,
            "metformin": 0.0,
            "repaglinide": 0.0,
            "nateglinide": 0.0,
            "chlorpropamide": 0.0,
            "glimepiride": 0.0,
            "acetohexamide": 0.0,
            "glipizide": 0.0,
            "glyburide": 0.0,
            "tolbutamide": 0.0,
            "pioglitazone": 0.0,
            "rosiglitazone": 0.0,
            "acarbose": 0.0,
            "miglitol": 0.0,
            "troglitazone": 0.0,
            "tolazamide": 0.0,
            "insulin": 0.0,
            "glyburide-metformin": 0.0,
            "glipizide-metformin": 0.0,
            "glimepiride-pioglitazone": 0.0,
            "metformin-rosiglitazone": 0.0,
            "metformin-pioglitazone": 0.0,
            "change": 0.0,
            "diabetesMed": 0.0
        },
        "Inherent": {
            "number_diagnoses": 11.745707388031056,
            "age": 10.616344507133855,
            "insulin": 7.745661895875605,
            "discharge_disposition_id": 7.181283906291407,
            "diabetesMed": 5.927413492326155,
            "change": 4.04510537440999,
            "num_procedures": 3.4984174566562434,
            "metformin": 3.4254801972360696,
            "num_medications": 2.494028920123754,
            "diag_1": 1.1689068257114321,
            "admission_type_id": 1.138419451080803,
            "glimepiride": 1.080602252194975,
            "pioglitazone": 0.6413303986314951,
            "rosiglitazone": 0.4167354933801425,
            "diag_3": 0.2753646917673702,
            "number_outpatient": 0.19831188961291799,
            "glyburide-metformin": 0.1039745776772109,
            "medical_specialty": 0.09025329741715539,
            "glipizide": 0.07988108284464256,
            "tolazamide": 0.04246643493608929,
            "race": 0.04108791640409725,
            "nateglinide": 0.023151427486020018,
            "repaglinide": 0.0,
            "troglitazone": -0.0,
            "glimepiride-pioglitazone": -0.0,
            "acetohexamide": -0.0,
            "metformin-pioglitazone": -0.0,
            "glipizide-metformin": -0.0,
            "metformin-rosiglitazone": -0.0,
            "miglitol": -0.0,
            "acarbose": -0.0,
            "chlorpropamide": -0.0,
            "tolbutamide": -0.0,
            "num_lab_procedures": -0.03344970011847454,
            "admission_source_id": -0.5667846967897089,
            "time_in_hospital": -0.9542793057977682,
            "gender": -1.2841661151906631,
            "diag_2": -1.410750468843384,
            "number_emergency": -2.5955721488820505,
            "payer_code": -2.8398238342031834,
            "glyburide": -6.288728614926817,
            "number_inpatient": -22.046516238019457
        }
    },
    "DecisionTree": {
        "SHAP": {
            "number_inpatient": -50.62767656994688,
            "discharge_disposition_id": 26.19347896555752,
            "diag_1": 8.975115513148154,
            "number_diagnoses": 5.379043944145208,
            "payer_code": -4.394845103411585,
            "num_medications": 2.4951652842020966,
            "medical_specialty": 1.476611287724784,
            "admission_source_id": 0.4580633318637709,
            "gender": 0.0,
            "race": 0.0,
            "num_lab_procedures": 0.0,
            "time_in_hospital": 0.0,
            "admission_type_id": 0.0,
            "age": 0.0,
            "number_emergency": 0.0,
            "number_outpatient": 0.0,
            "diag_2": 0.0,
            "num_procedures": 0.0,
            "diag_3": 0.0,
            "metformin": 0.0,
            "repaglinide": 0.0,
            "nateglinide": 0.0,
            "chlorpropamide": 0.0,
            "glimepiride": 0.0,
            "acetohexamide": 0.0,
            "glipizide": 0.0,
            "glyburide": 0.0,
            "tolbutamide": 0.0,
            "pioglitazone": 0.0,
            "rosiglitazone": 0.0,
            "acarbose": 0.0,
            "miglitol": 0.0,
            "troglitazone": 0.0,
            "tolazamide": 0.0,
            "insulin": 0.0,
            "glyburide-metformin": 0.0,
            "glipizide-metformin": 0.0,
            "glimepiride-pioglitazone": 0.0,
            "metformin-rosiglitazone": 0.0,
            "metformin-pioglitazone": 0.0,
            "change": 0.0,
            "diabetesMed": 0.0
        },
        "Lime": {
            "race": 0.0,
            "gender": 0.0,
            "age": 0.0,
            "admission_type_id": 0.0,
            "discharge_disposition_id": 0.0,
            "admission_source_id": 0.0,
            "time_in_hospital": 0.0,
            "payer_code": 0.0,
            "medical_specialty": 0.0,
            "num_lab_procedures": 0.0,
            "num_procedures": 0.0,
            "num_medications": 0.0,
            "number_outpatient": 0.0,
            "number_emergency": -3.27471408245532,
            "number_inpatient": -37.813744223665964,
            "diag_1": 3.975597522695714,
            "diag_2": -3.1428722838977965,
            "diag_3": 0.0,
            "number_diagnoses": 0.0,
            "metformin": 0.0,
            "repaglinide": 0.0,