{
    "LogisticRegression": {
        "SHAP": {
            "number_inpatient": -16.02128971335372,
            "age": -14.814208658980386,
            "metformin": -10.703853570688334,
            "discharge_disposition_id": -6.959295717796923,
            "number_diagnoses": -6.728180188608343,
            "diabetesMed": 6.1630299120061505,
            "time_in_hospital": -3.9987616174463154,
            "rosiglitazone": -3.9089014348225453,
            "payer_code": 3.8719772345225687,
            "change": 3.265337509077857,
            "num_procedures": 2.940748945576836,
            "num_medications": -2.6041495911176487,
            "admission_source_id": 2.486371399842506,
            "number_emergency": -2.2572664229159236,
            "diag_1": -2.119840366660842,
            "diag_2": -1.926057204285128,
            "insulin": 1.6788041266391032,
            "glimepiride": 1.3605217925061324,
            "gender": 1.3574601477031754,
            "nateglinide": -1.2782165780714314,
            "admission_type_id": 0.9267049317805771,
            "glyburide": 0.4800491432633902,
            "pioglitazone": 0.4393130765659701,
            "num_lab_procedures": -0.3923334299006117,
            "diag_3": -0.3558625204596418,
            "glyburide-metformin": 0.19179360630990974,
            "acarbose": 0.18392912981971485,
            "number_outpatient": 0.13238709273402477,
            "medical_specialty": 0.08698969190609034,
            "glipizide": 0.0830098471702889,
            "glipizide-metformin": -0.07672922608900778,
            "chlorpropamide": -0.05108938301346512,
            "race": 0.027665925926237185,
            "tolazamide": 0.02560299445185846,
            "tolbutamide": -0.02247707371362987,
            "troglitazone": -0.020086523990460087,
            "repaglinide": 0.013290287783315154,
            "miglitol": -0.013258328068512576,
            "metformin-rosiglitazone": -0.013043506659863466,
            "acetohexamide": -0.007377647630910915,
            "glimepiride-pioglitazone": -0.006620412845936963,
            "metformin-pioglitazone": -0.006114087294712456
        },
        "Lime": {
            "race": -48.53103636721818,
            "gender": 0.0,
            "age": 0.0,
            "admission_type_id": 0.0,
            "discharge_disposition_id": -22.455931242978743,
            "admission_source_id": 0.0,
            "time_in_hospital": 0.0,
            "payer_code": 0.0,
            "medical_specialty": 0.0,
            "num_lab_procedures": 0.0,
            "num_procedures": 0.0,
            "num_medications": 0.0,
            "number_outpatient": 0.0,
            "number_emergency": -29.01303238980308,
            "number_inpatient": 0.0,
            "diag_1": 0.0,
            "diag_2": 0.0,
            "diag_3": 0.0,
            "number_diagnoses": 0.0,
            "metformin": 0.0,
            "repaglinide": 0.0,
            "nateglinide": 0.0,
            "chlorpropamide": 0.0,
            "glimepiride": 0.0,
            "acetohexamide": 0.0,
            "glipizide": 0.0,
            "glyburide": 0.0,
            "tolbutamide": 0.0,
            "pioglitazone": 0.0,
            "rosiglitazone": 0.0,
            "acarbose": 0.0,
            "miglitol": 0.0,
            "troglitazone": 0.0,
            "tolazamide": 0.0,
            "insulin": 0.0,
            "glyburide-metformin": 0.0,
            "glipizide-metformin": 0.0,
            "glimepiride-pioglitazone": 0.0,
            "metformin-rosiglitazone": 0.0,
            "metformin-pioglitazone": 0.0,
            "change": 0.0,
            "diabetesMed": 0.0
        },
        "Inherent": {
            "diabetesMed": 5.091720710475494,
            "payer_code": 3.6782830224039014,
            "change": 3.4747950075701834,
            "num_procedures": 3.005183397616331,
            "admission_source_id": 2.3355887154692097,
            "insulin": 1.9844124858723124,
            "gender": 1.3213128580554248,
            "admission_type_id": 0.9779162367836571,
            "glimepiride": 0.9282505555603412,
            "pioglitazone": 0.5509106589572486,
            "glyburide": 0.5018339451572378,
            "number_outpatient": 0.1703523394787426,
            "glyburide-metformin": 0.08931543433023366,
            "medical_specialty": 0.07752868671007643,
            "glipizide": 0.06861882749058174,
            "tolazamide": 0.03647918717735509,
            "race": 0.03529502289251058,
            "miglitol": -0.0,
            "metformin-pioglitazone": -0.0,
            "troglitazone": -0.0,
            "acarbose": -0.0,
            "tolbutamide": -0.0,
            "chlorpropamide": -0.0,
            "repaglinide": 0.0,
            "acetohexamide": -0.0,
            "glimepiride-pioglitazone": -0.0,
            "metformin-rosiglitazone": -0.0,
            "glipizide-metformin": -0.0,
            "num_lab_procedures": -0.4147087984599073,
            "diag_3": -0.41539484968051343,
            "nateglinide": -1.3059366047360481,
            "diag_2": -1.9045399856500458,
            "number_emergency": -2.229628232129569,
            "num_medications": -2.2497654333471613,
            "diag_1": -2.309124401620002,
            "time_in_hospital": -3.0655940348871185,
            "rosiglitazone": -4.116780206000694,
            "number_diagnoses": -4.895006052154301,
            "discharge_disposition_id": -7.724907138992619,
            "metformin": -11.41127254890618,
            "age": -14.691317438822052,
            "number_inpatient": -18.938227182612952
        }
    },
    "DecisionTree": {
        "SHAP": {
            "discharge_disposition_id": -34.88161225940695,
            "number_inpatient": -27.088404366372632,
            "number_diagnoses": -19.079049450038166,
            "diag_1": -13.907414238633494,
            "payer_code": 3.489471375494589,
            "num_medications": -0.6029406887620692,
            "admission_source_id": -0.5114511074947596,
            "medical_specialty": 0.43965651379735776,
            "gender": 0.0,
            "race": 0.0,
            "num_lab_procedures": 0.0,
            "time_in_hospital": 0.0,
            "admission_type_id": 0.0,
            "age": 0.0,
            "number_emergency": 0.0,
            "number_outpatient": 0.0,
            "diag_2": 0.0,
            "num_procedures": 0.0,
            "diag_3": 0.0,
            "metformin": 0.0,
            "repaglinide": 0.0,
            "nateglinide": 0.0,
            "chlorpropamide": 0.0,
            "glimepiride": 0.0,
            "acetohexamide": 0.0,
            "glipizide": 0.0,
            "glyburide": 0.0,
            "tolbutamide": 0.0,
            "pioglitazone": 0.0,
            "rosiglitazone": 0.0,
            "acarbose": 0.0,
            "miglitol": 0.0,
            "troglitazone": 0.0,
            "tolazamide": 0.0,
            "insulin": 0.0,
            "glyburide-metformin": 0.0,
            "glipizide-metformin": 0.0,
            "glimepiride-pioglitazone": 0.0,
            "metformin-rosiglitazone": 0.0,
            "metformin-pioglitazone": 0.0,
            "change": 0.0,
            "diabetesMed": 0.0
        },
        "Lime": {
            "race": 0.0,
            "gender": 0.0,
            "age": 0.0,
            "admission_type_id": 0.0,
            "discharge_disposition_id": -16.598808726835493,
            "admission_source_id": 0.0,
            "time_in_hospital": 0.0,
            "payer_code": 2.798380722112978,
            "medical_specialty": 0.0,
            "num_lab_procedures": 0.0,
            "num_procedures": 0.0,
            "num_medications": 0.0,
            "number_outpatient": 0.0,
            "number_emergency": -4.0473457281621155,
            "number_inpatient": -32.44883764471116,
            "diag_1": -10.398774838512468,
            "diag_2": 0.0,
            "diag_3": -3.5687489511780663,
            "number_diagnoses": -8.776967452912546,
            "metformin": 0.0,