{
    "LogisticRegression": {
        "SHAP": {
            "discharge_disposition_id": 29.591868979937967,
            "number_inpatient": -12.211620712500123,
            "time_in_hospital": 10.224643996352059,
            "age": 9.816046152806042,
            "number_diagnoses": 5.9412697804925765,
            "glyburide": 4.727274464838866,
            "diabetesMed": 4.697535908266021,
            "num_medications": -3.0664476381209225,
            "payer_code": 2.9512678592918986,
            "change": 2.488879726450669,
            "metformin": 2.444894625864473,
            "diag_1": 2.12822113624259,
            "number_emergency": -1.720515757276137,
            "diag_2": -1.4680640866074741,
            "insulin": 1.279604801604035,
            "glimepiride": 1.037006158582089,
            "gender": 1.0346725358988325,
            "admission_type_id": 0.706345702610656,
            "diag_3": 0.5369077213837542,
            "num_procedures": 0.35211118450160356,
            "pioglitazone": 0.33484973813273367,
            "rosiglitazone": 0.3262024909289076,
            "admission_source_id": -0.18987997297763295,
            "glyburide-metformin": 0.14618740546131206,
            "acarbose": 0.14019300640112986,
            "number_outpatient": 0.10090704260537822,
            "glipizide": 0.0632711090793936,
            "glipizide-metformin": -0.05848394376026133,
            "num_lab_procedures": -0.04559314625805845,
            "chlorpropamide": -0.038940945389438666,
            "race": 0.021087303214405904,
            "tolazamide": 0.01951491190436085,
            "tolbutamide": -0.01713229732616187,
            "troglitazone": -0.015310191426073835,
            "repaglinide": 0.010130018024363249,
            "miglitol": -0.010105657943356569,
            "metformin-rosiglitazone": -0.009941918468552528,
            "medical_specialty": 0.0065940971700228146,
            "acetohexamide": -0.005623332218009065,
            "nateglinide": 0.005146151717862818,
            "glimepiride-pioglitazone": -0.005046158710141838,
            "metformin-pioglitazone": -0.004660231253661998
        },
        "Lime": {
            "race": 0.0,
            "gender": 0.0,
            "age": 0.0,
            "admission_type_id": 0.0,
            "discharge_disposition_id": 48.361679212248774,
            "admission_source_id": 0.0,
            "time_in_hospital": 29.513988083588096,
            "payer_code": 0.0,
            "medical_specialty": 0.0,
            "num_lab_procedures": 0.0,
            "num_procedures": 0.0,
            "num_medications": 0.0,
            "number_outpatient": 0.0,
            "number_emergency": -22.124332704163137,
            "number_inpatient": 0.0,
            "diag_1": 0.0,
            "diag_2": 0.0,
            "diag_3": 0.0,
            "number_diagnoses": 0.0,
            "metformin": 0.0,
            "repaglinide": 0.0,
            "nateglinide": 0.0,
            "chlorpropamide": 0.0,
            "glimepiride": 0.0,
            "acetohexamide": 0.0,
            "glipizide": 0.0,
            "glyburide": 0.0,
            "tolbutamide": 0.0,
            "pioglitazone": 0.0,
            "rosiglitazone": 0.0,
            "acarbose": 0.0,
            "miglitol": 0.0,
            "troglitazone": 0.0,
            "tolazamide": 0.0,
            "insulin": 0.0,
            "glyburide-metformin": 0.0,
            "glipizide-metformin": 0.0,
            "glimepiride-pioglitazone": 0.0,
            "metformin-rosiglitazone": 0.0,
            "metformin-pioglitazone": 0.0,
            "change": 0.0,
            "diabetesMed": 0.0
        },
        "Inherent": {
            "discharge_disposition_id": 28.684376426078018,
            "time_in_hospital": 10.817334597366102,
            "age": 10.077237140884815,
            "number_diagnoses": 7.3244643921733505,
            "glyburide": 4.650163171051518,
            "diabetesMed": 3.6962549489757497,
            "payer_code": 2.6701919838851955,
            "change": 2.5224730447181374,
            "metformin": 2.136083158032457,
            "diag_1": 2.0028949417544593,
            "insulin": 1.4405531820754225,
            "gender": 0.9591863867719032,
            "admission_type_id": 0.7099029847530225,
            "glimepiride": 0.6738489608867392,
            "diag_3": 0.4926091610211871,
            "pioglitazone": 0.3999249694557696,
            "num_procedures": 0.3249140623654589,
            "rosiglitazone": 0.2598706217837526,
            "number_outpatient": 0.1236646143164238,
            "glyburide-metformin": 0.06483714149596691,
            "glipizide": 0.04981276372507287,
            "tolazamide": 0.026481494922041725,
            "race": 0.02562186939520325,
            "nateglinide": 0.014436917304966383,
            "acarbose": -0.0,
            "troglitazone": -0.0,
            "glimepiride-pioglitazone": -0.0,
            "glipizide-metformin": -0.0,
            "metformin-pioglitazone": -0.0,
            "miglitol": -0.0,
            "acetohexamide": -0.0,
            "chlorpropamide": -0.0,
            "repaglinide": 0.0,
            "tolbutamide": -0.0,
            "metformin-rosiglitazone": -0.0,
            "medical_specialty": -0.0023959653270241607,
            "num_lab_procedures": -0.051991289817208075,
            "admission_source_id": -0.3534392772201432,
            "diag_2": -1.3825709907847206,
            "number_emergency": -1.618563714704484,
            "num_medications": -2.695990244139365,
            "number_inpatient": -13.747909582814321
        }
    },
    "DecisionTree": {
        "SHAP": {
            "discharge_disposition_id": -47.59452385332922,
            "number_inpatient": -34.7721592450409,
            "payer_code": 7.173489029960059,
            "diag_1": 5.4936144042814465,
            "number_diagnoses": 3.2924805535403916,
            "num_medications": -1.0115371481037692,
            "medical_specialty": -0.4519124588360906,
            "admission_source_id": 0.21028330690812555,
            "gender": 0.0,
            "race": 0.0,
            "num_lab_procedures": 0.0,
            "time_in_hospital": 0.0,
            "admission_type_id": 0.0,
            "age": 0.0,
            "number_emergency": 0.0,
            "number_outpatient": 0.0,
            "diag_2": 0.0,
            "num_procedures": 0.0,
            "diag_3": 0.0,
            "metformin": 0.0,
            "repaglinide": 0.0,
            "nateglinide": 0.0,
            "chlorpropamide": 0.0,
            "glimepiride": 0.0,
            "acetohexamide": 0.0,
            "glipizide": 0.0,
            "glyburide": 0.0,
            "tolbutamide": 0.0,
            "pioglitazone": 0.0,
            "rosiglitazone": 0.0,
            "acarbose": 0.0,
            "miglitol": 0.0,
            "troglitazone": 0.0,
            "tolazamide": 0.0,
            "insulin": 0.0,
            "glyburide-metformin": 0.0,
            "glipizide-metformin": 0.0,
            "glimepiride-pioglitazone": 0.0,
            "metformin-rosiglitazone": 0.0,
            "metformin-pioglitazone": 0.0,
            "change": 0.0,
            "diabetesMed": 0.0
        },
        "Lime": {
            "race": 2.531622656933927,
            "gender": 0.0,
            "age": -3.1852307152925157,
            "admission_type_id": 0.0,
            "discharge_disposition_id": 2.645803094011993,
            "admission_source_id": 0.0,
            "time_in_hospital": 0.0,
            "payer_code": 4.2887029974657365,
            "medical_specialty": 0.0,
            "num_lab_procedures": 0.0,
            "num_procedures": 0.0,
            "num_medications": 0.0,
            "number_outpatient": 0.0,
            "number_emergency": 0.0,
            "number_inpatient": -35.13297541357324,
            "diag_1": 3.7707832378971546,
            "diag_2": -2.5780297706003807,
            "diag_3": -4.473201502396505,
            "number_diagnoses": 0.0,