{
    "LogisticRegression": {
        "SHAP": {
            "number_inpatient": -19.194394649351825,
            "age": 9.899457047320817,
            "num_procedures": -8.355728604833065,
            "diabetesMed": 7.383652033219702,
            "glyburide": -6.280144452365116,
            "diag_2": -5.442952600218502,
            "time_in_hospital": -4.79073844660401,
            "payer_code": 4.638843716232548,
            "num_medications": 4.246616895759417,
            "diag_1": -3.945024715135688,
            "change": 3.9120556418333376,
            "metformin": 3.842919251241165,
            "number_diagnoses": 3.5388022970584445,
            "insulin": -3.4102869904949697,
            "number_emergency": -2.704330508053048,
            "discharge_disposition_id": -1.8846188700785464,
            "glimepiride": 1.62998064960026,
            "gender": -1.1887795051860173,
            "num_lab_procedures": 0.7748793107819597,
            "pioglitazone": 0.5263214583280268,
            "rosiglitazone": 0.5127295953502615,
            "medical_specialty": -0.38851390421083076,
            "admission_source_id": -0.29845597264662915,
            "glyburide-metformin": 0.2297793895872448,
            "acarbose": 0.22035731008152745,
            "number_outpatient": 0.1586070878113648,
            "admission_type_id": -0.1375524101953704,
            "glipizide": 0.09945040598328816,
            "glipizide-metformin": -0.09192587320009607,
            "chlorpropamide": -0.06120791755828418,
            "race": 0.03314531539401086,
            "tolazamide": 0.030673808944639894,
            "tolbutamide": -0.026928782335318754,
            "troglitazone": -0.02406477103308418,
            "diag_3": -0.01646198854842489,
            "repaglinide": 0.015922502699878504,
            "miglitol": -0.015884213187000513,
            "metformin-rosiglitazone": -0.015626845211605633,
            "acetohexamide": -0.008838831501407051,
            "nateglinide": 0.008088792579103596,
            "glimepiride-pioglitazone": -0.007931622183989087,
            "metformin-pioglitazone": -0.007325016060191616
        },
        "Lime": {
            "race": -22.095700639523347,
            "gender": 0.0,
            "age": 0.0,
            "admission_type_id": 0.0,
            "discharge_disposition_id": 0.0,
            "admission_source_id": 0.0,
            "time_in_hospital": -8.72964463165022,
            "payer_code": 0.0,
            "medical_specialty": 0.0,
            "num_lab_procedures": 0.0,
            "num_procedures": -14.140800032970443,
            "num_medications": 9.586980010060739,
            "number_outpatient": 0.0,
            "number_emergency": -24.670045046440013,
            "number_inpatient": 0.0,
            "diag_1": 0.0,
            "diag_2": 0.0,
            "diag_3": 0.0,
            "number_diagnoses": 20.776829639355242,
            "metformin": 0.0,
            "repaglinide": 0.0,
            "nateglinide": 0.0,
            "chlorpropamide": 0.0,
            "glimepiride": 0.0,
            "acetohexamide": 0.0,
            "glipizide": 0.0,
            "glyburide": 0.0,
            "tolbutamide": 0.0,
            "pioglitazone": 0.0,
            "rosiglitazone": 0.0,
            "acarbose": 0.0,
            "miglitol": 0.0,
            "troglitazone": 0.0,
            "tolazamide": 0.0,
            "insulin": 0.0,
            "glyburide-metformin": 0.0,
            "glipizide-metformin": 0.0,
            "glimepiride-pioglitazone": 0.0,
            "metformin-rosiglitazone": 0.0,
            "metformin-pioglitazone": 0.0,
            "change": 0.0,
            "diabetesMed": 0.0
        },
        "Inherent": {
            "age": 10.322805510741974,
            "number_diagnoses": 5.7670102257349924,
            "diabetesMed": 5.763522144737733,
            "num_medications": 4.634700422638724,
            "payer_code": 4.163595542587793,
            "change": 3.933259326921062,
            "metformin": 3.3307666149308544,
            "glimepiride": 1.0507238980783606,
            "num_lab_procedures": 0.7441874169987499,
            "pioglitazone": 0.6235977900633206,
            "rosiglitazone": 0.405212871972606,
            "number_outpatient": 0.1928286205827507,
            "glyburide-metformin": 0.1010997092927939,
            "glipizide": 0.07767239294454023,
            "tolazamide": 0.04129224972731951,
            "race": 0.0399518468523803,
            "nateglinide": 0.02251129690390495,
            "glimepiride-pioglitazone": -0.0,
            "metformin-pioglitazone": -0.0,
            "troglitazone": -0.0,
            "acarbose": -0.0,
            "glipizide-metformin": -0.0,
            "metformin-rosiglitazone": -0.0,
            "acetohexamide": -0.0,
            "chlorpropamide": -0.0,
            "repaglinide": 0.0,
            "miglitol": -0.0,
            "tolbutamide": -0.0,
            "diag_3": -0.07062749832521514,
            "admission_type_id": -0.10947782644296401,
            "medical_specialty": -0.39258471608012385,
            "admission_source_id": -0.5511132563090302,
            "gender": -1.2486592764289568,
            "discharge_disposition_id": -2.4533892983884797,
            "number_emergency": -2.5238052951280507,
            "insulin": -3.039024896090166,
            "time_in_hospital": -3.4700683936762524,
            "diag_1": -3.983790938908533,
            "diag_2": -5.212413076774104,
            "glyburide": -6.1148470038914855,
            "num_procedures": -8.17852449479903,
            "number_inpatient": -21.43693614704776
        }
    },
    "DecisionTree": {
        "SHAP": {
            "discharge_disposition_id": 60.15846768821363,
            "payer_code": 19.95727041509941,
            "number_inpatient": -13.165009478701005,
            "diag_1": -3.2991356695974203,
            "number_diagnoses": 2.1195010704410344,
            "num_medications": 0.879106317102581,
            "medical_specialty": -0.2601227099388207,
            "admission_source_id": 0.16138665090608134,
            "gender": 0.0,
            "race": 0.0,
            "num_lab_procedures": 0.0,
            "time_in_hospital": 0.0,
            "admission_type_id": 0.0,
            "age": 0.0,
            "number_emergency": 0.0,
            "number_outpatient": 0.0,
            "diag_2": 0.0,
            "num_procedures": 0.0,
            "diag_3": 0.0,
            "metformin": 0.0,
            "repaglinide": 0.0,
            "nateglinide": 0.0,
            "chlorpropamide": 0.0,
            "glimepiride": 0.0,
            "acetohexamide": 0.0,
            "glipizide": 0.0,
            "glyburide": 0.0,
            "tolbutamide": 0.0,
            "pioglitazone": 0.0,
            "rosiglitazone": 0.0,
            "acarbose": 0.0,
            "miglitol": 0.0,
            "troglitazone": 0.0,
            "tolazamide": 0.0,
            "insulin": 0.0,
            "glyburide-metformin": 0.0,
            "glipizide-metformin": 0.0,
            "glimepiride-pioglitazone": 0.0,
            "metformin-rosiglitazone": 0.0,
            "metformin-pioglitazone": 0.0,
            "change": 0.0,
            "diabetesMed": 0.0
        },
        "Lime": {
            "race": -2.357145131895938,
            "gender": 0.0,
            "age": 0.0,
            "admission_type_id": 2.324239081798734,
            "discharge_disposition_id": 23.203095606121177,
            "admission_source_id": 0.0,
            "time_in_hospital": 0.0,
            "payer_code": 4.588946228716371,
            "medical_specialty": 0.0,
            "num_lab_procedures": 0.0,
            "num_procedures": 0.0,
            "num_medications": 0.0,
            "number_outpatient": 0.0,
            "number_emergency": 0.0,
            "number_inpatient": -26.88234558829422,
            "diag_1": 5.64000415638789,
            "diag_2": 5.640004156387888,
            "diag_3": 0.0,
            "number_diagnoses": 2.583388095644574,