{
    "LogisticRegression": {
        "SHAP": {
            "number_inpatient": -17.47154862441412,
            "metformin": -11.672774256932323,
            "glimepiride": -11.597426521633684,
            "time_in_hospital": -9.108095254470033,
            "discharge_disposition_id": -7.589256277153586,
            "number_diagnoses": -7.337220000529124,
            "diabetesMed": 6.720911905836453,
            "num_procedures": -4.902565865462724,
            "payer_code": 4.222471457413311,
            "change": 3.5609182584986,
            "admission_source_id": 2.711439564974169,
            "number_emergency": -2.4615958372790314,
            "insulin": 1.830770709114296,
            "num_medications": 1.802271836165084,
            "diag_1": 1.3979449873628313,
            "gender": -1.0820773099643353,
            "age": -1.0555383565568965,
            "diag_2": -0.5369096616487845,
            "glyburide": 0.5235035442648504,
            "pioglitazone": 0.47908001889297386,
            "rosiglitazone": 0.4667081312012504,
            "glyburide-metformin": 0.20915490440837176,
            "num_lab_procedures": -0.2012126174369642,
            "acarbose": 0.2005785297305282,
            "number_outpatient": 0.14437086959481463,
            "admission_type_id": -0.12520601285099273,
            "race": -0.10187883591319245,
            "medical_specialty": 0.09486406270359572,
            "glipizide": 0.09052395949946873,
            "glipizide-metformin": -0.08367481198535433,
            "chlorpropamide": -0.05571403148443681,
            "tolazamide": 0.02792059631275541,
            "tolbutamide": -0.024511714933592523,
            "troglitazone": -0.021904770893835964,
            "diag_3": -0.014984397196817373,
            "repaglinide": 0.014493334393991248,
            "miglitol": -0.01445848166233318,
            "metformin-rosiglitazone": -0.014224214462005995,
            "acetohexamide": -0.008045477712684804,
            "nateglinide": 0.007362760610081596,
            "glimepiride-pioglitazone": -0.007219697478853634,
            "metformin-pioglitazone": -0.006667538966881349
        },
        "Lime": {
            "race": -39.69808369295952,
            "gender": 0.0,
            "age": 0.0,
            "admission_type_id": -9.04644723857805,
            "discharge_disposition_id": -18.460257641811324,
            "admission_source_id": 0.0,
            "time_in_hospital": 0.0,
            "payer_code": 0.0,
            "medical_specialty": 0.0,
            "num_lab_procedures": 0.0,
            "num_procedures": 0.0,
            "num_medications": 6.418936673340368,
            "number_outpatient": 0.0,
            "number_emergency": -26.376274753310746,
            "number_inpatient": 0.0,
            "diag_1": 0.0,
            "diag_2": 0.0,
            "diag_3": 0.0,
            "number_diagnoses": 0.0,
            "metformin": 0.0,
            "repaglinide": 0.0,
            "nateglinide": 0.0,
            "chlorpropamide": 0.0,
            "glimepiride": 0.0,
            "acetohexamide": 0.0,
            "glipizide": 0.0,
            "glyburide": 0.0,
            "tolbutamide": 0.0,
            "pioglitazone": 0.0,
            "rosiglitazone": 0.0,
            "acarbose": 0.0,
            "miglitol": 0.0,
            "troglitazone": 0.0,
            "tolazamide": 0.0,
            "insulin": 0.0,
            "glyburide-metformin": 0.0,
            "glipizide-metformin": 0.0,
            "glimepiride-pioglitazone": 0.0,
            "metformin-rosiglitazone": 0.0,
            "metformin-pioglitazone": 0.0,
            "change": 0.0,
            "diabetesMed": 0.0
        },
        "Inherent": {
            "diabetesMed": 5.472881785262774,
            "payer_code": 3.953635578035403,
            "change": 3.734914655732747,
            "admission_source_id": 2.5104285300760383,
            "num_medications": 2.3027793600927366,
            "insulin": 2.1329636022719693,
            "diag_1": 1.2906702521340425,
            "pioglitazone": 0.5921512750122293,
            "glyburide": 0.539400727936062,
            "rosiglitazone": 0.38477897550852674,
            "number_outpatient": 0.18310474372484692,
            "glyburide-metformin": 0.09600149762399696,
            "medical_specialty": 0.08333240596994514,
            "glipizide": 0.0737555636794193,
            "tolazamide": 0.03920998232157434,
            "nateglinide": 0.021376107125832846,
            "metformin-pioglitazone": -0.0,
            "glipizide-metformin": -0.0,
            "troglitazone": -0.0,
            "miglitol": -0.0,
            "acarbose": -0.0,
            "tolbutamide": -0.0,
            "glimepiride-pioglitazone": -0.0,
            "chlorpropamide": -0.0,
            "repaglinide": 0.0,
            "acetohexamide": -0.0,
            "metformin-rosiglitazone": -0.0,
            "diag_3": -0.06706592590707157,
            "race": -0.09635370409688948,
            "admission_type_id": -0.10395712676785794,
            "num_lab_procedures": -0.21527081227668718,
            "age": -0.43508688631477244,
            "diag_2": -0.457073073640176,
            "gender": -1.1856924356934868,
            "number_emergency": -2.3965359518688167,
            "num_procedures": -5.017038995713894,
            "number_diagnoses": -5.261441266106782,
            "time_in_hospital": -8.12303927613751,
            "discharge_disposition_id": -8.30318589290632,
            "metformin": -12.265508897825143,
            "glimepiride": -12.305440951600401,
            "number_inpatient": -20.355923760636045
        }
    },
    "DecisionTree": {
        "SHAP": {
            "discharge_disposition_id": -35.79111195582675,
            "number_inpatient": -29.472327278676204,
            "number_diagnoses": -19.610694286450865,
            "diag_1": 7.771544999662186,
            "payer_code": 4.323132524094971,
            "admission_source_id": -1.4784946456269317,
            "num_medications": 1.0080005237851086,
            "medical_specialty": 0.544693785876999,
            "gender": 0.0,
            "race": 0.0,
            "num_lab_procedures": 0.0,
            "time_in_hospital": 0.0,
            "admission_type_id": 0.0,
            "age": 0.0,
            "number_emergency": 0.0,
            "number_outpatient": 0.0,
            "diag_2": 0.0,
            "num_procedures": 0.0,
            "diag_3": 0.0,
            "metformin": 0.0,
            "repaglinide": 0.0,
            "nateglinide": 0.0,
            "chlorpropamide": 0.0,
            "glimepiride": 0.0,
            "acetohexamide": 0.0,
            "glipizide": 0.0,
            "glyburide": 0.0,
            "tolbutamide": 0.0,
            "pioglitazone": 0.0,
            "rosiglitazone": 0.0,
            "acarbose": 0.0,
            "miglitol": 0.0,
            "troglitazone": 0.0,
            "tolazamide": 0.0,
            "insulin": 0.0,
            "glyburide-metformin": 0.0,
            "glipizide-metformin": 0.0,
            "glimepiride-pioglitazone": 0.0,
            "metformin-rosiglitazone": 0.0,
            "metformin-pioglitazone": 0.0,
            "change": 0.0,
            "diabetesMed": 0.0
        },
        "Lime": {
            "race": 0.0,
            "gender": 0.0,
            "age": 0.0,
            "admission_type_id": 0.0,
            "discharge_disposition_id": -16.48091699310512,
            "admission_source_id": 0.0,
            "time_in_hospital": 0.0,
            "payer_code": 0.0,
            "medical_specialty": 0.0,
            "num_lab_procedures": 0.0,
            "num_procedures": 0.0,
            "num_medications": 0.0,
            "number_outpatient": 0.0,
            "number_emergency": -4.888089319752192,
            "number_inpatient": -33.98975783509796,
            "diag_1": 0.0,
            "diag_2": -4.941760357646782,
            "diag_3": 0.0,
            "number_diagnoses": -8.09513809437358,
            "metformin": 0.0,