{
    "LogisticRegression": {
        "SHAP": {
            "number_inpatient": -20.729955220013515,
            "time_in_hospital": 11.724207771031196,
            "number_diagnoses": 10.08566015922511,
            "discharge_disposition_id": -9.004636404054079,
            "diabetesMed": 7.974347657480043,
            "payer_code": 5.009953388313246,
            "change": 4.2250219272294105,
            "metformin": 4.15035459297735,
            "num_procedures": 3.805036613519222,
            "insulin": -3.6831115485448604,
            "number_emergency": -2.9206782165411607,
            "diag_2": 2.867005884541467,
            "num_medications": 2.138391693898661,
            "glimepiride": 1.760379865735592,
            "gender": 1.7564184019083706,
            "num_lab_procedures": 1.5360154534641572,
            "age": -1.2523940112472363,
            "admission_type_id": 1.1990640005695097,
            "glyburide": 0.6211358399543488,
            "pioglitazone": 0.568427421744225,
            "glipizide": -0.5545163122518519,
            "rosiglitazone": 0.5537482033561031,
            "diag_1": 0.40650182225182724,
            "admission_source_id": -0.3223325903804489,
            "glyburide-metformin": 0.24816184847936723,
            "acarbose": 0.23798599819593444,
            "number_outpatient": 0.1712957291944278,
            "glipizide-metformin": -0.09927998615277939,
            "diag_3": 0.06995778745380941,
            "chlorpropamide": -0.06610457965843468,
            "medical_specialty": -0.047934038258729855,
            "race": 0.03579695616471408,
            "tolazamide": 0.03312772804070212,
            "tolbutamide": -0.029083097546892405,
            "troglitazone": -0.025989963997773667,
            "repaglinide": 0.017196310380654382,
            "miglitol": -0.01715495768879527,
            "metformin-rosiglitazone": -0.016877000154709575,
            "acetohexamide": -0.009545942165339424,
            "nateglinide": 0.008735899777618544,
            "glimepiride-pioglitazone": -0.008566155677210271,
            "metformin-pioglitazone": -0.007911020779119999
        },
        "Lime": {
            "race": 0.0,
            "gender": 0.0,
            "age": 0.0,
            "admission_type_id": 0.0,
            "discharge_disposition_id": -24.431538666092564,
            "admission_source_id": -8.401965548190546,
            "time_in_hospital": 26.697385487521224,
            "payer_code": 0.0,
            "medical_specialty": 0.0,
            "num_lab_procedures": 0.0,
            "num_procedures": 0.0,
            "num_medications": 10.786875939060014,
            "number_outpatient": 0.0,
            "number_emergency": -29.682234359135645,
            "number_inpatient": 0.0,
            "diag_1": 0.0,
            "diag_2": 0.0,
            "diag_3": 0.0,
            "number_diagnoses": 0.0,
            "metformin": 0.0,
            "repaglinide": 0.0,
            "nateglinide": 0.0,
            "chlorpropamide": 0.0,
            "glimepiride": 0.0,
            "acetohexamide": 0.0,
            "glipizide": 0.0,
            "glyburide": 0.0,
            "tolbutamide": 0.0,
            "pioglitazone": 0.0,
            "rosiglitazone": 0.0,
            "acarbose": 0.0,
            "miglitol": 0.0,
            "troglitazone": 0.0,
            "tolazamide": 0.0,
            "insulin": 0.0,
            "glyburide-metformin": 0.0,
            "glipizide-metformin": 0.0,
            "glimepiride-pioglitazone": 0.0,
            "metformin-rosiglitazone": 0.0,
            "metformin-pioglitazone": 0.0,
            "change": 0.0,
            "diabetesMed": 0.0
        },
        "Inherent": {
            "time_in_hospital": 12.602906116512184,
            "number_diagnoses": 12.21567580840829,
            "diabetesMed": 6.1645807453389345,
            "payer_code": 4.453322164581305,
            "change": 4.206957846999945,
            "num_procedures": 3.6383958906158935,
            "metformin": 3.562540270686307,
            "diag_2": 2.8681561205297714,
            "num_medications": 2.593819830389414,
            "gender": 1.5997224251870974,
            "num_lab_procedures": 1.4709649397626323,
            "admission_type_id": 1.183969810329183,
            "glimepiride": 1.1238392337357934,
            "pioglitazone": 0.6669912655701591,
            "glyburide": 0.6075737558246562,
            "rosiglitazone": 0.43340988471893643,
            "diag_1": 0.24489380855321177,
            "number_outpatient": 0.20624673103408084,
            "glyburide-metformin": 0.10813480118832461,
            "tolazamide": 0.04416559895292012,
            "race": 0.042731923234090516,
            "nateglinide": 0.02407776077916592,
            "diag_3": 0.009163626022082122,
            "miglitol": -0.0,
            "troglitazone": -0.0,
            "acetohexamide": -0.0,
            "metformin-pioglitazone": -0.0,
            "glimepiride-pioglitazone": -0.0,
            "metformin-rosiglitazone": -0.0,
            "glipizide-metformin": -0.0,
            "chlorpropamide": -0.0,
            "repaglinide": 0.0,
            "acarbose": -0.0,
            "tolbutamide": -0.0,
            "medical_specialty": -0.06108124675280281,
            "age": -0.4900760416839036,
            "glipizide": -0.5559787141776924,
            "admission_source_id": -0.5894628463335739,
            "number_emergency": -2.699425999696371,
            "insulin": -3.2504975063118438,
            "discharge_disposition_id": -9.35259738630049,
            "number_inpatient": -22.928639899788962
        }
    },
    "DecisionTree": {
        "SHAP": {
            "discharge_disposition_id": -40.22381509723951,
            "number_inpatient": -38.15718482311435,
            "diag_1": -8.832295353359225,
            "payer_code": 5.457438988454084,
            "number_diagnoses": 4.80643193735829,
            "num_medications": 1.8590701440701578,
            "medical_specialty": -0.3438054567198472,
            "admission_source_id": 0.31995819968455436,
            "gender": 0.0,
            "race": 0.0,
            "num_lab_procedures": 0.0,
            "time_in_hospital": 0.0,
            "admission_type_id": 0.0,
            "age": 0.0,
            "number_emergency": 0.0,
            "number_outpatient": 0.0,
            "diag_2": 0.0,
            "num_procedures": 0.0,
            "diag_3": 0.0,
            "metformin": 0.0,
            "repaglinide": 0.0,
            "nateglinide": 0.0,
            "chlorpropamide": 0.0,
            "glimepiride": 0.0,
            "acetohexamide": 0.0,
            "glipizide": 0.0,
            "glyburide": 0.0,
            "tolbutamide": 0.0,
            "pioglitazone": 0.0,
            "rosiglitazone": 0.0,
            "acarbose": 0.0,
            "miglitol": 0.0,
            "troglitazone": 0.0,
            "tolazamide": 0.0,
            "insulin": 0.0,
            "glyburide-metformin": 0.0,
            "glipizide-metformin": 0.0,
            "glimepiride-pioglitazone": 0.0,
            "metformin-rosiglitazone": 0.0,
            "metformin-pioglitazone": 0.0,
            "change": 0.0,
            "diabetesMed": 0.0
        },
        "Lime": {
            "race": 0.0,
            "gender": 0.0,
            "age": 0.0,
            "admission_type_id": 0.0,
            "discharge_disposition_id": -14.759203473607629,
            "admission_source_id": 0.0,
            "time_in_hospital": 0.0,
            "payer_code": 2.608686349906077,
            "medical_specialty": 0.0,
            "num_lab_procedures": 2.8747315932190203,
            "num_procedures": 0.0,
            "num_medications": 0.0,
            "number_outpatient": 0.0,
            "number_emergency": -4.004330297480829,
            "number_inpatient": -29.17539344897951,
            "diag_1": -4.548977109359617,
            "diag_2": 3.333980635797979,
            "diag_3": -2.7979837411238493,
            "number_diagnoses": 3.931791894152428,