{
    "LogisticRegression": {
        "SHAP": {
            "number_inpatient": 52.786456929580694,
            "number_diagnoses": 6.7164386341327456,
            "num_medications": 6.314611568427263,
            "insulin": 5.345843737275042,
            "diabetesMed": 5.310432420203609,
            "change": 2.813608633852862,
            "metformin": 2.763884712903619,
            "time_in_hospital": 2.181020845261002,
            "diag_1": -1.9908255772896,
            "number_emergency": -1.9449947451882152,
            "payer_code": -1.7726306845511384,
            "num_procedures": -1.7378202484038208,
            "discharge_disposition_id": -1.3554459368297824,
            "glimepiride": 1.172306339328843,
            "diag_2": 0.9386014351490064,
            "gender": -0.8549879106451639,
            "age": -0.8340185361692466,
            "admission_type_id": 0.7985039800152829,
            "glyburide": 0.4136388383756931,
            "pioglitazone": 0.37853822514645447,
            "rosiglitazone": 0.3687627550290449,
            "admission_source_id": -0.21465397692298063,
            "glyburide-metformin": 0.16526075639382612,
            "acarbose": 0.1584842566010699,
            "diag_3": -0.14197336200208993,
            "number_outpatient": 0.11407257782437408,
            "medical_specialty": 0.07495548240350071,
            "glipizide": 0.07152621192872917,
            "glipizide-metformin": -0.06611445597666489,
            "chlorpropamide": -0.04402164515774526,
            "race": 0.023838604074828785,
            "tolazamide": 0.02206105985735586,
            "tolbutamide": -0.019367580989285205,
            "troglitazone": -0.01730774144067311,
            "num_lab_procedures": -0.01572727125072194,
            "repaglinide": 0.011451700888366922,
            "miglitol": -0.01142416250090957,
            "metformin-rosiglitazone": -0.011239059623050471,
            "acetohexamide": -0.006357019148601622,
            "nateglinide": 0.0058175799941703405,
            "glimepiride-pioglitazone": -0.005704540707113317,
            "metformin-pioglitazone": -0.00526826055582571
        },
        "Lime": {
            "race": 0.0,
            "gender": 0.0,
            "age": 0.0,
            "admission_type_id": 0.0,
            "discharge_disposition_id": -9.980810087159604,
            "admission_source_id": 0.0,
            "time_in_hospital": 9.23660512325341,
            "payer_code": 0.0,
            "medical_specialty": 0.0,
            "num_lab_procedures": 0.0,
            "num_procedures": 0.0,
            "num_medications": 8.859360103630973,
            "number_outpatient": 0.0,
            "number_emergency": -15.745407794700093,
            "number_inpatient": 56.177816891255915,
            "diag_1": 0.0,
            "diag_2": 0.0,
            "diag_3": 0.0,
            "number_diagnoses": 0.0,
            "metformin": 0.0,
            "repaglinide": 0.0,
            "nateglinide": 0.0,
            "chlorpropamide": 0.0,
            "glimepiride": 0.0,
            "acetohexamide": 0.0,
            "glipizide": 0.0,
            "glyburide": 0.0,
            "tolbutamide": 0.0,
            "pioglitazone": 0.0,
            "rosiglitazone": 0.0,
            "acarbose": 0.0,
            "miglitol": 0.0,
            "troglitazone": 0.0,
            "tolazamide": 0.0,
            "insulin": 0.0,
            "glyburide-metformin": 0.0,
            "glipizide-metformin": 0.0,
            "glimepiride-pioglitazone": 0.0,
            "metformin-rosiglitazone": 0.0,
            "metformin-pioglitazone": 0.0,
            "change": 0.0,
            "diabetesMed": 0.0
        },
        "Inherent": {
            "number_inpatient": 50.90573137589451,
            "number_diagnoses": 8.44752823837366,
            "num_medications": 6.69678557257078,
            "insulin": 5.5706902469730615,
            "diabetesMed": 4.2630035980605046,
            "time_in_hospital": 3.0743327627328316,
            "change": 2.9092451181225614,
            "metformin": 2.463609873818948,
            "diag_2": 1.0102885633082748,
            "admission_type_id": 0.8187527700475948,
            "glimepiride": 0.7771705643858572,
            "pioglitazone": 0.4612456681908845,
            "glyburide": 0.42015657092755593,
            "rosiglitazone": 0.2997167162404051,
            "number_outpatient": 0.1426261724532189,
            "glyburide-metformin": 0.07477865333987771,
            "medical_specialty": 0.06491029048745625,
            "glipizide": 0.057450580092741496,
            "tolazamide": 0.030541915991473323,
            "race": 0.029550483645900794,
            "nateglinide": 0.0166505371695283,
            "troglitazone": -0.0,
            "acetohexamide": -0.0,
            "chlorpropamide": -0.0,
            "acarbose": -0.0,
            "miglitol": -0.0,
            "glimepiride-pioglitazone": -0.0,
            "glipizide-metformin": -0.0,
            "metformin-pioglitazone": -0.0,
            "metformin-rosiglitazone": -0.0,
            "repaglinide": 0.0,
            "tolbutamide": -0.0,
            "num_lab_procedures": -0.024057068423472064,
            "diag_3": -0.18270619249863806,
            "age": -0.3389031655723515,
            "admission_source_id": -0.4076323011492732,
            "gender": -0.9235739630198805,
            "num_procedures": -1.7665998457311687,
            "discharge_disposition_id": -1.814655542882303,
            "number_emergency": -1.8667389113371087,
            "payer_code": -2.0424050454282034,
            "diag_1": -2.0979616911299632
        }
    },
    "DecisionTree": {
        "SHAP": {
            "number_inpatient": 66.636506445987,
            "discharge_disposition_id": 21.917451503084624,
            "payer_code": -4.871213918288684,
            "diag_1": -2.7493714533749007,
            "number_diagnoses": 1.861455864046355,
            "num_medications": 1.2445300877304186,
            "medical_specialty": 0.49099945057507666,
            "admission_source_id": 0.22847127691294597,
            "gender": 0.0,
            "race": 0.0,
            "num_lab_procedures": 0.0,
            "time_in_hospital": 0.0,
            "admission_type_id": 0.0,
            "age": 0.0,
            "number_emergency": 0.0,
            "number_outpatient": 0.0,
            "diag_2": 0.0,
            "num_procedures": 0.0,
            "diag_3": 0.0,
            "metformin": 0.0,
            "repaglinide": 0.0,
            "nateglinide": 0.0,
            "chlorpropamide": 0.0,
            "glimepiride": 0.0,
            "acetohexamide": 0.0,
            "glipizide": 0.0,
            "glyburide": 0.0,
            "tolbutamide": 0.0,
            "pioglitazone": 0.0,
            "rosiglitazone": 0.0,
            "acarbose": 0.0,
            "miglitol": 0.0,
            "troglitazone": 0.0,
            "tolazamide": 0.0,
            "insulin": 0.0,
            "glyburide-metformin": 0.0,
            "glipizide-metformin": 0.0,
            "glimepiride-pioglitazone": 0.0,
            "metformin-rosiglitazone": 0.0,
            "metformin-pioglitazone": 0.0,
            "change": 0.0,
            "diabetesMed": 0.0
        },
        "Lime": {
            "race": 0.0,
            "gender": 0.0,
            "age": 0.0,
            "admission_type_id": 0.0,
            "discharge_disposition_id": 17.684320645897934,
            "admission_source_id": 0.0,
            "time_in_hospital": 0.0,
            "payer_code": -2.0863109290492527,
            "medical_specialty": 0.0,
            "num_lab_procedures": 0.0,
            "num_procedures": 0.0,
            "num_medications": 2.4868296494378033,
            "number_outpatient": 0.0,
            "number_emergency": -2.584102138742633,
            "number_inpatient": 33.15178545583082,
            "diag_1": 1.7766462791166129,
            "diag_2": -9.282844101168253,
            "diag_3": -6.266749982612582,
            "number_diagnoses": 2.111825831015874,