{
    "LogisticRegression": {
        "SHAP": {
            "age": -22.816366205079632,
            "number_inpatient": -18.813918096294017,
            "number_diagnoses": -7.900951375973077,
            "insulin": 7.285551361305323,
            "diabetesMed": 7.237291258321673,
            "diag_1": 4.277532553754138,
            "change": 3.834509802375183,
            "metformin": 3.7667438522717,
            "num_procedures": 3.4533430699858454,
            "payer_code": -3.286158001324084,
            "number_emergency": -2.6507245273055466,
            "time_in_hospital": -2.1397196455153966,
            "diag_2": 1.8938229448925321,
            "glimepiride": 1.597670726289822,
            "gender": 1.5940754143272173,
            "num_medications": -1.3918001463092466,
            "discharge_disposition_id": 1.3152838618432579,
            "admission_type_id": 1.0882364028046696,
            "glyburide": 0.5637252321843793,
            "pioglitazone": 0.5158885700852205,
            "rosiglitazone": 0.5025661287417337,
            "diag_3": -0.40341426524931545,
            "admission_source_id": -0.29253989653240065,
            "glyburide-metformin": 0.22522463953073107,
            "num_lab_procedures": 0.22261407522972482,
            "acarbose": 0.21598932706812507,
            "number_outpatient": 0.1554631346331882,
            "race": -0.10970636409059903,
            "glipizide": 0.09747907277065158,
            "glipizide-metformin": -0.0901036933392072,
            "chlorpropamide": -0.05999463743573502,
            "medical_specialty": -0.04350357056988275,
            "tolazamide": 0.030065784294234756,
            "tolbutamide": -0.026394992629096777,
            "troglitazone": -0.023587752544089922,
            "repaglinide": 0.015606882486062174,
            "miglitol": -0.01556935195840587,
            "metformin-rosiglitazone": -0.015317085601579045,
            "acetohexamide": -0.008663625760139888,
            "nateglinide": 0.007928454314984344,
            "glimepiride-pioglitazone": -0.007774399394531492,
            "metformin-pioglitazone": -0.007179817583626536
        },
        "Lime": {
            "race": 0.0,
            "gender": 0.0,
            "age": 0.0,
            "admission_type_id": 0.0,
            "discharge_disposition_id": -28.265093139999625,
            "admission_source_id": -17.09206524417203,
            "time_in_hospital": 0.0,
            "payer_code": 0.0,
            "medical_specialty": 0.0,
            "num_lab_procedures": 0.0,
            "num_procedures": 0.0,
            "num_medications": 0.0,
            "number_outpatient": 0.0,
            "number_emergency": -54.64284161582834,
            "number_inpatient": 0.0,
            "diag_1": 0.0,
            "diag_2": 0.0,
            "diag_3": 0.0,
            "number_diagnoses": 0.0,
            "metformin": 0.0,
            "repaglinide": 0.0,
            "nateglinide": 0.0,
            "chlorpropamide": 0.0,
            "glimepiride": 0.0,
            "acetohexamide": 0.0,
            "glipizide": 0.0,
            "glyburide": 0.0,
            "tolbutamide": 0.0,
            "pioglitazone": 0.0,
            "rosiglitazone": 0.0,
            "acarbose": 0.0,
            "miglitol": 0.0,
            "troglitazone": 0.0,
            "tolazamide": 0.0,
            "insulin": 0.0,
            "glyburide-metformin": 0.0,
            "glipizide-metformin": 0.0,
            "glimepiride-pioglitazone": 0.0,
            "metformin-rosiglitazone": 0.0,
            "metformin-pioglitazone": 0.0,
            "change": 0.0,
            "diabetesMed": 0.0
        },
        "Inherent": {
            "insulin": 7.946837940294037,
            "diabetesMed": 6.08136464795994,
            "diag_1": 4.34334333688142,
            "change": 4.150167835103356,
            "num_procedures": 3.589280935480338,
            "metformin": 3.514449295755663,
            "diag_2": 2.0862517966069105,
            "gender": 1.578127662686114,
            "admission_type_id": 1.1679873208298541,
            "glimepiride": 1.1086684510051747,
            "discharge_disposition_id": 0.7301424919072363,
            "pioglitazone": 0.6579875048280204,
            "glyburide": 0.5993720761130465,
            "rosiglitazone": 0.4275592550229818,
            "num_lab_procedures": 0.2217895823151998,
            "number_outpatient": 0.20346259229653435,
            "glyburide-metformin": 0.10667508210644712,
            "glipizide": 0.08195581325329919,
            "tolazamide": 0.04356940451000578,
            "nateglinide": 0.02375273343855039,
            "troglitazone": -0.0,
            "miglitol": -0.0,
            "glimepiride-pioglitazone": -0.0,
            "acetohexamide": -0.0,
            "acarbose": -0.0,
            "tolbutamide": -0.0,
            "metformin-pioglitazone": -0.0,
            "glipizide-metformin": -0.0,
            "metformin-rosiglitazone": -0.0,
            "chlorpropamide": -0.0,
            "repaglinide": 0.0,
            "medical_specialty": -0.06025670682254803,
            "race": -0.10706644740119894,
            "diag_3": -0.480939235458554,
            "admission_source_id": -0.5815056470286766,
            "num_medications": -0.9384230394439039,
            "time_in_hospital": -0.9790645518608563,
            "number_emergency": -2.6629862633804877,
            "payer_code": -3.826930370840789,
            "number_diagnoses": -5.846415867994687,
            "number_inpatient": -22.619124620568808,
            "age": -23.23454149080536
        }
    },
    "DecisionTree": {
        "SHAP": {
            "discharge_disposition_id": 55.926580891565905,
            "number_inpatient": -19.969024155258243,
            "payer_code": -12.387156169168072,
            "number_diagnoses": -7.326464050758477,
            "diag_1": 3.194831481349651,
            "num_medications": -0.7227802096209542,
            "medical_specialty": -0.3229079449431772,
            "admission_source_id": 0.1502550973355361,
            "gender": 0.0,
            "race": 0.0,
            "num_lab_procedures": 0.0,
            "time_in_hospital": 0.0,
            "admission_type_id": 0.0,
            "age": 0.0,
            "number_emergency": 0.0,
            "number_outpatient": 0.0,
            "diag_2": 0.0,
            "num_procedures": 0.0,
            "diag_3": 0.0,
            "metformin": 0.0,
            "repaglinide": 0.0,
            "nateglinide": 0.0,
            "chlorpropamide": 0.0,
            "glimepiride": 0.0,
            "acetohexamide": 0.0,
            "glipizide": 0.0,
            "glyburide": 0.0,
            "tolbutamide": 0.0,
            "pioglitazone": 0.0,
            "rosiglitazone": 0.0,
            "acarbose": 0.0,
            "miglitol": 0.0,
            "troglitazone": 0.0,
            "tolazamide": 0.0,
            "insulin": 0.0,
            "glyburide-metformin": 0.0,
            "glipizide-metformin": 0.0,
            "glimepiride-pioglitazone": 0.0,
            "metformin-rosiglitazone": 0.0,
            "metformin-pioglitazone": 0.0,
            "change": 0.0,
            "diabetesMed": 0.0
        },
        "Lime": {
            "race": 0.0,
            "gender": 0.0,
            "age": -2.6821479092925173,
            "admission_type_id": 0.0,
            "discharge_disposition_id": 25.818225836429193,
            "admission_source_id": 0.0,
            "time_in_hospital": 0.0,
            "payer_code": 0.0,
            "medical_specialty": 0.0,
            "num_lab_procedures": 0.0,
            "num_procedures": 0.0,
            "num_medications": -1.942038534839589,
            "number_outpatient": 0.0,
            "number_emergency": 0.0,
            "number_inpatient": -30.223335649089044,
            "diag_1": 4.839578508041979,
            "diag_2": -4.793873746896656,
            "diag_3": 0.0,
            "number_diagnoses": -8.582388632688943,
            "metformin": 0.0,