{
    "LogisticRegression": {
        "SHAP": {
            "number_diagnoses": -17.0326402201344,
            "number_inpatient": -16.62903062113503,
            "num_procedures": -12.384607223461337,
            "metformin": -11.10988640588426,
            "discharge_disposition_id": -7.223284995359718,
            "diabetesMed": 6.396814174098614,
            "num_medications": -4.666620699786778,
            "time_in_hospital": -4.1504479709714195,
            "change": -2.7431948961658885,
            "number_emergency": -2.3428920603965175,
            "payer_code": -2.135266620706585,
            "insulin": 1.7424867615683157,
            "diag_3": 1.6300739936368696,
            "glimepiride": 1.4121309178654196,
            "gender": 1.4089531346725361,
            "diag_1": 1.391408503573823,
            "age": -1.004637884728766,
            "admission_type_id": 0.9618579379718528,
            "num_lab_procedures": -0.6660634552385467,
            "glyburide": 0.4982590069713889,
            "pioglitazone": 0.4559776855162638,
            "rosiglitazone": 0.44420239852313304,
            "diag_2": 0.30389343016736264,
            "admission_source_id": -0.2585668159307661,
            "glyburide-metformin": 0.19906897692556513,
            "acarbose": 0.19090617463470816,
            "number_outpatient": 0.1374089763249347,
            "race": 0.09155608284312317,
            "glipizide": 0.08615868729344145,
            "glipizide-metformin": -0.07963982132515933,
            "chlorpropamide": -0.053027373560175665,
            "medical_specialty": 0.02930695079506892,
            "tolazamide": 0.026574201350209666,
            "tolbutamide": -0.023329704021638285,
            "troglitazone": -0.020848472781259272,
            "repaglinide": 0.013794432687166095,
            "miglitol": -0.013761260633879283,
            "metformin-rosiglitazone": -0.013538290333334506,
            "acetohexamide": -0.007657506390643801,
            "nateglinide": 0.007007711466975892,
            "glimepiride-pioglitazone": -0.00687154716688512,
            "metformin-pioglitazone": -0.00634601500023579
        },
        "Lime": {
            "race": -31.78296866714419,
            "gender": 0.0,
            "age": 0.0,
            "admission_type_id": 0.0,
            "discharge_disposition_id": -12.035026777467692,
            "admission_source_id": 0.0,
            "time_in_hospital": 0.0,
            "payer_code": 0.0,
            "medical_specialty": 0.0,
            "num_lab_procedures": 0.0,
            "num_procedures": -8.955309209705911,
            "num_medications": 0.0,
            "number_outpatient": 0.0,
            "number_emergency": -23.892190261618666,
            "number_inpatient": 0.0,
            "diag_1": 0.0,
            "diag_2": 0.0,
            "diag_3": 0.0,
            "number_diagnoses": -23.33450508406354,
            "metformin": 0.0,
            "repaglinide": 0.0,
            "nateglinide": 0.0,
            "chlorpropamide": 0.0,
            "glimepiride": 0.0,
            "acetohexamide": 0.0,
            "glipizide": 0.0,
            "glyburide": 0.0,
            "tolbutamide": 0.0,
            "pioglitazone": 0.0,
            "rosiglitazone": 0.0,
            "acarbose": 0.0,
            "miglitol": 0.0,
            "troglitazone": 0.0,
            "tolazamide": 0.0,
            "insulin": 0.0,
            "glyburide-metformin": 0.0,
            "glipizide-metformin": 0.0,
            "glimepiride-pioglitazone": 0.0,
            "metformin-rosiglitazone": 0.0,
            "metformin-pioglitazone": 0.0,
            "change": 0.0,
            "diabetesMed": 0.0
        },
        "Inherent": {
            "diabetesMed": 5.2571522119688625,
            "insulin": 2.0488866304271474,
            "diag_3": 1.6232981696219335,
            "gender": 1.3642427009277747,
            "diag_1": 1.3022765058476171,
            "admission_type_id": 1.0096890225637232,
            "glimepiride": 0.9584096887689771,
            "pioglitazone": 0.5688099080878019,
            "glyburide": 0.5181386774409433,
            "diag_2": 0.3973567774204787,
            "rosiglitazone": 0.36961179166354674,
            "number_outpatient": 0.17588713702663178,
            "race": 0.10094047395827462,
            "glyburide-metformin": 0.09221731902657691,
            "glipizide": 0.0708482733514136,
            "tolazamide": 0.03766440668391439,
            "nateglinide": 0.02053350561352566,
            "medical_specialty": 0.017456083184216327,
            "troglitazone": -0.0,
            "miglitol": -0.0,
            "acarbose": -0.0,
            "glipizide-metformin": -0.0,
            "glimepiride-pioglitazone": -0.0,
            "metformin-rosiglitazone": -0.0,
            "chlorpropamide": -0.0,
            "repaglinide": 0.0,
            "metformin-pioglitazone": -0.0,
            "tolbutamide": -0.0,
            "acetohexamide": -0.0,
            "age": -0.41793666966232995,
            "admission_source_id": -0.502693700430333,
            "num_lab_procedures": -0.6938598365210302,
            "number_emergency": -2.302069508308433,
            "payer_code": -2.518701651388297,
            "change": -2.706504580268677,
            "time_in_hospital": -3.165196085548913,
            "num_medications": -4.338358563658287,
            "discharge_disposition_id": -7.9758916410041305,
            "metformin": -11.782028145895572,
            "num_procedures": -12.741378275813009,
            "number_diagnoses": -15.368426311345829,
            "number_inpatient": -19.553535746571793
        }
    },
    "DecisionTree": {
        "SHAP": {
            "number_inpatient": -32.84691517790487,
            "discharge_disposition_id": -32.54683820445884,
            "number_diagnoses": -22.137392717525252,
            "diag_1": 8.772853279259268,
            "payer_code": -1.8300514922440165,
            "num_medications": -1.3677707451187717,
            "medical_specialty": -0.30743685237818796,
            "admission_source_id": 0.19074153111080736,
            "gender": 0.0,
            "race": 0.0,
            "num_lab_procedures": 0.0,
            "time_in_hospital": 0.0,
            "admission_type_id": 0.0,
            "age": 0.0,
            "number_emergency": 0.0,
            "number_outpatient": 0.0,
            "diag_2": 0.0,
            "num_procedures": 0.0,
            "diag_3": 0.0,
            "metformin": 0.0,
            "repaglinide": 0.0,
            "nateglinide": 0.0,
            "chlorpropamide": 0.0,
            "glimepiride": 0.0,
            "acetohexamide": 0.0,
            "glipizide": 0.0,
            "glyburide": 0.0,
            "tolbutamide": 0.0,
            "pioglitazone": 0.0,
            "rosiglitazone": 0.0,
            "acarbose": 0.0,
            "miglitol": 0.0,
            "troglitazone": 0.0,
            "tolazamide": 0.0,
            "insulin": 0.0,
            "glyburide-metformin": 0.0,
            "glipizide-metformin": 0.0,
            "glimepiride-pioglitazone": 0.0,
            "metformin-rosiglitazone": 0.0,
            "metformin-pioglitazone": 0.0,
            "change": 0.0,
            "diabetesMed": 0.0
        },
        "Lime": {
            "race": 4.561125198854182,
            "gender": 3.398590953688066,
            "age": 0.0,
            "admission_type_id": 0.0,
            "discharge_disposition_id": -20.353265051852432,
            "admission_source_id": 0.0,
            "time_in_hospital": 0.0,
            "payer_code": 0.0,
            "medical_specialty": 0.0,
            "num_lab_procedures": 0.0,
            "num_procedures": 0.0,
            "num_medications": -4.166600761412725,
            "number_outpatient": 0.0,
            "number_emergency": 0.0,
            "number_inpatient": -35.41649290599111,
            "diag_1": 4.207470198469472,
            "diag_2": 0.0,
            "diag_3": -6.039940779750156,
            "number_diagnoses": -8.92882299220848,