{
    "LogisticRegression": {
        "SHAP": {
            "diabetesMed": -22.622493350711096,
            "number_inpatient": -17.05396728918339,
            "time_in_hospital": -8.890405875037716,
            "age": -5.943234175742706,
            "num_medications": -4.7858710816275885,
            "diag_1": 4.610957055289457,
            "discharge_disposition_id": -4.541163610905092,
            "payer_code": 4.121551653046546,
            "metformin": 3.414383230254832,
            "number_diagnoses": 3.1441793148167725,
            "num_procedures": 3.1302995714362973,
            "diag_2": -2.8374920561480867,
            "change": -2.813294237825795,
            "number_emergency": -2.402762101436462,
            "insulin": 1.7870141026652842,
            "glimepiride": 1.448216377129842,
            "gender": -1.0562149609744824,
            "admission_type_id": 0.986437164302589,
            "diag_3": 0.9335383269074907,
            "num_lab_procedures": 0.5114953628775624,
            "glyburide": 0.5109914702803688,
            "pioglitazone": 0.4676296959552497,
            "rosiglitazone": 0.4555535043974347,
            "number_outpatient": -0.3759762516638733,
            "admission_source_id": -0.2651742077705433,
            "glyburide-metformin": 0.20415596664215338,
            "acarbose": 0.1957845728773589,
            "medical_specialty": 0.09259675012468531,
            "glipizide": 0.0883603781999073,
            "glipizide-metformin": -0.08167492975023298,
            "chlorpropamide": -0.05438243002434366,
            "race": 0.029449176952200264,
            "tolazamide": 0.02725327596586718,
            "tolbutamide": -0.023925869060922617,
            "troglitazone": -0.021381232673246316,
            "repaglinide": 0.014146934309013589,
            "miglitol": -0.014112914580229797,
            "metformin-rosiglitazone": -0.01388424651781628,
            "acetohexamide": -0.007853185581171207,
            "nateglinide": 0.007186785859781223,
            "glimepiride-pioglitazone": -0.007047142030107158,
            "metformin-pioglitazone": -0.006508180464418513
        },
        "Lime": {
            "race": -28.44703020118326,
            "gender": 0.0,
            "age": 0.0,
            "admission_type_id": 0.0,
            "discharge_disposition_id": -14.853119387225416,
            "admission_source_id": 0.0,
            "time_in_hospital": -11.10588234838424,
            "payer_code": 0.0,
            "medical_specialty": 0.0,
            "num_lab_procedures": 0.0,
            "num_procedures": 0.0,
            "num_medications": 0.0,
            "number_outpatient": 0.0,
            "number_emergency": -21.839439210030655,
            "number_inpatient": -7.519196824336541,
            "diag_1": 0.0,
            "diag_2": 0.0,
            "diag_3": 0.0,
            "number_diagnoses": 16.235332028839892,
            "metformin": 0.0,
            "repaglinide": 0.0,
            "nateglinide": 0.0,
            "chlorpropamide": 0.0,
            "glimepiride": 0.0,
            "acetohexamide": 0.0,
            "glipizide": 0.0,
            "glyburide": 0.0,
            "tolbutamide": 0.0,
            "pioglitazone": 0.0,
            "rosiglitazone": 0.0,
            "acarbose": 0.0,
            "miglitol": 0.0,
            "troglitazone": 0.0,
            "tolazamide": 0.0,
            "insulin": 0.0,
            "glyburide-metformin": 0.0,
            "glipizide-metformin": 0.0,
            "glimepiride-pioglitazone": 0.0,
            "metformin-rosiglitazone": 0.0,
            "metformin-pioglitazone": 0.0,
            "change": 0.0,
            "diabetesMed": 0.0
        },
        "Inherent": {
            "number_diagnoses": 5.121185460578519,
            "diag_1": 4.370106582618659,
            "payer_code": 3.6973308736785926,
            "num_procedures": 3.020745627619383,
            "metformin": 2.957767178016454,
            "insulin": 1.9946886918271862,
            "admission_type_id": 0.98298033949786,
            "glimepiride": 0.9330574663989772,
            "diag_3": 0.8611126147174735,
            "pioglitazone": 0.5537635292321961,
            "glyburide": 0.5044326735024264,
            "num_lab_procedures": 0.4884159745264731,
            "rosiglitazone": 0.359834678136174,
            "glyburide-metformin": 0.08977795097163799,
            "medical_specialty": 0.07793016611907813,
            "glipizide": 0.06897416752633304,
            "tolazamide": 0.0366680932859236,
            "race": 0.035477796850549845,
            "nateglinide": 0.019990345411317785,
            "troglitazone": -0.0,
            "glipizide-metformin": -0.0,
            "glimepiride-pioglitazone": -0.0,
            "metformin-rosiglitazone": -0.0,
            "miglitol": -0.0,
            "chlorpropamide": -0.0,
            "repaglinide": 0.0,
            "metformin-pioglitazone": -0.0,
            "acetohexamide": -0.0,
            "tolbutamide": -0.0,
            "acarbose": -0.0,
            "number_outpatient": -0.3323963876083384,
            "admission_source_id": -0.4893962529747701,
            "gender": -1.1088268411817301,
            "number_emergency": -2.2411742786694306,
            "change": -2.6349110782742136,
            "diag_2": -2.681485347406727,
            "num_medications": -4.223598631329211,
            "discharge_disposition_id": -4.9717770871277915,
            "age": -5.193719457750222,
            "time_in_hospital": -7.596442138122142,
            "number_inpatient": -19.036298084874566,
            "diabetesMed": -23.31573420416563
        }
    },
    "DecisionTree": {
        "SHAP": {
            "discharge_disposition_id": 58.40589893454295,
            "payer_code": 22.01598615964947,
            "number_inpatient": -12.649363507992295,
            "diag_1": 3.488342586040856,
            "number_diagnoses": 2.0906636839446278,
            "num_medications": -0.6423072045869639,
            "medical_specialty": 0.5739119491501928,
            "admission_source_id": 0.1335259740926537,
            "gender": 0.0,
            "race": 0.0,
            "num_lab_procedures": 0.0,
            "time_in_hospital": 0.0,
            "admission_type_id": 0.0,
            "age": 0.0,
            "number_emergency": 0.0,
            "number_outpatient": 0.0,
            "diag_2": 0.0,
            "num_procedures": 0.0,
            "diag_3": 0.0,
            "metformin": 0.0,
            "repaglinide": 0.0,
            "nateglinide": 0.0,
            "chlorpropamide": 0.0,
            "glimepiride": 0.0,
            "acetohexamide": 0.0,
            "glipizide": 0.0,
            "glyburide": 0.0,
            "tolbutamide": 0.0,
            "pioglitazone": 0.0,
            "rosiglitazone": 0.0,
            "acarbose": 0.0,
            "miglitol": 0.0,
            "troglitazone": 0.0,
            "tolazamide": 0.0,
            "insulin": 0.0,
            "glyburide-metformin": 0.0,
            "glipizide-metformin": 0.0,
            "glimepiride-pioglitazone": 0.0,
            "metformin-rosiglitazone": 0.0,
            "metformin-pioglitazone": 0.0,
            "change": 0.0,
            "diabetesMed": 0.0
        },
        "Lime": {
            "race": 0.0,
            "gender": 0.0,
            "age": 0.0,
            "admission_type_id": 0.0,
            "discharge_disposition_id": 29.706260613624014,
            "admission_source_id": 0.0,
            "time_in_hospital": 0.0,
            "payer_code": 0.0,
            "medical_specialty": 0.0,
            "num_lab_procedures": 0.0,
            "num_procedures": 0.0,
            "num_medications": 0.0,
            "number_outpatient": 0.0,
            "number_emergency": 0.0,
            "number_inpatient": -32.986127002442196,
            "diag_1": 5.685552369272862,
            "diag_2": 0.0,
            "diag_3": 0.0,
            "number_diagnoses": 0.0,
            "metformin": 0.0,
            "repaglinide": 0.0,