{
    "LogisticRegression": {
        "SHAP": {
            "number_inpatient": -16.794062046678565,
            "time_in_hospital": 14.061467328752347,
            "metformin": -11.220144209418491,
            "age": -10.69070842678436,
            "discharge_disposition_id": -7.294971015251722,
            "diabetesMed": 6.460298052752782,
            "num_procedures": -4.712461219233811,
            "number_diagnoses": 3.096261509332625,
            "diag_1": 2.8807316368351743,
            "diag_2": -2.7942482144980305,
            "change": -2.7704191748729476,
            "admission_source_id": 2.6062992622396863,
            "number_emergency": -2.3661436151883186,
            "num_medications": -2.2339645652960654,
            "payer_code": -2.156457639134494,
            "insulin": 1.759779716329423,
            "glimepiride": 1.4261453233794268,
            "gender": 1.4229360029248508,
            "glyburide": 0.5032038769451013,
            "pioglitazone": 0.46050294313177076,
            "rosiglitazone": 0.4486107947025807,
            "diag_3": -0.3601038426146219,
            "medical_specialty": -0.2372824868986326,
            "glyburide-metformin": 0.2010445964184876,
            "num_lab_procedures": 0.19871430144093163,
            "acarbose": 0.1928007840598051,
            "number_outpatient": 0.13877266370768326,
            "admission_type_id": -0.12035095420783382,
            "glipizide": 0.08701375162707278,
            "glipizide-metformin": -0.08043019050197826,
            "chlorpropamide": -0.05355363292254299,
            "race": 0.02900036669312444,
            "tolazamide": 0.026837931595912145,
            "tolbutamide": -0.023561234914804496,
            "troglitazone": -0.0210553792006343,
            "repaglinide": 0.013931332723181061,
            "miglitol": -0.013897831460611586,
            "metformin-rosiglitazone": -0.013672648336758518,
            "acetohexamide": -0.007733501752282651,
            "nateglinide": 0.007077258071317515,
            "glimepiride-pioglitazone": -0.006939742436379625,
            "metformin-pioglitazone": -0.006408994732841397
        },
        "Lime": {
            "race": -34.65078599780149,
            "gender": 0.0,
            "age": 0.0,
            "admission_type_id": 0.0,
            "discharge_disposition_id": -17.10227028602521,
            "admission_source_id": 0.0,
            "time_in_hospital": 10.977012006928076,
            "payer_code": 0.0,
            "medical_specialty": 0.0,
            "num_lab_procedures": 0.0,
            "num_procedures": 0.0,
            "num_medications": 0.0,
            "number_outpatient": 0.0,
            "number_emergency": -16.619191927406042,
            "number_inpatient": 0.0,
            "diag_1": 0.0,
            "diag_2": 0.0,
            "diag_3": 0.0,
            "number_diagnoses": 20.650739781839185,
            "metformin": 0.0,
            "repaglinide": 0.0,
            "nateglinide": 0.0,
            "chlorpropamide": 0.0,
            "glimepiride": 0.0,
            "acetohexamide": 0.0,
            "glipizide": 0.0,
            "glyburide": 0.0,
            "tolbutamide": 0.0,
            "pioglitazone": 0.0,
            "rosiglitazone": 0.0,
            "acarbose": 0.0,
            "miglitol": 0.0,
            "troglitazone": 0.0,
            "tolazamide": 0.0,
            "insulin": 0.0,
            "glyburide-metformin": 0.0,
            "glipizide-metformin": 0.0,
            "glimepiride-pioglitazone": 0.0,
            "metformin-rosiglitazone": 0.0,
            "metformin-pioglitazone": 0.0,
            "change": 0.0,
            "diabetesMed": 0.0
        },
        "Inherent": {
            "time_in_hospital": 14.677634256230595,
            "number_diagnoses": 5.018344512182319,
            "diabetesMed": 5.0153092492912394,
            "diag_1": 2.6729471876846658,
            "admission_source_id": 2.3005385317253744,
            "insulin": 1.9546324043910521,
            "gender": 1.3014839137934509,
            "glimepiride": 0.914320297926702,
            "pioglitazone": 0.5426431417805312,
            "glyburide": 0.4943029223062726,
            "rosiglitazone": 0.3526086677035845,
            "num_lab_procedures": 0.1829101538838014,
            "number_outpatient": 0.16779586163640012,
            "glyburide-metformin": 0.08797507745845189,
            "glipizide": 0.0675890646321205,
            "tolazamide": 0.03593174395461492,
            "race": 0.03476535042516573,
            "nateglinide": 0.01958890982639458,
            "troglitazone": -0.0,
            "miglitol": -0.0,
            "acarbose": -0.0,
            "glipizide-metformin": -0.0,
            "glimepiride-pioglitazone": -0.0,
            "acetohexamide": -0.0,
            "repaglinide": 0.0,
            "chlorpropamide": -0.0,
            "metformin-pioglitazone": -0.0,
            "metformin-rosiglitazone": -0.0,
            "tolbutamide": -0.0,
            "admission_type_id": -0.09526555841431292,
            "medical_specialty": -0.24209962150431785,
            "diag_3": -0.3966312062460348,
            "num_medications": -1.735308362487067,
            "number_emergency": -2.1961681975357283,
            "payer_code": -2.4028346867442125,
            "change": -2.5819981821654356,
            "diag_2": -2.627637171362216,
            "num_procedures": -4.597578216838938,
            "discharge_disposition_id": -7.6089794446890595,
            "age": -9.780133366690064,
            "metformin": -11.240023562755038,
            "number_inpatient": -18.65402117573484
        }
    },
    "DecisionTree": {
        "SHAP": {
            "number_inpatient": -36.13289606116778,
            "discharge_disposition_id": -33.35189384790207,
            "diag_1": 15.572740254048934,
            "number_diagnoses": 9.823522558726513,
            "payer_code": -2.5346143762312354,
            "num_medications": -1.1678729128609555,
            "admission_source_id": -0.990661114482482,
            "medical_specialty": -0.4257988745800456,
            "gender": 0.0,
            "race": 0.0,
            "num_lab_procedures": 0.0,
            "time_in_hospital": 0.0,
            "admission_type_id": 0.0,
            "age": 0.0,
            "number_emergency": 0.0,
            "number_outpatient": 0.0,
            "diag_2": 0.0,
            "num_procedures": 0.0,
            "diag_3": 0.0,
            "metformin": 0.0,
            "repaglinide": 0.0,
            "nateglinide": 0.0,
            "chlorpropamide": 0.0,
            "glimepiride": 0.0,
            "acetohexamide": 0.0,
            "glipizide": 0.0,
            "glyburide": 0.0,
            "tolbutamide": 0.0,
            "pioglitazone": 0.0,
            "rosiglitazone": 0.0,
            "acarbose": 0.0,
            "miglitol": 0.0,
            "troglitazone": 0.0,
            "tolazamide": 0.0,
            "insulin": 0.0,
            "glyburide-metformin": 0.0,
            "glipizide-metformin": 0.0,
            "glimepiride-pioglitazone": 0.0,
            "metformin-rosiglitazone": 0.0,
            "metformin-pioglitazone": 0.0,
            "change": 0.0,
            "diabetesMed": 0.0
        },
        "Lime": {
            "race": 0.0,
            "gender": -2.296097117995802,
            "age": 0.0,
            "admission_type_id": 0.0,
            "discharge_disposition_id": -18.144933850690684,
            "admission_source_id": 0.0,
            "time_in_hospital": 0.0,
            "payer_code": 0.0,
            "medical_specialty": 3.348139858514184,
            "num_lab_procedures": 0.0,
            "num_procedures": 0.0,
            "num_medications": 0.0,
            "number_outpatient": 0.0,
            "number_emergency": -2.2323232114880893,
            "number_inpatient": -34.07441848010416,
            "diag_1": 2.6071070129959386,
            "diag_2": -4.085368845298504,
            "diag_3": 0.0,
            "number_diagnoses": 0.0,