{
    "LogisticRegression": {
        "SHAP": {
            "number_inpatient": -16.76429775598349,
            "time_in_hospital": 14.03654604407393,
            "glimepiride": -11.127960983385734,
            "age": 8.64614115712472,
            "insulin": -7.713719407435798,
            "number_diagnoses": -7.040208251382311,
            "diabetesMed": 6.44884839937622,
            "num_medications": 5.688636498853407,
            "change": 3.416771761535279,
            "metformin": 3.3563883496676743,
            "num_procedures": 3.077129983371653,
            "number_emergency": -2.3619500742693313,
            "payer_code": -2.1526357268499963,
            "discharge_disposition_id": -1.6460176250262117,
            "gender": 1.4204141186592203,
            "num_lab_procedures": 1.11169789565894,
            "diag_3": -0.5303969671410775,
            "glyburide": 0.5023120434845213,
            "pioglitazone": 0.4596867889799512,
            "rosiglitazone": 0.4478157171290096,
            "diag_2": -0.41992436050970766,
            "diag_1": 0.29805228733074596,
            "admission_source_id": -0.2606701010322675,
            "glyburide-metformin": 0.2006882829909296,
            "acarbose": 0.192459081226563,
            "number_outpatient": 0.13852671547362025,
            "admission_type_id": -0.1201376549609622,
            "glipizide": 0.0868595362507869,
            "glipizide-metformin": -0.08028764323949303,
            "chlorpropamide": -0.05345871926236635,
            "medical_specialty": 0.029545345164260547,
            "race": 0.028948969041852294,
            "tolazamide": 0.026790366450835566,
            "tolbutamide": -0.023519477093308424,
            "troglitazone": -0.021018062533262178,
            "repaglinide": 0.013906642077416502,
            "miglitol": -0.013873200189482836,
            "metformin-rosiglitazone": -0.013648416160020351,
            "acetohexamide": -0.007719795586757834,
            "nateglinide": 0.007064714973288386,
            "glimepiride-pioglitazone": -0.006927443058739407,
            "metformin-pioglitazone": -0.006397636004871875
        },
        "Lime": {
            "race": 0.0,
            "gender": 0.0,
            "age": 0.0,
            "admission_type_id": 0.0,
            "discharge_disposition_id": -9.638971360431245,
            "admission_source_id": 0.0,
            "time_in_hospital": 19.975679103262724,
            "payer_code": 0.0,
            "medical_specialty": 0.0,
            "num_lab_procedures": 0.0,
            "num_procedures": 0.0,
            "num_medications": 13.75372582884691,
            "number_outpatient": 7.706655725002625,
            "number_emergency": -27.929027327295845,
            "number_inpatient": 0.0,
            "diag_1": 0.0,
            "diag_2": 0.0,
            "diag_3": 0.0,
            "number_diagnoses": 0.0,
            "metformin": 0.0,
            "repaglinide": 0.0,
            "nateglinide": 0.0,
            "chlorpropamide": 0.0,
            "glimepiride": 0.0,
            "acetohexamide": 0.0,
            "glipizide": 0.0,
            "glyburide": 0.0,
            "tolbutamide": 0.0,
            "pioglitazone": 0.0,
            "rosiglitazone": 0.0,
            "acarbose": 0.0,
            "miglitol": 0.0,
            "troglitazone": 0.0,
            "tolazamide": 0.0,
            "insulin": 0.0,
            "glyburide-metformin": 0.0,
            "glipizide-metformin": 0.0,
            "glimepiride-pioglitazone": 0.0,
            "metformin-rosiglitazone": 0.0,
            "metformin-pioglitazone": 0.0,
            "change": -20.995940655160656,
            "diabetesMed": 0.0
        },
        "Inherent": {
            "time_in_hospital": 14.906161702508895,
            "age": 9.122571221831734,
            "num_medications": 6.048539633427874,
            "diabetesMed": 5.093396480177916,
            "change": 3.4759386202164606,
            "num_procedures": 3.0061724532959926,
            "metformin": 2.9434978346135785,
            "gender": 1.3217477240233075,
            "num_lab_procedures": 1.0866629880460954,
            "pioglitazone": 0.5510919727887638,
            "glyburide": 0.5019991070285892,
            "rosiglitazone": 0.3580987049234238,
            "diag_1": 0.17207223558998322,
            "number_outpatient": 0.1704084052579688,
            "glyburide-metformin": 0.08934482952044928,
            "glipizide": 0.06864141108435345,
            "tolazamide": 0.03649119308265053,
            "race": 0.035306639069707386,
            "nateglinide": 0.019893904722700948,
            "medical_specialty": 0.016912341332967085,
            "acarbose": -0.0,
            "glipizide-metformin": -0.0,
            "troglitazone": -0.0,
            "miglitol": -0.0,
            "acetohexamide": -0.0,
            "repaglinide": 0.0,
            "metformin-rosiglitazone": -0.0,
            "glimepiride-pioglitazone": -0.0,
            "chlorpropamide": -0.0,
            "tolbutamide": -0.0,
            "metformin-pioglitazone": -0.0,
            "admission_type_id": -0.09674882161617784,
            "diag_2": -0.33142526897839497,
            "admission_source_id": -0.4870352276561847,
            "diag_3": -0.5714115705733952,
            "discharge_disposition_id": -2.1681333224905446,
            "number_emergency": -2.230362039746192,
            "payer_code": -2.440246279457628,
            "number_diagnoses": -4.896617079801299,
            "insulin": -7.356419535414467,
            "glimepiride": -11.4521913845631,
            "number_inpatient": -18.94446006715921
        }
    },
    "DecisionTree": {
        "SHAP": {
            "discharge_disposition_id": 58.12314018070105,
            "number_inpatient": -21.83971920473902,
            "payer_code": -12.609296152594348,
            "number_diagnoses": -5.315435734519866,
            "num_medications": 1.1108645143990925,
            "diag_1": -0.4689126276055072,
            "medical_specialty": -0.3286986821033682,
            "admission_source_id": 0.203932903337743,
            "gender": 0.0,
            "race": 0.0,
            "num_lab_procedures": 0.0,
            "time_in_hospital": 0.0,
            "admission_type_id": 0.0,
            "age": 0.0,
            "number_emergency": 0.0,
            "number_outpatient": 0.0,
            "diag_2": 0.0,
            "num_procedures": 0.0,
            "diag_3": 0.0,
            "metformin": 0.0,
            "repaglinide": 0.0,
            "nateglinide": 0.0,
            "chlorpropamide": 0.0,
            "glimepiride": 0.0,
            "acetohexamide": 0.0,
            "glipizide": 0.0,
            "glyburide": 0.0,
            "tolbutamide": 0.0,
            "pioglitazone": 0.0,
            "rosiglitazone": 0.0,
            "acarbose": 0.0,
            "miglitol": 0.0,
            "troglitazone": 0.0,
            "tolazamide": 0.0,
            "insulin": 0.0,
            "glyburide-metformin": 0.0,
            "glipizide-metformin": 0.0,
            "glimepiride-pioglitazone": 0.0,
            "metformin-rosiglitazone": 0.0,
            "metformin-pioglitazone": 0.0,
            "change": 0.0,
            "diabetesMed": 0.0
        },
        "Lime": {
            "race": 2.6787173695031434,
            "gender": 0.0,
            "age": 0.0,
            "admission_type_id": 0.0,
            "discharge_disposition_id": 27.28818954589325,
            "admission_source_id": 0.0,
            "time_in_hospital": 3.054031856480954,
            "payer_code": 0.0,
            "medical_specialty": -3.3582553803330923,
            "num_lab_procedures": 0.0,
            "num_procedures": 0.0,
            "num_medications": 0.0,
            "number_outpatient": 0.0,
            "number_emergency": -3.440313477677264,
            "number_inpatient": -35.132540132149984,
            "diag_1": 0.0,
            "diag_2": 6.668556898977986,
            "diag_3": 0.0,
            "number_diagnoses": -8.257492538017548,