{
    "LogisticRegression": {
        "SHAP": {
            "discharge_disposition_id": 35.74147724167479,
            "diabetesMed": -15.315713289445473,
            "number_inpatient": -11.545750921416637,
            "time_in_hospital": 8.098515575075643,
            "number_diagnoses": 5.617306879855018,
            "payer_code": 2.7903424457727484,
            "diag_1": -2.668865758772241,
            "diag_2": -2.36382102966299,
            "metformin": 2.3115805054808396,
            "num_medications": 2.213558098867567,
            "change": -1.9046356773063002,
            "number_emergency": -1.6267002437726261,
            "insulin": 1.2098310834405381,
            "glimepiride": 0.9804607506936408,
            "gender": -0.7150708484482559,
            "age": -0.6975330701811824,
            "diag_3": 0.6742195324841711,
            "admission_type_id": 0.6678304001374447,
            "number_outpatient": -0.6044861561134681,
            "glyburide": 0.3459476694650161,
            "num_procedures": 0.33291142335751217,
            "pioglitazone": 0.31659120141396957,
            "rosiglitazone": 0.30841546743714415,
            "admission_source_id": -0.17952628275794477,
            "num_lab_procedures": 0.16656763817687542,
            "glyburide-metformin": 0.13821616401635634,
            "acarbose": 0.1325486248664061,
            "medical_specialty": 0.06268916756691306,
            "glipizide": 0.059821090349186014,
            "glipizide-metformin": -0.05529495743893539,
            "chlorpropamide": -0.036817590940301806,
            "race": 0.019937464178583456,
            "tolazamide": 0.018450811518449912,
            "tolbutamide": -0.01619811508205776,
            "troglitazone": -0.014475364157331977,
            "repaglinide": 0.009577652933409344,
            "miglitol": -0.009554621148001798,
            "metformin-rosiglitazone": -0.009399809986027543,
            "acetohexamide": -0.005316705674542491,
            "nateglinide": 0.004865544659231393,
            "glimepiride-pioglitazone": -0.004771004025501429,
            "metformin-pioglitazone": -0.004406120248715682
        },
        "Lime": {
            "race": 0.0,
            "gender": 0.0,
            "age": 0.0,
            "admission_type_id": 0.0,
            "discharge_disposition_id": 40.10685215720039,
            "admission_source_id": 0.0,
            "time_in_hospital": 14.416645399888276,
            "payer_code": 0.0,
            "medical_specialty": 0.0,
            "num_lab_procedures": 0.0,
            "num_procedures": 0.0,
            "num_medications": 8.8111614398746,
            "number_outpatient": 0.0,
            "number_emergency": -36.66534100303673,
            "number_inpatient": 0.0,
            "diag_1": 0.0,
            "diag_2": 0.0,
            "diag_3": 0.0,
            "number_diagnoses": 0.0,
            "metformin": 0.0,
            "repaglinide": 0.0,
            "nateglinide": 0.0,
            "chlorpropamide": 0.0,
            "glimepiride": 0.0,
            "acetohexamide": 0.0,
            "glipizide": 0.0,
            "glyburide": 0.0,
            "tolbutamide": 0.0,
            "pioglitazone": 0.0,
            "rosiglitazone": 0.0,
            "acarbose": 0.0,
            "miglitol": 0.0,
            "troglitazone": 0.0,
            "tolazamide": 0.0,
            "insulin": 0.0,
            "glyburide-metformin": 0.0,
            "glipizide-metformin": 0.0,
            "glimepiride-pioglitazone": 0.0,
            "metformin-rosiglitazone": 0.0,
            "metformin-pioglitazone": 0.0,
            "change": 0.0,
            "diabetesMed": 0.0
        },
        "Inherent": {
            "discharge_disposition_id": 34.236627396598216,
            "time_in_hospital": 8.557955886388106,
            "number_diagnoses": 6.822957388907236,
            "payer_code": 2.487363601046117,
            "num_medications": 2.4387926917289393,
            "metformin": 1.9898252740489148,
            "insulin": 1.3419183235101888,
            "admission_type_id": 0.6612958376046809,
            "glimepiride": 0.6277104373123186,
            "diag_3": 0.6201699198742567,
            "pioglitazone": 0.37254205621813113,
            "glyburide": 0.3393549330898716,
            "num_procedures": 0.30266715542301553,
            "rosiglitazone": 0.24207724744406242,
            "num_lab_procedures": 0.15457459474093094,
            "glyburide-metformin": 0.060397734217705154,
            "medical_specialty": 0.05242718740917391,
            "glipizide": 0.04640207749293574,
            "tolazamide": 0.024668303615582348,
            "race": 0.0238675367572844,
            "nateglinide": 0.013448419751240677,
            "glipizide-metformin": -0.0,
            "troglitazone": -0.0,
            "miglitol": -0.0,
            "chlorpropamide": -0.0,
            "repaglinide": 0.0,
            "metformin-pioglitazone": -0.0,
            "acetohexamide": -0.0,
            "tolbutamide": -0.0,
            "glimepiride-pioglitazone": -0.0,
            "metformin-rosiglitazone": -0.0,
            "acarbose": -0.0,
            "age": -0.27372762687693625,
            "admission_source_id": -0.32923924520898057,
            "number_outpatient": -0.5624337911962057,
            "gender": -0.7459585357245296,
            "number_emergency": -1.5077404524569278,
            "change": -1.77262520775472,
            "diag_2": -2.232677696912213,
            "diag_1": -2.6664040644900506,
            "number_inpatient": -12.80658847496402,
            "diabetesMed": -15.685560901236506
        }
    },
    "DecisionTree": {
        "SHAP": {
            "discharge_disposition_id": 79.42347026846059,
            "medical_specialty": 7.569605854965053,
            "number_inpatient": -6.9777386138570305,
            "payer_code": 2.486008693299394,
            "diag_1": -1.6406334318246074,
            "number_diagnoses": 1.276091716510832,
            "num_medications": 0.5292850779044501,
            "admission_source_id": 0.09716634317803013,
            "gender": 0.0,
            "race": 0.0,
            "num_lab_procedures": 0.0,
            "time_in_hospital": 0.0,
            "admission_type_id": 0.0,
            "age": 0.0,
            "number_emergency": 0.0,
            "number_outpatient": 0.0,
            "diag_2": 0.0,
            "num_procedures": 0.0,
            "diag_3": 0.0,
            "metformin": 0.0,
            "repaglinide": 0.0,
            "nateglinide": 0.0,
            "chlorpropamide": 0.0,
            "glimepiride": 0.0,
            "acetohexamide": 0.0,
            "glipizide": 0.0,
            "glyburide": 0.0,
            "tolbutamide": 0.0,
            "pioglitazone": 0.0,
            "rosiglitazone": 0.0,
            "acarbose": 0.0,
            "miglitol": 0.0,
            "troglitazone": 0.0,
            "tolazamide": 0.0,
            "insulin": 0.0,
            "glyburide-metformin": 0.0,
            "glipizide-metformin": 0.0,
            "glimepiride-pioglitazone": 0.0,
            "metformin-rosiglitazone": 0.0,
            "metformin-pioglitazone": 0.0,
            "change": 0.0,
            "diabetesMed": 0.0
        },
        "Lime": {
            "race": 0.0,
            "gender": 0.0,
            "age": 0.0,
            "admission_type_id": 0.0,
            "discharge_disposition_id": 0.0,
            "admission_source_id": 0.0,
            "time_in_hospital": 0.0,
            "payer_code": 3.372942074752125,
            "medical_specialty": 0.0,
            "num_lab_procedures": 0.0,
            "num_procedures": -2.766432165473093,
            "num_medications": 0.0,
            "number_outpatient": 0.0,
            "number_emergency": 0.0,
            "number_inpatient": -25.325042493599454,
            "diag_1": 14.230491994065517,
            "diag_2": 14.230491994065506,
            "diag_3": 16.029362348651976,
            "number_diagnoses": 2.539972190998517,
            "metformin": 0.0,