{
    "LogisticRegression": {
        "SHAP": {
            "number_inpatient": -18.768418315841494,
            "metformin": -12.539215319147942,
            "time_in_hospital": -9.784166559657601,
            "discharge_disposition_id": -8.15258793468978,
            "diabetesMed": 7.219788515849894,
            "age": -6.540712977096708,
            "num_medications": -4.7129184054140785,
            "number_diagnoses": 3.4602665549807545,
            "num_procedures": 3.444991468224459,
            "diag_1": -3.1532219389833473,
            "change": -3.096117296680315,
            "admission_source_id": 2.9127029943096976,
            "number_emergency": -2.6443139867995646,
            "insulin": 1.96666427502783,
            "diag_3": 1.7423010130366532,
            "glimepiride": 1.5938069023425963,
            "gender": 1.590220285320839,
            "payer_code": -1.5417427760327889,
            "num_lab_procedures": -1.1412873349209411,
            "admission_type_id": 1.0856046002660051,
            "glyburide": 0.5623619130624051,
            "pioglitazone": 0.5146409396577517,
            "rosiglitazone": 0.5013507174486906,
            "glyburide-metformin": 0.2246799538571411,
            "acarbose": 0.21546697617282573,
            "diag_2": 0.19636308358927146,
            "number_outpatient": 0.15508716092807975,
            "medical_specialty": 0.10190558663319443,
            "glipizide": 0.09724332834000832,
            "glipizide-metformin": -0.08988578560494835,
            "chlorpropamide": -0.05984954576383111,
            "race": 0.03240972981381852,
            "tolazamide": 0.02999307288040172,
            "tolbutamide": -0.026331158697029948,
            "troglitazone": -0.023530707671425365,
            "repaglinide": 0.015569138634779862,
            "miglitol": -0.01553169887135246,
            "metformin-rosiglitazone": -0.015280042598177132,
            "acetohexamide": -0.008642673555075978,
            "nateglinide": 0.007909280056394866,
            "glimepiride-pioglitazone": -0.007755597704006909,
            "metformin-pioglitazone": -0.007162453836103445
        },
        "Lime": {
            "race": -30.074436401553406,
            "gender": 0.0,
            "age": 0.0,
            "admission_type_id": 0.0,
            "discharge_disposition_id": -14.725062429115962,
            "admission_source_id": 0.0,
            "time_in_hospital": 0.0,
            "payer_code": 0.0,
            "medical_specialty": 0.0,
            "num_lab_procedures": 0.0,
            "num_procedures": 0.0,
            "num_medications": -9.719820920784276,
            "number_outpatient": 9.489124200711826,
            "number_emergency": -18.087899168436802,
            "number_inpatient": 0.0,
            "diag_1": 0.0,
            "diag_2": 0.0,
            "diag_3": 0.0,
            "number_diagnoses": 17.903656879397737,
            "metformin": 0.0,
            "repaglinide": 0.0,
            "nateglinide": 0.0,
            "chlorpropamide": 0.0,
            "glimepiride": 0.0,
            "acetohexamide": 0.0,
            "glipizide": 0.0,
            "glyburide": 0.0,
            "tolbutamide": 0.0,
            "pioglitazone": 0.0,
            "rosiglitazone": 0.0,
            "acarbose": 0.0,
            "miglitol": 0.0,
            "troglitazone": 0.0,
            "tolazamide": 0.0,
            "insulin": 0.0,
            "glyburide-metformin": 0.0,
            "glipizide-metformin": 0.0,
            "glimepiride-pioglitazone": 0.0,
            "metformin-rosiglitazone": 0.0,
            "metformin-pioglitazone": 0.0,
            "change": 0.0,
            "diabetesMed": 0.0
        },
        "Inherent": {
            "number_diagnoses": 5.702589666791347,
            "diabetesMed": 5.699140549506425,
            "num_procedures": 3.3636885316239797,
            "admission_source_id": 2.6142141551312923,
            "insulin": 2.221144149150632,
            "diag_3": 1.6636667849540685,
            "gender": 1.4789396583428616,
            "admission_type_id": 1.0945773336719409,
            "glimepiride": 1.0389867555798789,
            "pioglitazone": 0.6166318724353904,
            "glyburide": 0.561700522984363,
            "rosiglitazone": 0.4006864295558496,
            "diag_2": 0.28621234835775783,
            "number_outpatient": 0.19067462275163194,
            "glyburide-metformin": 0.0999703719885841,
            "medical_specialty": 0.08677751732736226,
            "glipizide": 0.07680475117313346,
            "tolazamide": 0.040830993425812694,
            "race": 0.03950556356098328,
            "nateglinide": 0.02225983379350079,
            "troglitazone": -0.0,
            "glipizide-metformin": -0.0,
            "glimepiride-pioglitazone": -0.0,
            "miglitol": -0.0,
            "acarbose": -0.0,
            "chlorpropamide": -0.0,
            "metformin-pioglitazone": -0.0,
            "metformin-rosiglitazone": -0.0,
            "repaglinide": 0.0,
            "tolbutamide": -0.0,
            "acetohexamide": -0.0,
            "num_lab_procedures": -1.1362131908950377,
            "payer_code": -1.8745152360032804,
            "number_emergency": -2.495613053149433,
            "change": -2.9340504856825027,
            "diag_1": -3.2450076106324612,
            "num_medications": -4.156863510106643,
            "age": -5.783358392303526,
            "time_in_hospital": -8.458860311678709,
            "discharge_disposition_id": -8.646454513192095,
            "metformin": -12.772587068874689,
            "number_inpatient": -21.19747421537483
        }
    },
    "DecisionTree": {
        "SHAP": {
            "discharge_disposition_id": -36.61069336861621,
            "number_inpatient": -35.79161935524753,
            "diag_1": -13.013457224208514,
            "number_diagnoses": 9.888691823715355,
            "payer_code": -2.146424447492613,
            "num_medications": -0.9890068466574778,
            "admission_source_id": -0.8389359956472864,
            "medical_specialty": 0.7211709384150281,
            "gender": 0.0,
            "race": 0.0,
            "num_lab_procedures": 0.0,
            "time_in_hospital": 0.0,
            "admission_type_id": 0.0,
            "age": 0.0,
            "number_emergency": 0.0,
            "number_outpatient": 0.0,
            "diag_2": 0.0,
            "num_procedures": 0.0,
            "diag_3": 0.0,
            "metformin": 0.0,
            "repaglinide": 0.0,
            "nateglinide": 0.0,
            "chlorpropamide": 0.0,
            "glimepiride": 0.0,
            "acetohexamide": 0.0,
            "glipizide": 0.0,
            "glyburide": 0.0,
            "tolbutamide": 0.0,
            "pioglitazone": 0.0,
            "rosiglitazone": 0.0,
            "acarbose": 0.0,
            "miglitol": 0.0,
            "troglitazone": 0.0,
            "tolazamide": 0.0,
            "insulin": 0.0,
            "glyburide-metformin": 0.0,
            "glipizide-metformin": 0.0,
            "glimepiride-pioglitazone": 0.0,
            "metformin-rosiglitazone": 0.0,
            "metformin-pioglitazone": 0.0,
            "change": 0.0,
            "diabetesMed": 0.0
        },
        "Lime": {
            "race": 0.0,
            "gender": 0.0,
            "age": 0.0,
            "admission_type_id": 0.0,
            "discharge_disposition_id": -20.932549570258725,
            "admission_source_id": 0.0,
            "time_in_hospital": 0.0,
            "payer_code": 0.0,
            "medical_specialty": 0.0,
            "num_lab_procedures": 0.0,
            "num_procedures": 0.0,
            "num_medications": 0.0,
            "number_outpatient": 0.0,
            "number_emergency": -4.15689268813098,
            "number_inpatient": -44.282482746359406,
            "diag_1": -7.8111708457730185,
            "diag_2": -5.212862244982058,
            "diag_3": 2.96645148450146,
            "number_diagnoses": 0.0,
            "metformin": 0.0,