{
    "LogisticRegression": {
        "SHAP": {
            "number_inpatient": -18.525990337032017,
            "age": -11.79321360491247,
            "time_in_hospital": 10.477714860945946,
            "number_diagnoses": 9.013374156833867,
            "discharge_disposition_id": 7.523446351085214,
            "diabetesMed": 7.126531923425585,
            "num_procedures": -5.198445186668224,
            "payer_code": 4.477305767224493,
            "num_medications": 4.098737418560504,
            "metformin": 3.70909769310658,
            "insulin": -3.2915309384111935,
            "change": -3.056125356722448,
            "number_emergency": -2.6101579015946457,
            "glimepiride": 1.5732200111381636,
            "gender": 1.5696797217451235,
            "diag_1": 1.3297186329052453,
            "admission_source_id": 1.2935086540392966,
            "glyburide": 0.5550979945132284,
            "pioglitazone": 0.5079934235637326,
            "rosiglitazone": 0.4948748685486701,
            "glyburide-metformin": 0.22177780695397772,
            "num_lab_procedures": -0.21335618762020986,
            "acarbose": 0.21268383149570186,
            "diag_2": 0.18066911571306554,
            "number_outpatient": 0.15308393048370283,
            "admission_type_id": -0.1327624376109694,
            "race": -0.10802742047940041,
            "medical_specialty": 0.10058929215482448,
            "glipizide": 0.0959872553377204,
            "glipizide-metformin": -0.08872474853932001,
            "chlorpropamide": -0.05907648091798076,
            "diag_3": 0.05182792042000461,
            "tolazamide": 0.029605658239790052,
            "tolbutamide": -0.025991044283806074,
            "troglitazone": -0.02322676613491744,
            "repaglinide": 0.01536803512421667,
            "miglitol": -0.015331078962871345,
            "metformin-rosiglitazone": -0.015082673284425627,
            "acetohexamide": -0.00853103783563452,
            "nateglinide": 0.007807117436953912,
            "glimepiride-pioglitazone": -0.007655420169373909,
            "metformin-pioglitazone": -0.007069937824493817
        },
        "Lime": {
            "race": 0.0,
            "gender": 0.0,
            "age": 0.0,
            "admission_type_id": 0.0,
            "discharge_disposition_id": 33.15074535583808,
            "admission_source_id": 0.0,
            "time_in_hospital": 16.526528879507413,
            "payer_code": 0.0,
            "medical_specialty": 0.0,
            "num_lab_procedures": -9.557843993955405,
            "num_procedures": -13.602991971511823,
            "num_medications": 0.0,
            "number_outpatient": 0.0,
            "number_emergency": -27.16188979918729,
            "number_inpatient": 0.0,
            "diag_1": 0.0,
            "diag_2": 0.0,
            "diag_3": 0.0,
            "number_diagnoses": 0.0,
            "metformin": 0.0,
            "repaglinide": 0.0,
            "nateglinide": 0.0,
            "chlorpropamide": 0.0,
            "glimepiride": 0.0,
            "acetohexamide": 0.0,
            "glipizide": 0.0,
            "glyburide": 0.0,
            "tolbutamide": 0.0,
            "pioglitazone": 0.0,
            "rosiglitazone": 0.0,
            "acarbose": 0.0,
            "miglitol": 0.0,
            "troglitazone": 0.0,
            "tolazamide": 0.0,
            "insulin": 0.0,
            "glyburide-metformin": 0.0,
            "glipizide-metformin": 0.0,
            "glimepiride-pioglitazone": 0.0,
            "metformin-rosiglitazone": 0.0,
            "metformin-pioglitazone": 0.0,
            "change": 0.0,
            "diabetesMed": 0.0
        },
        "Inherent": {
            "time_in_hospital": 11.52903120986435,
            "number_diagnoses": 11.174796221024277,
            "discharge_disposition_id": 6.832230840341065,
            "diabetesMed": 5.639305978453983,
            "num_medications": 4.53481276645968,
            "payer_code": 4.073861199026959,
            "metformin": 3.258981506918323,
            "gender": 1.4634124539686764,
            "diag_1": 1.179114724906419,
            "glimepiride": 1.02807856226384,
            "admission_source_id": 1.023766125716219,
            "pioglitazone": 0.6101579307482299,
            "glyburide": 0.555803298734364,
            "rosiglitazone": 0.3964796723385556,
            "diag_2": 0.2702043439119582,
            "number_outpatient": 0.18867275349365786,
            "glyburide-metformin": 0.09892079542981541,
            "medical_specialty": 0.08586645091635256,
            "glipizide": 0.07599838759930792,
            "tolazamide": 0.040402313880878477,
            "nateglinide": 0.022026130554360965,
            "glipizide-metformin": -0.0,
            "troglitazone": -0.0,
            "miglitol": -0.0,
            "glimepiride-pioglitazone": -0.0,
            "repaglinide": 0.0,
            "metformin-pioglitazone": -0.0,
            "metformin-rosiglitazone": -0.0,
            "tolbutamide": -0.0,
            "acarbose": -0.0,
            "acetohexamide": -0.0,
            "chlorpropamide": -0.0,
            "diag_3": -0.0021837564617131606,
            "race": -0.09928371210628764,
            "admission_type_id": -0.10711834632779885,
            "num_lab_procedures": -0.22181695609204163,
            "number_emergency": -2.469411920671484,
            "change": -2.9032462528807295,
            "insulin": -2.973527442909066,
            "num_procedures": -5.169601521240915,
            "age": -10.996961866837376,
            "number_inpatient": -20.974924557921298
        }
    },
    "DecisionTree": {
        "SHAP": {
            "number_inpatient": -55.59641551645376,
            "payer_code": 13.05871134957168,
            "discharge_disposition_id": 10.414543174320464,
            "diag_1": 10.000646055460688,
            "number_diagnoses": 5.9936737887506535,
            "num_medications": 2.7802722784595577,
            "medical_specialty": 1.6453344615342802,
            "admission_source_id": 0.5104033754488996,
            "gender": 0.0,
            "race": 0.0,
            "num_lab_procedures": 0.0,
            "time_in_hospital": 0.0,
            "admission_type_id": 0.0,
            "age": 0.0,
            "number_emergency": 0.0,
            "number_outpatient": 0.0,
            "diag_2": 0.0,
            "num_procedures": 0.0,
            "diag_3": 0.0,
            "metformin": 0.0,
            "repaglinide": 0.0,
            "nateglinide": 0.0,
            "chlorpropamide": 0.0,
            "glimepiride": 0.0,
            "acetohexamide": 0.0,
            "glipizide": 0.0,
            "glyburide": 0.0,
            "tolbutamide": 0.0,
            "pioglitazone": 0.0,
            "rosiglitazone": 0.0,
            "acarbose": 0.0,
            "miglitol": 0.0,
            "troglitazone": 0.0,
            "tolazamide": 0.0,
            "insulin": 0.0,
            "glyburide-metformin": 0.0,
            "glipizide-metformin": 0.0,
            "glimepiride-pioglitazone": 0.0,
            "metformin-rosiglitazone": 0.0,
            "metformin-pioglitazone": 0.0,
            "change": 0.0,
            "diabetesMed": 0.0
        },
        "Lime": {
            "race": 0.0,
            "gender": 0.0,
            "age": 0.0,
            "admission_type_id": 0.0,
            "discharge_disposition_id": 0.0,
            "admission_source_id": 0.0,
            "time_in_hospital": 0.0,
            "payer_code": 3.8537695202013103,
            "medical_specialty": 0.0,
            "num_lab_procedures": 0.0,
            "num_procedures": 0.0,
            "num_medications": 0.0,
            "number_outpatient": 0.0,
            "number_emergency": -9.698649013239192,
            "number_inpatient": -38.56517439301575,
            "diag_1": 0.0,
            "diag_2": 0.0,
            "diag_3": 11.575808123249224,
            "number_diagnoses": 3.1194107484195506,
            "metformin": 0.0,
            "repaglinide": 0.0,