{
    "LogisticRegression": {
        "SHAP": {
            "number_inpatient": -17.828743766790584,
            "age": -16.485484939991384,
            "number_diagnoses": -12.87434852395577,
            "discharge_disposition_id": -7.744413987252696,
            "insulin": 6.904049850524823,
            "diabetesMed": 6.858316845530826,
            "payer_code": 4.30879730784787,
            "change": 3.6337190577682184,
            "metformin": 3.569501612240692,
            "num_procedures": 3.272511787203298,
            "time_in_hospital": 2.8167446301734307,
            "number_emergency": -2.511921660963689,
            "num_medications": -2.3715990632909665,
            "glimepiride": 1.5140100991687822,
            "gender": -1.1041997197806555,
            "num_lab_procedures": 1.0435238260018482,
            "admission_type_id": 1.031251857480987,
            "diag_2": -0.6491855228691528,
            "glyburide": 0.5342062545424596,
            "pioglitazone": 0.48887451732221276,
            "rosiglitazone": 0.4762496939417012,
            "diag_1": 0.4148783617272087,
            "admission_source_id": -0.27722130128051203,
            "glyburide-metformin": 0.2134309487055835,
            "acarbose": 0.20467923528473664,
            "number_outpatient": 0.14732244386155557,
            "diag_3": 0.13562476829053982,
            "race": -0.10396168649967741,
            "medical_specialty": 0.09680350053548151,
            "glipizide": 0.0923746665716919,
            "glipizide-metformin": -0.08538549241918078,
            "chlorpropamide": -0.05685307083557031,
            "tolazamide": 0.02849141585426041,
            "tolbutamide": -0.025012841976982444,
            "troglitazone": -0.02235260055830052,
            "repaglinide": 0.014789641765115597,
            "miglitol": -0.014754076490642096,
            "metformin-rosiglitazone": -0.014515019840462823,
            "acetohexamide": -0.00820996259143524,
            "nateglinide": 0.007513287754580219,
            "glimepiride-pioglitazone": -0.007367299784997838,
            "metformin-pioglitazone": -0.0068038527294317286
        },
        "Lime": {
            "race": 0.0,
            "gender": 0.0,
            "age": 0.0,
            "admission_type_id": 0.0,
            "discharge_disposition_id": -24.378556618321774,
            "admission_source_id": 0.0,
            "time_in_hospital": 19.980878370328593,
            "payer_code": 0.0,
            "medical_specialty": 0.0,
            "num_lab_procedures": 0.0,
            "num_procedures": 0.0,
            "num_medications": 0.0,
            "number_outpatient": 0.0,
            "number_emergency": -22.058759128182608,
            "number_inpatient": 0.0,
            "diag_1": 0.0,
            "diag_2": 0.0,
            "diag_3": 0.0,
            "number_diagnoses": -33.581805883167036,
            "metformin": 0.0,
            "repaglinide": 0.0,
            "nateglinide": 0.0,
            "chlorpropamide": 0.0,
            "glimepiride": 0.0,
            "acetohexamide": 0.0,
            "glipizide": 0.0,
            "glyburide": 0.0,
            "tolbutamide": 0.0,
            "pioglitazone": 0.0,
            "rosiglitazone": 0.0,
            "acarbose": 0.0,
            "miglitol": 0.0,
            "troglitazone": 0.0,
            "tolazamide": 0.0,
            "insulin": 0.0,
            "glyburide-metformin": 0.0,
            "glipizide-metformin": 0.0,
            "glimepiride-pioglitazone": 0.0,
            "metformin-rosiglitazone": 0.0,
            "metformin-pioglitazone": 0.0,
            "change": 0.0,
            "diabetesMed": 0.0
        },
        "Inherent": {
            "insulin": 7.309284422810138,
            "diabetesMed": 5.593473054908826,
            "payer_code": 4.040751279192504,
            "time_in_hospital": 4.033821946102293,
            "change": 3.8172109884558982,
            "num_procedures": 3.3013225421110235,
            "metformin": 3.232494444359143,
            "admission_type_id": 1.0742828272480818,
            "num_lab_procedures": 1.0520163146880983,
            "glimepiride": 1.0197229514275625,
            "pioglitazone": 0.6051989301376404,
            "glyburide": 0.5512860602311924,
            "rosiglitazone": 0.3932573214714576,
            "diag_1": 0.28868500184005397,
            "number_outpatient": 0.18713933361557922,
            "glyburide-metformin": 0.0981168260634992,
            "diag_3": 0.08517303167237344,
            "medical_specialty": 0.08516857949476637,
            "glipizide": 0.07538071792475885,
            "tolazamide": 0.040073947913466045,
            "nateglinide": 0.02184711527099972,
            "troglitazone": -0.0,
            "glimepiride-pioglitazone": -0.0,
            "miglitol": -0.0,
            "acarbose": -0.0,
            "tolbutamide": -0.0,
            "metformin-pioglitazone": -0.0,
            "glipizide-metformin": -0.0,
            "metformin-rosiglitazone": -0.0,
            "chlorpropamide": -0.0,
            "repaglinide": 0.0,
            "acetohexamide": -0.0,
            "race": -0.09847679316916441,
            "admission_source_id": -0.5348530068861037,
            "diag_2": -0.5703236914683966,
            "gender": -1.2118183711403336,
            "num_medications": -1.9353543490665241,
            "number_emergency": -2.4493420099069216,
            "discharge_disposition_id": -8.486141010195535,
            "number_diagnoses": -10.864489490296153,
            "age": -16.13904078951127,
            "number_inpatient": -20.804452851420248
        }
    },
    "DecisionTree": {
        "SHAP": {
            "discharge_disposition_id": -43.02587366655505,
            "number_inpatient": -34.75290909597316,
            "number_diagnoses": -12.999182201764931,
            "payer_code": 5.016609869992115,
            "diag_1": 1.9712606966872104,
            "num_medications": -1.4060202960973465,
            "medical_specialty": 0.6320685769229258,
            "admission_source_id": 0.19607559600727553,
            "gender": 0.0,
            "race": 0.0,
            "num_lab_procedures": 0.0,
            "time_in_hospital": 0.0,
            "admission_type_id": 0.0,
            "age": 0.0,
            "number_emergency": 0.0,
            "number_outpatient": 0.0,
            "diag_2": 0.0,
            "num_procedures": 0.0,
            "diag_3": 0.0,
            "metformin": 0.0,
            "repaglinide": 0.0,
            "nateglinide": 0.0,
            "chlorpropamide": 0.0,
            "glimepiride": 0.0,
            "acetohexamide": 0.0,
            "glipizide": 0.0,
            "glyburide": 0.0,
            "tolbutamide": 0.0,
            "pioglitazone": 0.0,
            "rosiglitazone": 0.0,
            "acarbose": 0.0,
            "miglitol": 0.0,
            "troglitazone": 0.0,
            "tolazamide": 0.0,
            "insulin": 0.0,
            "glyburide-metformin": 0.0,
            "glipizide-metformin": 0.0,
            "glimepiride-pioglitazone": 0.0,
            "metformin-rosiglitazone": 0.0,
            "metformin-pioglitazone": 0.0,
            "change": 0.0,
            "diabetesMed": 0.0
        },
        "Lime": {
            "race": 0.0,
            "gender": 0.0,
            "age": 0.0,
            "admission_type_id": -2.9939509644096303,
            "discharge_disposition_id": -15.053337576104617,
            "admission_source_id": 0.0,
            "time_in_hospital": 2.9785790568157084,
            "payer_code": 3.55422006838682,
            "medical_specialty": 0.0,
            "num_lab_procedures": 0.0,
            "num_procedures": 0.0,
            "num_medications": 0.0,
            "number_outpatient": -3.462492002271795,
            "number_emergency": 0.0,
            "number_inpatient": -28.751065718262453,
            "diag_1": 0.0,
            "diag_2": -5.057409903943527,
            "diag_3": -2.4014271455146,
            "number_diagnoses": -5.103237092488154,