{
    "LogisticRegression": {
        "SHAP": {
            "number_inpatient": -17.453189591525025,
            "number_emergency": 15.649093266250762,
            "time_in_hospital": 9.870972651242663,
            "age": 9.001435255259965,
            "insulin": -8.030697690617638,
            "diabetesMed": 6.71384959868919,
            "num_medications": 4.891893354357735,
            "payer_code": 4.218034501421237,
            "change": 3.557176459942071,
            "metformin": 3.49431172496489,
            "number_diagnoses": 3.2177825112901375,
            "diag_1": 1.8277517747966234,
            "discharge_disposition_id": -1.7136570883394486,
            "diag_2": -1.5156023560268146,
            "glimepiride": 1.4821181822970975,
            "gender": 1.478782903542143,
            "num_lab_procedures": 1.1121012732820066,
            "admission_type_id": 1.0095290178971488,
            "glyburide": 0.5229534488501093,
            "num_procedures": 0.5032471450830669,
            "pioglitazone": 0.47857660353967924,
            "rosiglitazone": 0.466217716177687,
            "diag_3": -0.4648935915549053,
            "admission_source_id": -0.2713817638161633,
            "glyburide-metformin": 0.20893512527765504,
            "acarbose": 0.20036776261976255,
            "number_outpatient": 0.14421916526681852,
            "medical_specialty": 0.09476437992878235,
            "glipizide": 0.09042883728761286,
            "glipizide-metformin": -0.08358688683010614,
            "chlorpropamide": -0.055655487404664875,
            "race": 0.030138563065446797,
            "tolazamide": 0.027891257462662133,
            "tolbutamide": -0.02448595812231564,
            "troglitazone": -0.021881753448850804,
            "repaglinide": 0.014478104856614115,
            "miglitol": -0.014443288748066024,
            "metformin-rosiglitazone": -0.014209267714768915,
            "acetohexamide": -0.008037023557125333,
            "nateglinide": 0.007355023850902382,
            "glimepiride-pioglitazone": -0.00721211104983621,
            "metformin-pioglitazone": -0.006660532743803261
        },
        "Lime": {
            "race": 0.0,
            "gender": 0.0,
            "age": 0.0,
            "admission_type_id": -9.279749341080452,
            "discharge_disposition_id": -11.185823112607263,
            "admission_source_id": 0.0,
            "time_in_hospital": 19.582732162753867,
            "payer_code": 0.0,
            "medical_specialty": 0.0,
            "num_lab_procedures": 0.0,
            "num_procedures": 0.0,
            "num_medications": 8.752488085237568,
            "number_outpatient": 0.0,
            "number_emergency": 28.24326446267651,
            "number_inpatient": 0.0,
            "diag_1": 0.0,
            "diag_2": 0.0,
            "diag_3": 0.0,
            "number_diagnoses": 22.955942835644347,
            "metformin": 0.0,
            "repaglinide": 0.0,
            "nateglinide": 0.0,
            "chlorpropamide": 0.0,
            "glimepiride": 0.0,
            "acetohexamide": 0.0,
            "glipizide": 0.0,
            "glyburide": 0.0,
            "tolbutamide": 0.0,
            "pioglitazone": 0.0,
            "rosiglitazone": 0.0,
            "acarbose": 0.0,
            "miglitol": 0.0,
            "troglitazone": 0.0,
            "tolazamide": 0.0,
            "insulin": 0.0,
            "glyburide-metformin": 0.0,
            "glipizide-metformin": 0.0,
            "glimepiride-pioglitazone": 0.0,
            "metformin-rosiglitazone": 0.0,
            "metformin-pioglitazone": 0.0,
            "change": 0.0,
            "diabetesMed": 0.0
        },
        "Inherent": {
            "number_emergency": 15.098485044643455,
            "time_in_hospital": 10.533113097615026,
            "age": 9.227825442277338,
            "number_diagnoses": 5.155281055284151,
            "diabetesMed": 5.152162968584005,
            "num_medications": 5.130703051863252,
            "payer_code": 3.7219467943344577,
            "change": 3.5160432355591276,
            "metformin": 2.9774592652707748,
            "diag_1": 1.6283644171622018,
            "gender": 1.3369977585733133,
            "num_lab_procedures": 1.0558054567202233,
            "admission_type_id": 0.9895247811153555,
            "glimepiride": 0.9392695337916334,
            "pioglitazone": 0.557450350770061,
            "glyburide": 0.5077910623216578,
            "num_procedures": 0.4528935972220715,
            "rosiglitazone": 0.3622303690247787,
            "number_outpatient": 0.17237453996019858,
            "glyburide-metformin": 0.09037567051399671,
            "medical_specialty": 0.0784490060204627,
            "glipizide": 0.06943338058925354,
            "tolazamide": 0.036912220442990855,
            "race": 0.035713999306363355,
            "nateglinide": 0.020123436220158143,
            "miglitol": -0.0,
            "metformin-pioglitazone": -0.0,
            "glimepiride-pioglitazone": -0.0,
            "troglitazone": -0.0,
            "acetohexamide": -0.0,
            "repaglinide": 0.0,
            "chlorpropamide": -0.0,
            "acarbose": -0.0,
            "tolbutamide": -0.0,
            "metformin-rosiglitazone": -0.0,
            "glipizide-metformin": -0.0,
            "admission_source_id": -0.49265453300003553,
            "diag_3": -0.49433823983059694,
            "diag_2": -1.3687955569320402,
            "discharge_disposition_id": -2.1931487679314907,
            "insulin": -7.441296286128986,
            "number_inpatient": -19.16303708099055
        }
    },
    "DecisionTree": {
        "SHAP": {
            "discharge_disposition_id": 57.36420514126455,
            "payer_code": 21.93439164678565,
            "number_inpatient": -13.427716389462748,
            "diag_1": 3.475414270591068,
            "number_diagnoses": 2.0829153739840143,
            "num_medications": 0.9661973735597801,
            "medical_specialty": 0.571784946272463,
            "admission_source_id": 0.17737485807973052,
            "gender": 0.0,
            "race": 0.0,
            "num_lab_procedures": 0.0,
            "time_in_hospital": 0.0,
            "admission_type_id": 0.0,
            "age": 0.0,
            "number_emergency": 0.0,
            "number_outpatient": 0.0,
            "diag_2": 0.0,
            "num_procedures": 0.0,
            "diag_3": 0.0,
            "metformin": 0.0,
            "repaglinide": 0.0,
            "nateglinide": 0.0,
            "chlorpropamide": 0.0,
            "glimepiride": 0.0,
            "acetohexamide": 0.0,
            "glipizide": 0.0,
            "glyburide": 0.0,
            "tolbutamide": 0.0,
            "pioglitazone": 0.0,
            "rosiglitazone": 0.0,
            "acarbose": 0.0,
            "miglitol": 0.0,
            "troglitazone": 0.0,
            "tolazamide": 0.0,
            "insulin": 0.0,
            "glyburide-metformin": 0.0,
            "glipizide-metformin": 0.0,
            "glimepiride-pioglitazone": 0.0,
            "metformin-rosiglitazone": 0.0,
            "metformin-pioglitazone": 0.0,
            "change": 0.0,
            "diabetesMed": 0.0
        },
        "Lime": {
            "race": 0.0,
            "gender": 0.0,
            "age": 0.0,
            "admission_type_id": 0.0,
            "discharge_disposition_id": 21.992297866886666,
            "admission_source_id": 0.0,
            "time_in_hospital": 0.0,
            "payer_code": 0.0,
            "medical_specialty": 0.0,
            "num_lab_procedures": 0.0,
            "num_procedures": -2.5506994540433996,
            "num_medications": 0.0,
            "number_outpatient": -2.4084194261548206,
            "number_emergency": 2.396066976379521,
            "number_inpatient": -29.49297422069521,
            "diag_1": 4.56134745935361,
            "diag_2": 0.0,
            "diag_3": 7.5646330012444025,
            "number_diagnoses": 0.0,