{
    "LogisticRegression": {
        "SHAP": {
            "number_inpatient": -16.93865169367014,
            "number_emergency": 15.187741975111313,
            "age": -10.782750825652615,
            "number_diagnoses": 8.241092791792749,
            "insulin": -7.793944500814155,
            "discharge_disposition_id": 6.878824557211889,
            "diabetesMed": 6.515918438833983,
            "change": 3.452307256041013,
            "diag_1": -3.4348949632344,
            "metformin": 3.3912958378123115,
            "num_procedures": 3.1091330972022346,
            "num_medications": 2.2473634125075788,
            "diag_2": -2.192734048091693,
            "payer_code": -2.175023811388002,
            "glimepiride": 1.4384238208800897,
            "gender": -1.049073041727808,
            "admission_type_id": 0.9797670688867206,
            "num_lab_procedures": 0.5080367311485159,
            "glyburide": 0.507536245774635,
            "pioglitazone": 0.4644676752972788,
            "rosiglitazone": 0.4524731405878327,
            "time_in_hospital": 0.37483779218225094,
            "number_outpatient": -0.37343397369275527,
            "diag_3": -0.36320418173086666,
            "admission_source_id": -0.26338115157632813,
            "glyburide-metformin": 0.2027755038752373,
            "acarbose": 0.19446071583982494,
            "medical_specialty": 0.09197062898805149,
            "glipizide": 0.08776290258270235,
            "glipizide-metformin": -0.08112265982951931,
            "chlorpropamide": -0.05401470665550079,
            "race": 0.02925004737020723,
            "tolazamide": 0.027068994637399747,
            "tolbutamide": -0.023764087007975783,
            "troglitazone": -0.02123665695448752,
            "repaglinide": 0.014051275502656817,
            "miglitol": -0.014017485808633703,
            "metformin-rosiglitazone": -0.01379036395499055,
            "acetohexamide": -0.007800083874300738,
            "nateglinide": 0.0071381902176532765,
            "glimepiride-pioglitazone": -0.0069994906322776535,
            "metformin-pioglitazone": -0.006464173419416257
        },
        "Lime": {
            "race": -36.03198159515904,
            "gender": 0.0,
            "age": 0.0,
            "admission_type_id": 0.0,
            "discharge_disposition_id": 23.10988139889435,
            "admission_source_id": 0.0,
            "time_in_hospital": 0.0,
            "payer_code": 0.0,
            "medical_specialty": 0.0,
            "num_lab_procedures": 0.0,
            "num_procedures": 0.0,
            "num_medications": 9.215730991619225,
            "number_outpatient": 0.0,
            "number_emergency": 31.642406014327385,
            "number_inpatient": 0.0,
            "diag_1": 0.0,
            "diag_2": 0.0,
            "diag_3": 0.0,
            "number_diagnoses": 0.0,
            "metformin": 0.0,
            "repaglinide": 0.0,
            "nateglinide": 0.0,
            "chlorpropamide": 0.0,
            "glimepiride": 0.0,
            "acetohexamide": 0.0,
            "glipizide": 0.0,
            "glyburide": 0.0,
            "tolbutamide": 0.0,
            "pioglitazone": 0.0,
            "rosiglitazone": 0.0,
            "acarbose": 0.0,
            "miglitol": 0.0,
            "troglitazone": 0.0,
            "tolazamide": 0.0,
            "insulin": 0.0,
            "glyburide-metformin": 0.0,
            "glipizide-metformin": 0.0,
            "glimepiride-pioglitazone": 0.0,
            "metformin-rosiglitazone": 0.0,
            "metformin-pioglitazone": 0.0,
            "change": 0.0,
            "diabetesMed": 0.0
        },
        "Inherent": {
            "number_emergency": 14.862512663183741,
            "number_diagnoses": 10.04991547909013,
            "discharge_disposition_id": 6.144482737848707,
            "diabetesMed": 5.071640441868873,
            "change": 3.4610914246220066,
            "num_procedures": 2.993331826552714,
            "metformin": 2.930924917523449,
            "num_medications": 2.6200462758882916,
            "time_in_hospital": 1.4204946379822356,
            "admission_type_id": 0.9740596189866535,
            "glimepiride": 0.9245898047945839,
            "pioglitazone": 0.548738027220525,
            "glyburide": 0.49985485773519095,
            "num_lab_procedures": 0.4839835131364673,
            "rosiglitazone": 0.3565691147623099,
            "glyburide-metformin": 0.08896320018110246,
            "medical_specialty": 0.07722293607244739,
            "glipizide": 0.06834821475162153,
            "tolazamide": 0.03633532385123718,
            "race": 0.03515582956662758,
            "nateglinide": 0.01980892948958334,
            "glipizide-metformin": -0.0,
            "troglitazone": -0.0,
            "miglitol": -0.0,
            "acarbose": -0.0,
            "chlorpropamide": -0.0,
            "metformin-rosiglitazone": -0.0,
            "glimepiride-pioglitazone": -0.0,
            "repaglinide": 0.0,
            "tolbutamide": -0.0,
            "metformin-pioglitazone": -0.0,
            "acetohexamide": -0.0,
            "number_outpatient": -0.3293798315759936,
            "diag_3": -0.4010861077786775,
            "admission_source_id": -0.4849548953843936,
            "gender": -1.0987640414002422,
            "diag_2": -2.049053304875022,
            "payer_code": -2.4298229613935445,
            "diag_1": -3.4603492562380955,
            "insulin": -7.324997173960234,
            "age": -9.889982340846904,
            "number_inpatient": -18.863540311438403
        }
    },
    "DecisionTree": {
        "SHAP": {
            "number_inpatient": -42.960723481562084,
            "discharge_disposition_id": 37.536472654792576,
            "diag_1": -7.545031135142917,
            "number_diagnoses": 4.847239752767654,
            "payer_code": -3.5411678723433426,
            "num_medications": 2.010491594742201,
            "medical_specialty": 1.189786745378461,
            "admission_source_id": 0.3690867632707604,
            "gender": 0.0,
            "race": 0.0,
            "num_lab_procedures": 0.0,
            "time_in_hospital": 0.0,
            "admission_type_id": 0.0,
            "age": 0.0,
            "number_emergency": 0.0,
            "number_outpatient": 0.0,
            "diag_2": 0.0,
            "num_procedures": 0.0,
            "diag_3": 0.0,
            "metformin": 0.0,
            "repaglinide": 0.0,
            "nateglinide": 0.0,
            "chlorpropamide": 0.0,
            "glimepiride": 0.0,
            "acetohexamide": 0.0,
            "glipizide": 0.0,
            "glyburide": 0.0,
            "tolbutamide": 0.0,
            "pioglitazone": 0.0,
            "rosiglitazone": 0.0,
            "acarbose": 0.0,
            "miglitol": 0.0,
            "troglitazone": 0.0,
            "tolazamide": 0.0,
            "insulin": 0.0,
            "glyburide-metformin": 0.0,
            "glipizide-metformin": 0.0,
            "glimepiride-pioglitazone": 0.0,
            "metformin-rosiglitazone": 0.0,
            "metformin-pioglitazone": 0.0,
            "change": 0.0,
            "diabetesMed": 0.0
        },
        "Lime": {
            "race": 3.042856766721511,
            "gender": 0.0,
            "age": 0.0,
            "admission_type_id": 0.0,
            "discharge_disposition_id": 0.0,
            "admission_source_id": 0.0,
            "time_in_hospital": 0.0,
            "payer_code": -3.6036895661662474,
            "medical_specialty": 0.0,
            "num_lab_procedures": 0.0,
            "num_procedures": 0.0,
            "num_medications": 5.931775442834893,
            "number_outpatient": 0.0,
            "number_emergency": 0.0,
            "number_inpatient": -38.70305287387026,
            "diag_1": -4.4555767750088755,
            "diag_2": 11.333113820781787,
            "diag_3": -3.0860202593241537,
            "number_diagnoses": 3.1514647985438513,
            "metformin": 0.0,