{
    "LogisticRegression": {
        "SHAP": {
            "number_inpatient": -17.100800978072346,
            "time_in_hospital": 14.318296168032665,
            "number_diagnoses": -12.3486923537821,
            "payer_code": -8.524559769916097,
            "discharge_disposition_id": -7.42821165754228,
            "diabetesMed": 6.57829362259639,
            "age": 3.8932760167122957,
            "diag_1": 3.5906755176512517,
            "metformin": 3.4237598262833027,
            "num_procedures": 3.1388960155229984,
            "insulin": -3.0383161421833713,
            "change": -2.8210201203054104,
            "number_emergency": -2.409360578542973,
            "num_medications": 2.268876834928679,
            "diag_2": -1.485001587612241,
            "glimepiride": 1.4521934760711197,
            "num_lab_procedures": 1.0896473932243982,
            "gender": -1.0591155436977482,
            "admission_type_id": 0.9891461228972708,
            "glyburide": 0.5123947575705469,
            "pioglitazone": 0.46891390292740087,
            "rosiglitazone": 0.4568045476729052,
            "diag_3": -0.4028694586010232,
            "admission_source_id": 0.22073174168559853,
            "glyburide-metformin": 0.20471662076235966,
            "acarbose": 0.1963222374348142,
            "number_outpatient": 0.14130730830135277,
            "glipizide": 0.0886030339053249,
            "glipizide-metformin": -0.08189922584422023,
            "chlorpropamide": -0.05453177532128235,
            "medical_specialty": -0.039542316403388275,
            "race": 0.029530050426860324,
            "tolazamide": 0.02732811904643295,
            "tolbutamide": -0.02399157440027248,
            "troglitazone": -0.02143994991962666,
            "repaglinide": 0.014185784689627437,
            "miglitol": -0.014151671535697057,
            "metformin-rosiglitazone": -0.013922375503925305,
            "acetohexamide": -0.007874752038058288,
            "nateglinide": 0.0072065222464741925,
            "glimepiride-pioglitazone": -0.007066494926227915,
            "metformin-pioglitazone": -0.006526053261635447
        },
        "Lime": {
            "race": 0.0,
            "gender": 0.0,
            "age": 0.0,
            "admission_type_id": 0.0,
            "discharge_disposition_id": -26.221295651216415,
            "admission_source_id": 0.0,
            "time_in_hospital": 15.74218295506267,
            "payer_code": 0.0,
            "medical_specialty": 0.0,
            "num_lab_procedures": 0.0,
            "num_procedures": 0.0,
            "num_medications": 10.057923504302005,
            "number_outpatient": 0.0,
            "number_emergency": -22.401297143687813,
            "number_inpatient": 0.0,
            "diag_1": 0.0,
            "diag_2": 0.0,
            "diag_3": 0.0,
            "number_diagnoses": -25.577300745731087,
            "metformin": 0.0,
            "repaglinide": 0.0,
            "nateglinide": 0.0,
            "chlorpropamide": 0.0,
            "glimepiride": 0.0,
            "acetohexamide": 0.0,
            "glipizide": 0.0,
            "glyburide": 0.0,
            "tolbutamide": 0.0,
            "pioglitazone": 0.0,
            "rosiglitazone": 0.0,
            "acarbose": 0.0,
            "miglitol": 0.0,
            "troglitazone": 0.0,
            "tolazamide": 0.0,
            "insulin": 0.0,
            "glyburide-metformin": 0.0,
            "glipizide-metformin": 0.0,
            "glimepiride-pioglitazone": 0.0,
            "metformin-rosiglitazone": 0.0,
            "metformin-pioglitazone": 0.0,
            "change": 0.0,
            "diabetesMed": 0.0
        },
        "Inherent": {
            "time_in_hospital": 15.41548023965186,
            "diabetesMed": 5.267429292658187,
            "age": 4.507760245707967,
            "diag_1": 3.4646576877737365,
            "num_procedures": 3.108888322536462,
            "metformin": 3.0440722172835684,
            "num_medications": 2.7211922177685803,
            "num_lab_procedures": 1.0794263737361791,
            "admission_type_id": 1.0116628394017426,
            "glimepiride": 0.9602832608680475,
            "pioglitazone": 0.5699218609258797,
            "glyburide": 0.519151574306322,
            "rosiglitazone": 0.3703343368845135,
            "number_outpatient": 0.1762309745695741,
            "glyburide-metformin": 0.0923975924503579,
            "glipizide": 0.07098677294065397,
            "tolazamide": 0.03773803592860791,
            "race": 0.036513007692381826,
            "nateglinide": 0.020573646070852443,
            "troglitazone": -0.0,
            "glimepiride-pioglitazone": -0.0,
            "glipizide-metformin": -0.0,
            "metformin-pioglitazone": -0.0,
            "miglitol": -0.0,
            "chlorpropamide": -0.0,
            "repaglinide": 0.0,
            "metformin-rosiglitazone": -0.0,
            "acetohexamide": -0.0,
            "tolbutamide": -0.0,
            "acarbose": -0.0,
            "admission_source_id": -0.017032535410462835,
            "medical_specialty": -0.05219189457791857,
            "diag_3": -0.45275903164980513,
            "gender": -1.1411814310831556,
            "diag_2": -1.3994188181174276,
            "number_emergency": -2.306569768741346,
            "change": -2.7117954611174615,
            "insulin": -2.7774420496325303,
            "discharge_disposition_id": -7.9914835201544605,
            "payer_code": -8.852466531328073,
            "number_diagnoses": -10.23119797470729,
            "number_inpatient": -19.591760484324606
        }
    },
    "DecisionTree": {
        "SHAP": {
            "number_inpatient": -35.15227104078439,
            "discharge_disposition_id": -31.04000293323976,
            "number_diagnoses": -21.385568530844985,
            "diag_1": 8.474911992057777,
            "payer_code": -1.767899774907849,
            "num_medications": 1.6059546118641403,
            "medical_specialty": -0.29699576455704685,
            "admission_source_id": 0.27639535174406327,
            "gender": 0.0,
            "race": 0.0,
            "num_lab_procedures": 0.0,
            "time_in_hospital": 0.0,
            "admission_type_id": 0.0,
            "age": 0.0,
            "number_emergency": 0.0,
            "number_outpatient": 0.0,
            "diag_2": 0.0,
            "num_procedures": 0.0,
            "diag_3": 0.0,
            "metformin": 0.0,
            "repaglinide": 0.0,
            "nateglinide": 0.0,
            "chlorpropamide": 0.0,
            "glimepiride": 0.0,
            "acetohexamide": 0.0,
            "glipizide": 0.0,
            "glyburide": 0.0,
            "tolbutamide": 0.0,
            "pioglitazone": 0.0,
            "rosiglitazone": 0.0,
            "acarbose": 0.0,
            "miglitol": 0.0,
            "troglitazone": 0.0,
            "tolazamide": 0.0,
            "insulin": 0.0,
            "glyburide-metformin": 0.0,
            "glipizide-metformin": 0.0,
            "glimepiride-pioglitazone": 0.0,
            "metformin-rosiglitazone": 0.0,
            "metformin-pioglitazone": 0.0,
            "change": 0.0,
            "diabetesMed": 0.0
        },
        "Lime": {
            "race": 0.0,
            "gender": -2.751472812683965,
            "age": -2.03236167940342,
            "admission_type_id": 0.0,
            "discharge_disposition_id": -14.517410522238198,
            "admission_source_id": 0.0,
            "time_in_hospital": 0.0,
            "payer_code": 0.0,
            "medical_specialty": 0.0,
            "num_lab_procedures": 0.0,
            "num_procedures": 0.0,
            "num_medications": 0.0,
            "number_outpatient": 0.0,
            "number_emergency": -2.47800650492467,
            "number_inpatient": -29.336849010473504,
            "diag_1": 3.845447938290188,
            "diag_2": 6.314410726890076,
            "diag_3": -4.578037500620004,