{
    "LogisticRegression": {
        "SHAP": {
            "number_inpatient": -22.34126640301108,
            "number_diagnoses": -16.132894942080686,
            "discharge_disposition_id": -9.70455452653374,
            "diabetesMed": 8.594182839043915,
            "payer_code": 5.399370241133655,
            "age": 5.0863533691407214,
            "metformin": 4.472956002295075,
            "change": -3.6855093581179097,
            "time_in_hospital": 3.529673374361571,
            "number_emergency": -3.1476985560596313,
            "diag_2": 2.8518451281071537,
            "num_procedures": -2.812415971880971,
            "insulin": 2.341048124262858,
            "glimepiride": 1.8972117948873262,
            "gender": -1.383676854883119,
            "admission_type_id": 1.2922656120897387,
            "num_medications": 0.9854895314348547,
            "glyburide": 0.6694158827454098,
            "pioglitazone": 0.6126105109819038,
            "glipizide": -0.5976181098969987,
            "rosiglitazone": 0.5967902969430238,
            "admission_source_id": -0.3473870635817784,
            "glyburide-metformin": 0.26745113094062917,
            "acarbose": 0.256484325675182,
            "diag_1": -0.21619728629130136,
            "number_outpatient": 0.184610312902946,
            "race": -0.13027478347195515,
            "glipizide-metformin": -0.10699688424725161,
            "chlorpropamide": -0.071242798594294,
            "medical_specialty": -0.060763292038783355,
            "tolazamide": 0.03570270121805616,
            "tolbutamide": -0.03134368710515032,
            "troglitazone": -0.02801012849841312,
            "num_lab_procedures": -0.025452361313122764,
            "repaglinide": 0.018532956163463142,
            "miglitol": -0.01848838918319229,
            "metformin-rosiglitazone": -0.01818882638858783,
            "diag_3": -0.010564852940315644,
            "acetohexamide": -0.010287935247331684,
            "nateglinide": 0.009414929368171298,
            "glimepiride-pioglitazone": -0.00923199129004658,
            "metformin-pioglitazone": -0.008525933648686432
        },
        "Lime": {
            "race": 0.0,
            "gender": 0.0,
            "age": 0.0,
            "admission_type_id": 0.0,
            "discharge_disposition_id": -21.683131853028982,
            "admission_source_id": 0.0,
            "time_in_hospital": 23.111810721637113,
            "payer_code": 0.0,
            "medical_specialty": 0.0,
            "num_lab_procedures": 0.0,
            "num_procedures": -9.031177913967829,
            "num_medications": 0.0,
            "number_outpatient": 0.0,
            "number_emergency": -21.978290521729754,
            "number_inpatient": 0.0,
            "diag_1": 0.0,
            "diag_2": 0.0,
            "diag_3": 0.0,
            "number_diagnoses": -24.195588989636324,
            "metformin": 0.0,
            "repaglinide": 0.0,
            "nateglinide": 0.0,
            "chlorpropamide": 0.0,
            "glimepiride": 0.0,
            "acetohexamide": 0.0,
            "glipizide": 0.0,
            "glyburide": 0.0,
            "tolbutamide": 0.0,
            "pioglitazone": 0.0,
            "rosiglitazone": 0.0,
            "acarbose": 0.0,
            "miglitol": 0.0,
            "troglitazone": 0.0,
            "tolazamide": 0.0,
            "insulin": 0.0,
            "glyburide-metformin": 0.0,
            "glipizide-metformin": 0.0,
            "glimepiride-pioglitazone": 0.0,
            "metformin-rosiglitazone": 0.0,
            "metformin-pioglitazone": 0.0,
            "change": 0.0,
            "diabetesMed": 0.0
        },
        "Inherent": {
            "diabetesMed": 6.807551980475672,
            "age": 5.82576632418217,
            "payer_code": 4.9178076131315,
            "time_in_hospital": 4.909374248969634,
            "metformin": 3.9341163782422806,
            "diag_2": 2.931854822344451,
            "insulin": 2.653128856908408,
            "num_medications": 1.5594110511608537,
            "admission_type_id": 1.307458910847098,
            "glimepiride": 1.2410566618239223,
            "pioglitazone": 0.7365590456942689,
            "glyburide": 0.670944237023174,
            "rosiglitazone": 0.4786149198073177,
            "number_outpatient": 0.22775844786837893,
            "glyburide-metformin": 0.11941335678740453,
            "tolazamide": 0.04877211006574545,
            "nateglinide": 0.02658909256749762,
            "metformin-rosiglitazone": -0.0,
            "troglitazone": -0.0,
            "miglitol": -0.0,
            "acarbose": -0.0,
            "glipizide-metformin": -0.0,
            "glimepiride-pioglitazone": -0.0,
            "chlorpropamide": -0.0,
            "repaglinide": 0.0,
            "acetohexamide": -0.0,
            "metformin-pioglitazone": -0.0,
            "tolbutamide": -0.0,
            "num_lab_procedures": -0.03841651549746631,
            "diag_3": -0.07491757728859232,
            "medical_specialty": -0.07645769240242695,
            "race": -0.11985145575722554,
            "diag_1": -0.37683104414513874,
            "glipizide": -0.6139677868060066,
            "admission_source_id": -0.6509443436212661,
            "gender": -1.4748469280983512,
            "num_procedures": -2.8210673535407484,
            "number_emergency": -2.9809785238477233,
            "change": -3.5046865437198873,
            "discharge_disposition_id": -10.328081582489022,
            "number_diagnoses": -13.222657232900225,
            "number_inpatient": -25.32011736198615
        }
    },
    "DecisionTree": {
        "SHAP": {
            "discharge_disposition_id": -42.61650192845324,
            "number_inpatient": -35.1978582424924,
            "number_diagnoses": -13.165613593455067,
            "payer_code": 5.080838630637988,
            "diag_1": 1.9964991813889,
            "num_medications": -1.4240218835043055,
            "medical_specialty": -0.3200805450362267,
            "admission_source_id": 0.1985859950318798,
            "gender": 0.0,
            "race": 0.0,
            "num_lab_procedures": 0.0,
            "time_in_hospital": 0.0,
            "admission_type_id": 0.0,
            "age": 0.0,
            "number_emergency": 0.0,
            "number_outpatient": 0.0,
            "diag_2": 0.0,
            "num_procedures": 0.0,
            "diag_3": 0.0,
            "metformin": 0.0,
            "repaglinide": 0.0,
            "nateglinide": 0.0,
            "chlorpropamide": 0.0,
            "glimepiride": 0.0,
            "acetohexamide": 0.0,
            "glipizide": 0.0,
            "glyburide": 0.0,
            "tolbutamide": 0.0,
            "pioglitazone": 0.0,
            "rosiglitazone": 0.0,
            "acarbose": 0.0,
            "miglitol": 0.0,
            "troglitazone": 0.0,
            "tolazamide": 0.0,
            "insulin": 0.0,
            "glyburide-metformin": 0.0,
            "glipizide-metformin": 0.0,
            "glimepiride-pioglitazone": 0.0,
            "metformin-rosiglitazone": 0.0,
            "metformin-pioglitazone": 0.0,
            "change": 0.0,
            "diabetesMed": 0.0
        },
        "Lime": {
            "race": 0.0,
            "gender": 0.0,
            "age": 0.0,
            "admission_type_id": 0.0,
            "discharge_disposition_id": -14.155608715875575,
            "admission_source_id": 0.0,
            "time_in_hospital": 0.0,
            "payer_code": 1.9245689430919903,
            "medical_specialty": 0.0,
            "num_lab_procedures": 0.0,
            "num_procedures": 0.0,
            "num_medications": 0.0,
            "number_outpatient": 3.097853228643728,
            "number_emergency": -3.8550908584466996,
            "number_inpatient": -27.469330224174254,
            "diag_1": -1.9890002126147763,
            "diag_2": -5.349260419328088,
            "diag_3": 6.4446936857429,
            "number_diagnoses": -6.745142448733975,