{
    "LogisticRegression": {
        "SHAP": {
            "number_inpatient": -20.604535913520014,
            "age": 16.562508797642938,
            "number_diagnoses": 10.024640418020944,
            "pioglitazone": -9.2446954003444,
            "diabetesMed": 7.926101670340927,
            "change": 4.199459917354861,
            "metformin": 4.125244331559573,
            "diag_1": 3.91149851147109,
            "time_in_hospital": 3.2552891359473883,
            "number_emergency": -2.9030076797492805,
            "payer_code": -2.6457451894623034,
            "insulin": 2.159063379914382,
            "num_medications": -2.13255147016067,
            "discharge_disposition_id": -2.023074856030546,
            "glimepiride": 1.7497293062152066,
            "gender": -1.276114743670178,
            "num_lab_procedures": -0.9322094403708782,
            "glyburide": 0.6173778759134944,
            "num_procedures": 0.5941134037342701,
            "glipizide": -0.5511614062434289,
            "rosiglitazone": 0.5503979445205271,
            "admission_source_id": -0.3203824303575878,
            "diag_3": 0.2796215275320963,
            "glyburide-metformin": 0.24666043245583527,
            "acarbose": 0.23654614757724707,
            "diag_2": 0.20093950258262672,
            "number_outpatient": 0.17025936460353264,
            "admission_type_id": -0.14765787760633828,
            "glipizide-metformin": -0.09867932749819895,
            "chlorpropamide": -0.06570463713811504,
            "medical_specialty": 0.03631336870624781,
            "race": 0.035580379265772094,
            "tolazamide": 0.032927300368163825,
            "tolbutamide": -0.02890714048927693,
            "troglitazone": -0.025832720857313578,
            "repaglinide": 0.017092270150017196,
            "miglitol": -0.017051167648082743,
            "metformin-rosiglitazone": -0.01677489179834174,
            "acetohexamide": -0.00948818779812072,
            "nateglinide": 0.008683046287098319,
            "glimepiride-pioglitazone": -0.008514329163696443,
            "metformin-pioglitazone": -0.00786315792899599
        },
        "Lime": {
            "race": 0.0,
            "gender": 0.0,
            "age": 0.0,
            "admission_type_id": 0.0,
            "discharge_disposition_id": -31.64132009570546,
            "admission_source_id": 0.0,
            "time_in_hospital": 25.269923174675103,
            "payer_code": 0.0,
            "medical_specialty": 0.0,
            "num_lab_procedures": 0.0,
            "num_procedures": 0.0,
            "num_medications": 0.0,
            "number_outpatient": 0.0,
            "number_emergency": -43.08875672961944,
            "number_inpatient": 0.0,
            "diag_1": 0.0,
            "diag_2": 0.0,
            "diag_3": 0.0,
            "number_diagnoses": 0.0,
            "metformin": 0.0,
            "repaglinide": 0.0,
            "nateglinide": 0.0,
            "chlorpropamide": 0.0,
            "glimepiride": 0.0,
            "acetohexamide": 0.0,
            "glipizide": 0.0,
            "glyburide": 0.0,
            "tolbutamide": 0.0,
            "pioglitazone": 0.0,
            "rosiglitazone": 0.0,
            "acarbose": 0.0,
            "miglitol": 0.0,
            "troglitazone": 0.0,
            "tolazamide": 0.0,
            "insulin": 0.0,
            "glyburide-metformin": 0.0,
            "glipizide-metformin": 0.0,
            "glimepiride-pioglitazone": 0.0,
            "metformin-rosiglitazone": 0.0,
            "metformin-pioglitazone": 0.0,
            "change": 0.0,
            "diabetesMed": 0.0
        },
        "Inherent": {
            "age": 16.438118970980064,
            "number_diagnoses": 11.94776062069342,
            "diabetesMed": 6.029378662910213,
            "time_in_hospital": 4.348182199691415,
            "change": 4.114690507970554,
            "diag_1": 3.5717020348464725,
            "metformin": 3.4844063499493365,
            "insulin": 2.3498488980582355,
            "glimepiride": 1.0991911009603303,
            "glyburide": 0.5942483991767376,
            "num_procedures": 0.530004001874555,
            "rosiglitazone": 0.423904304148271,
            "diag_2": 0.2888944689351738,
            "diag_3": 0.20855104264495042,
            "number_outpatient": 0.20172331108358246,
            "glyburide-metformin": 0.10576318000147723,
            "tolazamide": 0.04319695547223225,
            "race": 0.04179472324497501,
            "nateglinide": 0.023549685386524626,
            "medical_specialty": 0.02002021840822498,
            "glimepiride-pioglitazone": -0.0,
            "troglitazone": -0.0,
            "chlorpropamide": -0.0,
            "acetohexamide": -0.0,
            "acarbose": -0.0,
            "miglitol": -0.0,
            "metformin-pioglitazone": -0.0,
            "glipizide-metformin": -0.0,
            "metformin-rosiglitazone": -0.0,
            "tolbutamide": -0.0,
            "repaglinide": 0.0,
            "admission_type_id": -0.11452775824235716,
            "glipizide": -0.5437849441472321,
            "admission_source_id": -0.5765346996142826,
            "num_lab_procedures": -0.8973488503295152,
            "gender": -1.3062567314709685,
            "num_medications": -1.508289846794118,
            "discharge_disposition_id": -2.566557864451284,
            "number_emergency": -2.6402219708097134,
            "payer_code": -2.888675347946586,
            "pioglitazone": -8.667105230741454,
            "number_inpatient": -22.425767119015724
        }
    },
    "DecisionTree": {
        "SHAP": {
            "discharge_disposition_id": 53.4588782722611,
            "number_inpatient": -22.381177332477982,
            "payer_code": -15.068310988535675,
            "diag_1": 4.775023915729011,
            "number_diagnoses": 2.86180867972375,
            "num_medications": -0.8792233524943922,
            "medical_specialty": -0.3928001930889947,
            "admission_source_id": 0.18277726568911207,
            "gender": 0.0,
            "race": 0.0,
            "num_lab_procedures": 0.0,
            "time_in_hospital": 0.0,
            "admission_type_id": 0.0,
            "age": 0.0,
            "number_emergency": 0.0,
            "number_outpatient": 0.0,
            "diag_2": 0.0,
            "num_procedures": 0.0,
            "diag_3": 0.0,
            "metformin": 0.0,
            "repaglinide": 0.0,
            "nateglinide": 0.0,
            "chlorpropamide": 0.0,
            "glimepiride": 0.0,
            "acetohexamide": 0.0,
            "glipizide": 0.0,
            "glyburide": 0.0,
            "tolbutamide": 0.0,
            "pioglitazone": 0.0,
            "rosiglitazone": 0.0,
            "acarbose": 0.0,
            "miglitol": 0.0,
            "troglitazone": 0.0,
            "tolazamide": 0.0,
            "insulin": 0.0,
            "glyburide-metformin": 0.0,
            "glipizide-metformin": 0.0,
            "glimepiride-pioglitazone": 0.0,
            "metformin-rosiglitazone": 0.0,
            "metformin-pioglitazone": 0.0,
            "change": 0.0,
            "diabetesMed": 0.0
        },
        "Lime": {
            "race": 0.0,
            "gender": 0.0,
            "age": 0.0,
            "admission_type_id": 0.0,
            "discharge_disposition_id": 24.95034098136202,
            "admission_source_id": 0.0,
            "time_in_hospital": 0.0,
            "payer_code": 0.0,
            "medical_specialty": 0.0,
            "num_lab_procedures": 0.0,
            "num_procedures": 0.0,
            "num_medications": 0.0,
            "number_outpatient": -2.842156810043478,
            "number_emergency": -4.678047450414279,
            "number_inpatient": -31.529456483016045,
            "diag_1": -5.4715397500078815,
            "diag_2": 0.0,
            "diag_3": 0.0,
            "number_diagnoses": 2.8764061950790607,
            "metformin": 0.0,
            "repaglinide": 9.461372781656545,