{
    "LogisticRegression": {
        "SHAP": {
            "number_inpatient": -17.414039324801312,
            "time_in_hospital": -9.07811507411216,
            "age": 8.981243611246036,
            "number_diagnoses": 8.472381187768596,
            "insulin": -8.01268356460838,
            "discharge_disposition_id": -7.564275502840808,
            "diabetesMed": 6.698789371379267,
            "rosiglitazone": -4.248706846992226,
            "payer_code": 4.208572782409106,
            "change": 3.5491971501167967,
            "metformin": 3.486473430690324,
            "num_procedures": 3.196391719947446,
            "number_emergency": -2.4534932554429885,
            "diag_3": 1.800828376001402,
            "glimepiride": 1.4787935566263162,
            "diag_2": -1.3637884050596216,
            "num_medications": -1.2882410966202538,
            "diag_1": 1.1861580269511116,
            "num_lab_procedures": 1.1096066541039789,
            "gender": -1.078515547377589,
            "admission_type_id": 1.0072644845229632,
            "glyburide": 0.5217803814918937,
            "pioglitazone": 0.47750308046940876,
            "admission_source_id": -0.27077301156594347,
            "glyburide-metformin": 0.20846645072165612,
            "acarbose": 0.19991830601423724,
            "number_outpatient": 0.1438956588522885,
            "medical_specialty": 0.09455180842540967,
            "glipizide": 0.09022599109260881,
            "glipizide-metformin": -0.083399388212914,
            "chlorpropamide": -0.055530643337332396,
            "race": 0.030070957498195373,
            "tolazamide": 0.027828692957578595,
            "tolbutamide": -0.0244310322426392,
            "troglitazone": -0.021832669212447333,
            "repaglinide": 0.01444562817584365,
            "miglitol": -0.014410890165337687,
            "metformin-rosiglitazone": -0.014177394078258833,
            "acetohexamide": -0.008018995241196248,
            "nateglinide": 0.007338525368260452,
            "glimepiride-pioglitazone": -0.0071959331432271375,
            "metformin-pioglitazone": -0.006645592114637775
        },
        "Lime": {
            "race": 0.0,
            "gender": 0.0,
            "age": 0.0,
            "admission_type_id": 0.0,
            "discharge_disposition_id": -26.872017053967173,
            "admission_source_id": 0.0,
            "time_in_hospital": -27.13348054110233,
            "payer_code": 0.0,
            "medical_specialty": 0.0,
            "num_lab_procedures": 0.0,
            "num_procedures": 0.0,
            "num_medications": 0.0,
            "number_outpatient": 0.0,
            "number_emergency": -45.99450240493049,
            "number_inpatient": 0.0,
            "diag_1": 0.0,
            "diag_2": 0.0,
            "diag_3": 0.0,
            "number_diagnoses": 0.0,
            "metformin": 0.0,
            "repaglinide": 0.0,
            "nateglinide": 0.0,
            "chlorpropamide": 0.0,
            "glimepiride": 0.0,
            "acetohexamide": 0.0,
            "glipizide": 0.0,
            "glyburide": 0.0,
            "tolbutamide": 0.0,
            "pioglitazone": 0.0,
            "rosiglitazone": 0.0,
            "acarbose": 0.0,
            "miglitol": 0.0,
            "troglitazone": 0.0,
            "tolazamide": 0.0,
            "insulin": 0.0,
            "glyburide-metformin": 0.0,
            "glipizide-metformin": 0.0,
            "glimepiride-pioglitazone": 0.0,
            "metformin-rosiglitazone": 0.0,
            "metformin-pioglitazone": 0.0,
            "change": 0.0,
            "diabetesMed": 0.0
        },
        "Inherent": {
            "number_diagnoses": 10.501866602253472,
            "age": 9.492100401811182,
            "diabetesMed": 5.299715354414386,
            "payer_code": 3.828539332805482,
            "change": 3.616738918372924,
            "num_procedures": 3.1279438721789483,
            "metformin": 3.0627304845591308,
            "diag_3": 1.7291232078101988,
            "num_lab_procedures": 1.0860425852935494,
            "diag_1": 1.0451225412437928,
            "admission_type_id": 1.0178637026871595,
            "glimepiride": 0.9661691993289666,
            "pioglitazone": 0.5734151270668618,
            "glyburide": 0.522333650202859,
            "number_outpatient": 0.17731116071203237,
            "glyburide-metformin": 0.0929639321599643,
            "medical_specialty": 0.08069570086977615,
            "glipizide": 0.07142187765828723,
            "tolazamide": 0.03796934659095451,
            "race": 0.03673680969441417,
            "nateglinide": 0.020699749710918293,
            "glipizide-metformin": -0.0,
            "metformin-pioglitazone": -0.0,
            "troglitazone": -0.0,
            "acarbose": -0.0,
            "repaglinide": 0.0,
            "metformin-rosiglitazone": -0.0,
            "glimepiride-pioglitazone": -0.0,
            "miglitol": -0.0,
            "tolbutamide": -0.0,
            "acetohexamide": -0.0,
            "chlorpropamide": -0.0,
            "admission_source_id": -0.5067636270208493,
            "num_medications": -0.8178057523232795,
            "gender": -1.1481761626897729,
            "diag_2": -1.2613555525788815,
            "number_emergency": -2.320707605219257,
            "rosiglitazone": -4.284948941446088,
            "insulin": -7.6544069791299965,
            "time_in_hospital": -7.86601970687187,
            "discharge_disposition_id": -8.040466338170637,
            "number_inpatient": -19.71184577712411
        }
    },
    "DecisionTree": {
        "SHAP": {
            "discharge_disposition_id": -38.14028127556098,
            "number_inpatient": -31.47913988351354,
            "diag_1": 13.453830224995627,
            "number_diagnoses": 8.486881727970665,
            "payer_code": 5.83931005874887,
            "num_medications": -1.6366009457736055,
            "medical_specialty": 0.7357248210833917,
            "admission_source_id": 0.2282310623533226,
            "gender": 0.0,
            "race": 0.0,
            "num_lab_procedures": 0.0,
            "time_in_hospital": 0.0,
            "admission_type_id": 0.0,
            "age": 0.0,
            "number_emergency": 0.0,
            "number_outpatient": 0.0,
            "diag_2": 0.0,
            "num_procedures": 0.0,
            "diag_3": 0.0,
            "metformin": 0.0,
            "repaglinide": 0.0,
            "nateglinide": 0.0,
            "chlorpropamide": 0.0,
            "glimepiride": 0.0,
            "acetohexamide": 0.0,
            "glipizide": 0.0,
            "glyburide": 0.0,
            "tolbutamide": 0.0,
            "pioglitazone": 0.0,
            "rosiglitazone": 0.0,
            "acarbose": 0.0,
            "miglitol": 0.0,
            "troglitazone": 0.0,
            "tolazamide": 0.0,
            "insulin": 0.0,
            "glyburide-metformin": 0.0,
            "glipizide-metformin": 0.0,
            "glimepiride-pioglitazone": 0.0,
            "metformin-rosiglitazone": 0.0,
            "metformin-pioglitazone": 0.0,
            "change": 0.0,
            "diabetesMed": 0.0
        },
        "Lime": {
            "race": 0.0,
            "gender": 0.0,
            "age": 0.0,
            "admission_type_id": 0.0,
            "discharge_disposition_id": -16.385077143689756,
            "admission_source_id": 0.0,
            "time_in_hospital": 0.0,
            "payer_code": 3.970767097307595,
            "medical_specialty": 0.0,
            "num_lab_procedures": 0.0,
            "num_procedures": 0.0,
            "num_medications": 0.0,
            "number_outpatient": -5.117576049184879,
            "number_emergency": -3.992294317264037,
            "number_inpatient": -29.27269390611623,
            "diag_1": 0.0,
            "diag_2": -4.15356801976975,
            "diag_3": 7.114729398768156,
            "number_diagnoses": 0.0,
            "metformin": -2.889729738744994,