{
    "LogisticRegression": {
        "SHAP": {
            "discharge_disposition_id": 33.13288666353683,
            "number_inpatient": 15.111414733206132,
            "number_emergency": 9.596731254966928,
            "number_diagnoses": -7.72882509125528,
            "metformin": -7.1507508437320375,
            "num_medications": 4.263834713095891,
            "diabetesMed": 4.117236007778246,
            "glyburide": -3.501903496669976,
            "change": 2.1814213725839307,
            "admission_source_id": 1.6610300456596832,
            "number_outpatient": -1.5335819483914048,
            "diag_1": -1.4749404083286541,
            "payer_code": -1.3743398475724733,
            "insulin": 1.1215316003480607,
            "num_lab_procedures": -1.0118188975309304,
            "glimepiride": 0.9089018540313814,
            "admission_type_id": -0.7724914268361821,
            "gender": -0.6628814253488589,
            "age": -0.6466236412700395,
            "num_procedures": 0.3086138937268032,
            "pioglitazone": 0.2934848026620203,
            "rosiglitazone": 0.28590577436910103,
            "time_in_hospital": 0.23685005721542368,
            "diag_2": 0.19559751763284858,
            "medical_specialty": -0.17302931781452272,
            "glyburide-metformin": 0.1281284616877286,
            "acarbose": 0.12287456770212958,
            "race": -0.06241105634609914,
            "glipizide": 0.0554550499753183,
            "glipizide-metformin": -0.05125925673136756,
            "chlorpropamide": -0.034130460238143166,
            "tolazamide": 0.017104179627423673,
            "tolbutamide": -0.015015896168694507,
            "troglitazone": -0.013418880165341198,
            "diag_3": -0.00917945370478855,
            "repaglinide": 0.008878628239107251,
            "miglitol": -0.008857277427824125,
            "metformin-rosiglitazone": -0.008713765153575912,
            "acetohexamide": -0.004928666080220052,
            "nateglinide": 0.004510433037242214,
            "glimepiride-pioglitazone": -0.004422792448653966,
            "metformin-pioglitazone": -0.004084539702695586
        },
        "Lime": {
            "race": -11.757078477961063,
            "gender": 0.0,
            "age": 0.0,
            "admission_type_id": 0.0,
            "discharge_disposition_id": 14.10277077898142,
            "admission_source_id": 0.0,
            "time_in_hospital": 0.0,
            "payer_code": 0.0,
            "medical_specialty": 0.0,
            "num_lab_procedures": 0.0,
            "num_procedures": 0.0,
            "num_medications": 4.1552292710196586,
            "number_outpatient": 0.0,
            "number_emergency": 11.337272128545242,
            "number_inpatient": 46.29152481881619,
            "diag_1": 0.0,
            "diag_2": 0.0,
            "diag_3": 0.0,
            "number_diagnoses": -12.356124524676426,
            "metformin": 0.0,
            "repaglinide": 0.0,
            "nateglinide": 0.0,
            "chlorpropamide": 0.0,
            "glimepiride": 0.0,
            "acetohexamide": 0.0,
            "glipizide": 0.0,
            "glyburide": 0.0,
            "tolbutamide": 0.0,
            "pioglitazone": 0.0,
            "rosiglitazone": 0.0,
            "acarbose": 0.0,
            "miglitol": 0.0,
            "troglitazone": 0.0,
            "tolazamide": 0.0,
            "insulin": 0.0,
            "glyburide-metformin": 0.0,
            "glipizide-metformin": 0.0,
            "glimepiride-pioglitazone": 0.0,
            "metformin-rosiglitazone": 0.0,
            "metformin-pioglitazone": 0.0,
            "change": 0.0,
            "diabetesMed": 0.0
        },
        "Inherent": {
            "discharge_disposition_id": 33.91941734984007,
            "number_inpatient": 14.023504402612355,
            "number_emergency": 9.996774473462143,
            "num_medications": 4.704881046780425,
            "diabetesMed": 3.411270143671146,
            "change": 2.327987951168432,
            "admission_source_id": 1.5647606194471184,
            "insulin": 1.3294851486762511,
            "time_in_hospital": 0.9554484398756274,
            "glimepiride": 0.6218945590465111,
            "pioglitazone": 0.36909037034664033,
            "num_procedures": 0.29986287621023794,
            "diag_2": 0.25783756234294253,
            "rosiglitazone": 0.23983434734495845,
            "glyburide-metformin": 0.05983813563711633,
            "glipizide": 0.04597215181711781,
            "tolazamide": 0.02443974623892554,
            "nateglinide": 0.01332381712000901,
            "glimepiride-pioglitazone": -0.0,
            "troglitazone": -0.0,
            "acarbose": -0.0,
            "miglitol": -0.0,
            "metformin-pioglitazone": -0.0,
            "repaglinide": 0.0,
            "acetohexamide": -0.0,
            "chlorpropamide": -0.0,
            "metformin-rosiglitazone": -0.0,
            "glipizide-metformin": -0.0,
            "tolbutamide": -0.0,
            "diag_3": -0.04180247256948012,
            "race": -0.06005766740712848,
            "medical_specialty": -0.18723286287275787,
            "age": -0.27119147889966033,
            "gender": -0.7390470622532749,
            "admission_type_id": -0.784762608277767,
            "num_lab_procedures": -1.0536084006528919,
            "number_outpatient": -1.564251720050529,
            "diag_1": -1.6078454096281711,
            "payer_code": -1.6343395431151722,
            "glyburide": -3.6192096592423493,
            "number_diagnoses": -6.625884894886711,
            "metformin": -7.645143078506078
        }
    },
    "DecisionTree": {
        "SHAP": {
            "discharge_disposition_id": 77.5338436461962,
            "medical_specialty": -9.649210344620235,
            "number_diagnoses": -2.566151671821405,
            "admission_source_id": -2.214226210643833,
            "diag_1": -1.7519639676160037,
            "num_lab_procedures": 1.6884978302612401,
            "num_medications": 1.6859883834094818,
            "payer_code": -1.180232466554615,
            "number_inpatient": 1.1577985632489585,
            "age": 0.4958622520570117,
            "number_emergency": -0.07622466357101441,
            "admission_type_id": 0.0,
            "race": 0.0,
            "gender": 0.0,
            "time_in_hospital": 0.0,
            "number_outpatient": 0.0,
            "diag_2": 0.0,
            "num_procedures": 0.0,
            "diag_3": 0.0,
            "metformin": 0.0,
            "repaglinide": 0.0,
            "nateglinide": 0.0,
            "chlorpropamide": 0.0,
            "glimepiride": 0.0,
            "acetohexamide": 0.0,
            "glipizide": 0.0,
            "glyburide": 0.0,
            "tolbutamide": 0.0,
            "pioglitazone": 0.0,
            "rosiglitazone": 0.0,
            "acarbose": 0.0,
            "miglitol": 0.0,
            "troglitazone": 0.0,
            "tolazamide": 0.0,
            "insulin": 0.0,
            "glyburide-metformin": 0.0,
            "glipizide-metformin": 0.0,
            "glimepiride-pioglitazone": 0.0,
            "metformin-rosiglitazone": 0.0,
            "metformin-pioglitazone": 0.0,
            "change": 0.0,
            "diabetesMed": 0.0
        },
        "Lime": {
            "race": 4.574948875883626,
            "gender": 0.0,
            "age": 4.494210771347891,
            "admission_type_id": 4.295150787697303,
            "discharge_disposition_id": 3.5551918412644055,
            "admission_source_id": 0.0,
            "time_in_hospital": 4.281243351816038,
            "payer_code": 0.0,
            "medical_specialty": -12.146907007083668,
            "num_lab_procedures": 0.0,
            "num_procedures": 0.0,
            "num_medications": 0.0,
            "number_outpatient": 0.0,
            "number_emergency": 3.989053644588756,
            "number_inpatient": 12.103697737676617,
            "diag_1": 5.580590794510484,