{
    "LogisticRegression": {
        "SHAP": {
            "diabetesMed": -19.148771144488908,
            "number_inpatient": -14.43530170010671,
            "num_procedures": -10.75080958001043,
            "age": -9.189176573217832,
            "time_in_hospital": -7.525268980899741,
            "discharge_disposition_id": -6.2703774230439375,
            "number_diagnoses": -6.062140604965789,
            "metformin": 2.8900988967988983,
            "payer_code": 2.8208980138151416,
            "change": -2.38130813819168,
            "admission_source_id": 2.2402392027982425,
            "diag_1": -2.1345824345495865,
            "diag_2": -2.114726408707611,
            "number_emergency": -2.0338139073256407,
            "num_medications": 1.9152273437118603,
            "insulin": 1.5126150576517297,
            "glimepiride": 1.2258402972406441,
            "admission_type_id": -1.0418628987151561,
            "gender": -0.8940313631012695,
            "diag_3": 0.6596697941992082,
            "num_lab_procedures": -0.6530952493140797,
            "glyburide": 0.4325278637280324,
            "pioglitazone": 0.39582436336234084,
            "rosiglitazone": 0.38560249149116,
            "glyburide-metformin": 0.17280747185586526,
            "acarbose": 0.1657215197957926,
            "number_outpatient": 0.11928175939686035,
            "medical_specialty": -0.09219845288506348,
            "glipizide": 0.07479249232876123,
            "glipizide-metformin": -0.06913360582246604,
            "chlorpropamide": -0.04603191569883282,
            "race": 0.024927205905599905,
            "tolazamide": 0.023068489238459056,
            "tolbutamide": -0.020252011304766893,
            "troglitazone": -0.018098108148374946,
            "repaglinide": 0.01197464856237451,
            "miglitol": -0.01194585262061958,
            "metformin-rosiglitazone": -0.011752296926853732,
            "acetohexamide": -0.0066473156215701,
            "nateglinide": 0.006083242707156053,
            "glimepiride-pioglitazone": -0.005965041424268525,
            "metformin-pioglitazone": -0.00550883832070024
        },
        "Lime": {
            "race": -40.948407539478886,
            "gender": 0.0,
            "age": 0.0,
            "admission_type_id": 0.0,
            "discharge_disposition_id": -14.195349881006031,
            "admission_source_id": 0.0,
            "time_in_hospital": -9.710021541451093,
            "payer_code": 0.0,
            "medical_specialty": 0.0,
            "num_lab_procedures": -8.035151537043413,
            "num_procedures": 0.0,
            "num_medications": 6.467046580713721,
            "number_outpatient": 0.0,
            "number_emergency": -20.64402292030686,
            "number_inpatient": 0.0,
            "diag_1": 0.0,
            "diag_2": 0.0,
            "diag_3": 0.0,
            "number_diagnoses": 0.0,
            "metformin": 0.0,
            "repaglinide": 0.0,
            "nateglinide": 0.0,
            "chlorpropamide": 0.0,
            "glimepiride": 0.0,
            "acetohexamide": 0.0,
            "glipizide": 0.0,
            "glyburide": 0.0,
            "tolbutamide": 0.0,
            "pioglitazone": 0.0,
            "rosiglitazone": 0.0,
            "acarbose": 0.0,
            "miglitol": 0.0,
            "troglitazone": 0.0,
            "tolazamide": 0.0,
            "insulin": 0.0,
            "glyburide-metformin": 0.0,
            "glipizide-metformin": 0.0,
            "glimepiride-pioglitazone": 0.0,
            "metformin-rosiglitazone": 0.0,
            "metformin-pioglitazone": 0.0,
            "change": 0.0,
            "diabetesMed": 0.0
        },
        "Inherent": {
            "metformin": 2.5866212600259186,
            "payer_code": 2.5611621445104187,
            "num_medications": 2.312262371153071,
            "admission_source_id": 2.053091951208369,
            "insulin": 1.7443915855721845,
            "glimepiride": 0.8159757459449662,
            "diag_3": 0.621668963824749,
            "pioglitazone": 0.4842762907050605,
            "glyburide": 0.4411355590226347,
            "rosiglitazone": 0.3146819788519654,
            "number_outpatient": 0.14974769090843934,
            "glyburide-metformin": 0.078512453039166,
            "glipizide": 0.06031916556591456,
            "tolazamide": 0.032066915328200316,
            "race": 0.03102597941939915,
            "nateglinide": 0.017481921099297727,
            "tolbutamide": -0.0,
            "metformin-pioglitazone": -0.0,
            "troglitazone": -0.0,
            "miglitol": -0.0,
            "glipizide-metformin": -0.0,
            "glimepiride-pioglitazone": -0.0,
            "metformin-rosiglitazone": -0.0,
            "repaglinide": 0.0,
            "acetohexamide": -0.0,
            "chlorpropamide": -0.0,
            "acarbose": -0.0,
            "medical_specialty": -0.1035592616443964,
            "num_lab_procedures": -0.6661397612123768,
            "gender": -0.9696892650663157,
            "admission_type_id": -1.029671743166476,
            "number_emergency": -1.9599477199274513,
            "diag_2": -2.0560357693797955,
            "diag_1": -2.2559118249707133,
            "change": -2.3042777213832424,
            "number_diagnoses": -4.302939751434476,
            "time_in_hospital": -6.643226985905167,
            "discharge_disposition_id": -6.790555445765468,
            "age": -8.72817943276803,
            "num_procedures": -10.847819846570438,
            "number_inpatient": -16.64758933850517,
            "diabetesMed": -20.390034156120727
        }
    },
    "DecisionTree": {
        "SHAP": {
            "discharge_disposition_id": -30.975303890678223,
            "number_inpatient": -30.075942869264576,
            "number_diagnoses": -20.346866097971944,
            "diag_1": -14.8315719828452,
            "payer_code": -1.3955059554764755,
            "admission_source_id": -1.272687095816762,
            "num_medications": 0.8676861042360182,
            "medical_specialty": -0.2344360037108164,
            "gender": 0.0,
            "race": 0.0,
            "num_lab_procedures": 0.0,
            "time_in_hospital": 0.0,
            "admission_type_id": 0.0,
            "age": 0.0,
            "number_emergency": 0.0,
            "number_outpatient": 0.0,
            "diag_2": 0.0,
            "num_procedures": 0.0,
            "diag_3": 0.0,
            "metformin": 0.0,
            "repaglinide": 0.0,
            "nateglinide": 0.0,
            "chlorpropamide": 0.0,
            "glimepiride": 0.0,
            "acetohexamide": 0.0,
            "glipizide": 0.0,
            "glyburide": 0.0,
            "tolbutamide": 0.0,
            "pioglitazone": 0.0,
            "rosiglitazone": 0.0,
            "acarbose": 0.0,
            "miglitol": 0.0,
            "troglitazone": 0.0,
            "tolazamide": 0.0,
            "insulin": 0.0,
            "glyburide-metformin": 0.0,
            "glipizide-metformin": 0.0,
            "glimepiride-pioglitazone": 0.0,
            "metformin-rosiglitazone": 0.0,
            "metformin-pioglitazone": 0.0,
            "change": 0.0,
            "diabetesMed": 0.0
        },
        "Lime": {
            "race": 0.0,
            "gender": 0.0,
            "age": 0.0,
            "admission_type_id": 0.0,
            "discharge_disposition_id": -12.633807861175653,
            "admission_source_id": 0.0,
            "time_in_hospital": 0.0,
            "payer_code": 0.0,
            "medical_specialty": 7.091506404590275,
            "num_lab_procedures": 0.0,
            "num_procedures": 0.0,
            "num_medications": 0.0,
            "number_outpatient": 0.0,
            "number_emergency": -4.235890163289126,
            "number_inpatient": -24.54515930448703,
            "diag_1": -7.324423937303624,
            "diag_2": -5.3445274702161685,
            "diag_3": -5.344527470216169,