{
    "LogisticRegression": {
        "SHAP": {
            "number_diagnoses": -23.184636303448382,
            "number_inpatient": -12.008100078281592,
            "metformin": -8.02263408250868,
            "age": -7.644076599201577,
            "time_in_hospital": -6.259944192088776,
            "discharge_disposition_id": -5.216054446853192,
            "diabetesMed": 4.619246096469295,
            "num_medications": -4.078850124529463,
            "glyburide": -3.9288867644811014,
            "diag_2": -3.200453463838398,
            "payer_code": 2.9020816029699166,
            "diag_1": 2.8070904921578417,
            "change": 2.447399697521963,
            "num_procedures": 2.204117663146341,
            "insulin": -2.1334909605449948,
            "admission_source_id": 1.8635576245900152,
            "number_emergency": -1.691841393213602,
            "glimepiride": 1.0197232641938683,
            "gender": 1.0174285340032385,
            "diag_3": 0.9691926845680767,
            "num_lab_procedures": -0.6990466359468624,
            "admission_type_id": 0.6945736431308113,
            "pioglitazone": 0.3292690840429023,
            "rosiglitazone": 0.32076595310968437,
            "glyburide-metformin": 0.1437510250516427,
            "acarbose": 0.13785652951182112,
            "number_outpatient": 0.09922531126179489,
            "race": -0.0700207682674991,
            "glipizide": 0.06221662363878644,
            "glipizide-metformin": -0.05750924190815538,
            "chlorpropamide": -0.03829194997029539,
            "medical_specialty": -0.027766424117081693,
            "tolazamide": 0.019189673564504062,
            "tolbutamide": -0.016846767984927763,
            "troglitazone": -0.015055029564892531,
            "repaglinide": 0.009961189681139881,
            "miglitol": -0.009937235588760985,
            "metformin-rosiglitazone": -0.009776225019688892,
            "acetohexamide": -0.005529612951224172,
            "nateglinide": 0.005060385210200805,
            "glimepiride-pioglitazone": -0.004962058700386034,
            "metformin-pioglitazone": -0.004582563166625896
        },
        "Lime": {
            "race": -42.31437716379991,
            "gender": 0.0,
            "age": 0.0,
            "admission_type_id": 0.0,
            "discharge_disposition_id": -15.375233725316939,
            "admission_source_id": 0.0,
            "time_in_hospital": 0.0,
            "payer_code": 0.0,
            "medical_specialty": 0.0,
            "num_lab_procedures": 0.0,
            "num_procedures": 0.0,
            "num_medications": 0.0,
            "number_outpatient": 0.0,
            "number_emergency": -20.38235010419853,
            "number_inpatient": 0.0,
            "diag_1": 0.0,
            "diag_2": 0.0,
            "diag_3": 0.0,
            "number_diagnoses": -21.928039006684628,
            "metformin": 0.0,
            "repaglinide": 0.0,
            "nateglinide": 0.0,
            "chlorpropamide": 0.0,
            "glimepiride": 0.0,
            "acetohexamide": 0.0,
            "glipizide": 0.0,
            "glyburide": 0.0,
            "tolbutamide": 0.0,
            "pioglitazone": 0.0,
            "rosiglitazone": 0.0,
            "acarbose": 0.0,
            "miglitol": 0.0,
            "troglitazone": 0.0,
            "tolazamide": 0.0,
            "insulin": 0.0,
            "glyburide-metformin": 0.0,
            "glipizide-metformin": 0.0,
            "glimepiride-pioglitazone": 0.0,
            "metformin-rosiglitazone": 0.0,
            "metformin-pioglitazone": 0.0,
            "change": 0.0,
            "diabetesMed": 0.0
        },
        "Inherent": {
            "diabetesMed": 3.8141599670539943,
            "diag_1": 2.8034239886345547,
            "payer_code": 2.7553671242579143,
            "change": 2.6029361713273533,
            "num_procedures": 2.2511545429547146,
            "admission_source_id": 1.749567481130325,
            "gender": 0.989783001408587,
            "diag_3": 0.9633307552639987,
            "admission_type_id": 0.7325478307949057,
            "glimepiride": 0.695343737359713,
            "pioglitazone": 0.4126819792953344,
            "rosiglitazone": 0.2681601068929733,
            "number_outpatient": 0.12760933100612545,
            "glyburide-metformin": 0.06690534957299417,
            "glipizide": 0.05140171656750586,
            "tolazamide": 0.027326215099795548,
            "nateglinide": 0.014897433427185674,
            "glimepiride-pioglitazone": -0.0,
            "metformin-pioglitazone": -0.0,
            "troglitazone": -0.0,
            "acarbose": -0.0,
            "glipizide-metformin": -0.0,
            "metformin-rosiglitazone": -0.0,
            "acetohexamide": -0.0,
            "chlorpropamide": -0.0,
            "repaglinide": 0.0,
            "miglitol": -0.0,
            "tolbutamide": -0.0,
            "medical_specialty": -0.03779229370601392,
            "race": -0.06715080925616536,
            "num_lab_procedures": -0.7282871129690132,
            "number_emergency": -1.6701934823145088,
            "insulin": -2.011153389621442,
            "diag_2": -3.238376962919435,
            "num_medications": -3.8786985512026777,
            "glyburide": -4.0466582865822,
            "time_in_hospital": -5.66110733494737,
            "discharge_disposition_id": -5.7866550885513375,
            "age": -7.437825128121436,
            "metformin": -8.548076653072272,
            "number_inpatient": -14.186447386693068,
            "number_diagnoses": -22.37498078799509
        }
    },
    "DecisionTree": {
        "SHAP": {
            "discharge_disposition_id": -36.3005402984978,
            "number_inpatient": -29.272006761104986,
            "number_diagnoses": -20.239199855831043,
            "diag_1": 8.02061620762809,
            "payer_code": 4.46168513364942,
            "num_medications": -0.7709280914048975,
            "admission_source_id": -0.6539482796515175,
            "medical_specialty": -0.28107537223224377,
            "gender": 0.0,
            "race": 0.0,
            "num_lab_procedures": 0.0,
            "time_in_hospital": 0.0,
            "admission_type_id": 0.0,
            "age": 0.0,
            "number_emergency": 0.0,
            "number_outpatient": 0.0,
            "diag_2": 0.0,
            "num_procedures": 0.0,
            "diag_3": 0.0,
            "metformin": 0.0,
            "repaglinide": 0.0,
            "nateglinide": 0.0,
            "chlorpropamide": 0.0,
            "glimepiride": 0.0,
            "acetohexamide": 0.0,
            "glipizide": 0.0,
            "glyburide": 0.0,
            "tolbutamide": 0.0,
            "pioglitazone": 0.0,
            "rosiglitazone": 0.0,
            "acarbose": 0.0,
            "miglitol": 0.0,
            "troglitazone": 0.0,
            "tolazamide": 0.0,
            "insulin": 0.0,
            "glyburide-metformin": 0.0,
            "glipizide-metformin": 0.0,
            "glimepiride-pioglitazone": 0.0,
            "metformin-rosiglitazone": 0.0,
            "metformin-pioglitazone": 0.0,
            "change": 0.0,
            "diabetesMed": 0.0
        },
        "Lime": {
            "race": 0.0,
            "gender": 0.0,
            "age": 0.0,
            "admission_type_id": 0.0,
            "discharge_disposition_id": -18.116216837057657,
            "admission_source_id": 0.0,
            "time_in_hospital": 0.0,
            "payer_code": 6.268111379294542,
            "medical_specialty": 0.0,
            "num_lab_procedures": 0.0,
            "num_procedures": 0.0,
            "num_medications": 0.0,
            "number_outpatient": 0.0,
            "number_emergency": 0.0,
            "number_inpatient": -31.07356982187488,
            "diag_1": 0.0,
            "diag_2": 0.0,
            "diag_3": -5.8679535049134115,
            "number_diagnoses": -6.2954311904265055,
            "metformin": -3.2929746604393912,