{
    "LogisticRegression": {
        "SHAP": {
            "number_diagnoses": -17.414319223814196,
            "number_inpatient": -17.00166526600546,
            "num_procedures": -7.401186825016949,
            "discharge_disposition_id": -7.385149285610212,
            "diabetesMed": 6.540158343243255,
            "age": -5.925007145847515,
            "admission_type_id": -4.542841108459298,
            "time_in_hospital": -4.243454036144602,
            "payer_code": 4.1089114569894445,
            "metformin": 3.403911816312319,
            "insulin": -3.020702602640639,
            "change": -2.8046662759012744,
            "admission_source_id": 2.6385175615329945,
            "number_emergency": -2.3953931815253697,
            "diag_2": 2.3755237852910396,
            "glimepiride": 1.4437749093330003,
            "gender": 1.4405259162098127,
            "diag_1": 1.360348372451735,
            "num_lab_procedures": 0.8627906044514411,
            "num_medications": 0.7499558366283923,
            "glyburide": 0.5094243341841669,
            "pioglitazone": 0.4661955440783401,
            "rosiglitazone": 0.4541563884336383,
            "diag_3": -0.3776384774147721,
            "glyburide-metformin": 0.20352985015452515,
            "acarbose": 0.19518413022991657,
            "race": -0.16338775919400567,
            "number_outpatient": 0.14048813026129062,
            "glipizide": 0.0880893898445143,
            "glipizide-metformin": -0.08142444468734901,
            "medical_specialty": 0.06460206342487422,
            "chlorpropamide": -0.054215647066022325,
            "tolazamide": 0.027169694154839236,
            "tolbutamide": -0.023852491920169562,
            "troglitazone": -0.02131565956008818,
            "repaglinide": 0.014103547730771708,
            "miglitol": -0.014069632335520003,
            "metformin-rosiglitazone": -0.01384166556460644,
            "acetohexamide": -0.007829101009685752,
            "nateglinide": 0.007164745038766427,
            "glimepiride-pioglitazone": -0.007025529476292153,
            "metformin-pioglitazone": -0.006488220826891118
        },
        "Lime": {
            "race": -24.922434226110703,
            "gender": 0.0,
            "age": 0.0,
            "admission_type_id": 0.0,
            "discharge_disposition_id": -20.289812857117926,
            "admission_source_id": 0.0,
            "time_in_hospital": 0.0,
            "payer_code": 0.0,
            "medical_specialty": 0.0,
            "num_lab_procedures": 0.0,
            "num_procedures": -11.378989305292004,
            "num_medications": 0.0,
            "number_outpatient": 0.0,
            "number_emergency": -18.107689883327765,
            "number_inpatient": 0.0,
            "diag_1": 0.0,
            "diag_2": 0.0,
            "diag_3": 0.0,
            "number_diagnoses": -25.3010737281516,
            "metformin": 0.0,
            "repaglinide": 0.0,
            "nateglinide": 0.0,
            "chlorpropamide": 0.0,
            "glimepiride": 0.0,
            "acetohexamide": 0.0,
            "glipizide": 0.0,
            "glyburide": 0.0,
            "tolbutamide": 0.0,
            "pioglitazone": 0.0,
            "rosiglitazone": 0.0,
            "acarbose": 0.0,
            "miglitol": 0.0,
            "troglitazone": 0.0,
            "tolazamide": 0.0,
            "insulin": 0.0,
            "glyburide-metformin": 0.0,
            "glipizide-metformin": 0.0,
            "glimepiride-pioglitazone": 0.0,
            "metformin-rosiglitazone": 0.0,
            "metformin-pioglitazone": 0.0,
            "change": 0.0,
            "diabetesMed": 0.0
        },
        "Inherent": {
            "diabetesMed": 5.461080555686753,
            "payer_code": 3.94511031420786,
            "metformin": 3.155984195000814,
            "diag_2": 2.566027254724369,
            "admission_source_id": 2.505015267999486,
            "gender": 1.4171625600477054,
            "diag_1": 1.2878871669971794,
            "num_medications": 1.2509738293944728,
            "glimepiride": 0.9955870221527943,
            "num_lab_procedures": 0.8891246246297073,
            "pioglitazone": 0.5908744133122434,
            "glyburide": 0.5382376127668312,
            "rosiglitazone": 0.38394927276613805,
            "number_outpatient": 0.18270991313980234,
            "glyburide-metformin": 0.0957944886372227,
            "glipizide": 0.07359652382187415,
            "medical_specialty": 0.05425516013845727,
            "tolazamide": 0.039125433445643086,
            "nateglinide": 0.021330013612848,
            "troglitazone": -0.0,
            "glimepiride-pioglitazone": -0.0,
            "glipizide-metformin": -0.0,
            "metformin-pioglitazone": -0.0,
            "miglitol": -0.0,
            "chlorpropamide": -0.0,
            "repaglinide": 0.0,
            "metformin-rosiglitazone": -0.0,
            "acetohexamide": -0.0,
            "tolbutamide": -0.0,
            "acarbose": -0.0,
            "race": -0.16314658766036003,
            "diag_3": -0.445528116232995,
            "number_emergency": -2.3913682774945326,
            "change": -2.8114916481839836,
            "insulin": -2.879551661554547,
            "time_in_hospital": -3.2879760944287786,
            "admission_type_id": -4.714086873139378,
            "age": -5.541780517329385,
            "num_procedures": -7.749355337089142,
            "discharge_disposition_id": -8.285281650355637,
            "number_diagnoses": -15.964577534832944,
            "number_inpatient": -20.31203007921612
        }
    },
    "DecisionTree": {
        "SHAP": {
            "discharge_disposition_id": -36.73080137747512,
            "number_inpatient": -28.94656019543887,
            "number_diagnoses": -20.014180159072076,
            "diag_1": 7.931442888538573,
            "payer_code": 4.412080058203785,
            "num_medications": -0.7623569024949307,
            "admission_source_id": -0.646677673865151,
            "medical_specialty": 0.5559007449114775,
            "gender": 0.0,
            "race": 0.0,
            "num_lab_procedures": 0.0,
            "time_in_hospital": 0.0,
            "admission_type_id": 0.0,
            "age": 0.0,
            "number_emergency": 0.0,
            "number_outpatient": 0.0,
            "diag_2": 0.0,
            "num_procedures": 0.0,
            "diag_3": 0.0,
            "metformin": 0.0,
            "repaglinide": 0.0,
            "nateglinide": 0.0,
            "chlorpropamide": 0.0,
            "glimepiride": 0.0,
            "acetohexamide": 0.0,
            "glipizide": 0.0,
            "glyburide": 0.0,
            "tolbutamide": 0.0,
            "pioglitazone": 0.0,
            "rosiglitazone": 0.0,
            "acarbose": 0.0,
            "miglitol": 0.0,
            "troglitazone": 0.0,
            "tolazamide": 0.0,
            "insulin": 0.0,
            "glyburide-metformin": 0.0,
            "glipizide-metformin": 0.0,
            "glimepiride-pioglitazone": 0.0,
            "metformin-rosiglitazone": 0.0,
            "metformin-pioglitazone": 0.0,
            "change": 0.0,
            "diabetesMed": 0.0
        },
        "Lime": {
            "race": -4.402688444607358,
            "gender": 0.0,
            "age": 0.0,
            "admission_type_id": 0.0,
            "discharge_disposition_id": -16.53502776162715,
            "admission_source_id": 0.0,
            "time_in_hospital": 0.0,
            "payer_code": 0.0,
            "medical_specialty": 4.9316918756571875,
            "num_lab_procedures": 0.0,
            "num_procedures": 0.0,
            "num_medications": 0.0,
            "number_outpatient": 0.0,
            "number_emergency": -2.893919455544532,
            "number_inpatient": -36.672983751643216,
            "diag_1": 0.0,
            "diag_2": -5.058204258579224,
            "diag_3": -4.435339520718405,
            "number_diagnoses": -6.652139671051276,