{
    "LogisticRegression": {
        "SHAP": {
            "number_inpatient": 43.74742309642131,
            "num_medications": 5.571071865917644,
            "pioglitazone": -5.133254748071629,
            "discharge_disposition_id": -4.969707925914294,
            "time_in_hospital": 4.91628537877231,
            "number_diagnoses": -4.804665840653695,
            "diabetesMed": 4.401085949404054,
            "age": -3.987130636775507,
            "payer_code": 2.7650205899653986,
            "change": 2.3318126370388854,
            "metformin": 2.290603328168592,
            "insulin": -2.0327293444729224,
            "diag_2": -1.9685901639444554,
            "admission_source_id": 1.77554455991354,
            "number_emergency": -1.6119382316486326,
            "diag_1": -1.5766255553580453,
            "glimepiride": 0.971563245732756,
            "gender": 0.9693768922480664,
            "admission_type_id": -0.8257484288636688,
            "num_lab_procedures": 0.8180535973990991,
            "diag_3": 0.6152766896347884,
            "glyburide": 0.3428082565888822,
            "num_procedures": 0.329890312070025,
            "glipizide": -0.30604057603104123,
            "rosiglitazone": 0.30561665254364206,
            "glyburide-metformin": 0.1369618771883115,
            "acarbose": 0.13134576993674885,
            "number_outpatient": 0.09453904687029313,
            "medical_specialty": 0.06212027464689996,
            "glipizide-metformin": -0.054793165645865866,
            "chlorpropamide": -0.03648347792475539,
            "race": 0.019756535277236913,
            "tolazamide": 0.01828337372259565,
            "tolbutamide": -0.016051120101180014,
            "troglitazone": -0.014344002831231613,
            "repaglinide": 0.00949073745573382,
            "miglitol": -0.00946791467963621,
            "metformin-rosiglitazone": -0.00931450840111159,
            "acetohexamide": -0.005268457526841178,
            "nateglinide": 0.004821390716595453,
            "glimepiride-pioglitazone": -0.004727708022111933,
            "metformin-pioglitazone": -0.004366135499970291
        },
        "Lime": {
            "race": 0.0,
            "gender": 0.0,
            "age": 0.0,
            "admission_type_id": 0.0,
            "discharge_disposition_id": -13.026889273991433,
            "admission_source_id": 0.0,
            "time_in_hospital": 9.607945077116055,
            "payer_code": 0.0,
            "medical_specialty": 0.0,
            "num_lab_procedures": 0.0,
            "num_procedures": 0.0,
            "num_medications": 6.599438699310599,
            "number_outpatient": 0.0,
            "number_emergency": -13.668548366851013,
            "number_inpatient": 57.09717858273089,
            "diag_1": 0.0,
            "diag_2": 0.0,
            "diag_3": 0.0,
            "number_diagnoses": 0.0,
            "metformin": 0.0,
            "repaglinide": 0.0,
            "nateglinide": 0.0,
            "chlorpropamide": 0.0,
            "glimepiride": 0.0,
            "acetohexamide": 0.0,
            "glipizide": 0.0,
            "glyburide": 0.0,
            "tolbutamide": 0.0,
            "pioglitazone": 0.0,
            "rosiglitazone": 0.0,
            "acarbose": 0.0,
            "miglitol": 0.0,
            "troglitazone": 0.0,
            "tolazamide": 0.0,
            "insulin": 0.0,
            "glyburide-metformin": 0.0,
            "glipizide-metformin": 0.0,
            "glimepiride-pioglitazone": 0.0,
            "metformin-rosiglitazone": 0.0,
            "metformin-pioglitazone": 0.0,
            "change": 0.0,
            "diabetesMed": 0.0
        },
        "Inherent": {
            "number_inpatient": 44.12755370815828,
            "num_medications": 6.159283474204613,
            "time_in_hospital": 5.92489560041188,
            "diabetesMed": 3.695378008468527,
            "payer_code": 2.6695584779325343,
            "change": 2.521874585244474,
            "metformin": 2.135576369979703,
            "admission_source_id": 1.6950818135439665,
            "gender": 0.9589588187582925,
            "num_lab_procedures": 0.8506496020514321,
            "glimepiride": 0.6736890894877938,
            "diag_3": 0.6102029775787222,
            "glyburide": 0.36421206705657605,
            "num_procedures": 0.3248369761507395,
            "rosiglitazone": 0.2598089671960618,
            "number_outpatient": 0.12363527475216182,
            "glyburide-metformin": 0.0648217588136208,
            "medical_specialty": 0.056267383893314094,
            "tolazamide": 0.026475212158566394,
            "race": 0.025615790578819214,
            "nateglinide": 0.014433492130632114,
            "acarbose": -0.0,
            "metformin-pioglitazone": -0.0,
            "troglitazone": -0.0,
            "acetohexamide": -0.0,
            "chlorpropamide": -0.0,
            "glimepiride-pioglitazone": -0.0,
            "repaglinide": 0.0,
            "miglitol": -0.0,
            "glipizide-metformin": -0.0,
            "metformin-rosiglitazone": -0.0,
            "tolbutamide": -0.0,
            "glipizide": -0.3332832512741939,
            "admission_type_id": -0.8501216152225168,
            "number_emergency": -1.618179708702588,
            "diag_1": -1.7417549233913143,
            "insulin": -1.9485213184187364,
            "diag_2": -2.004260833546839,
            "number_diagnoses": -3.5526099613507873,
            "age": -3.7499856745700453,
            "pioglitazone": -5.3120282963461065,
            "discharge_disposition_id": -5.606444968626141
        }
    },
    "DecisionTree": {
        "SHAP": {
            "number_inpatient": 71.37584777508394,
            "discharge_disposition_id": -14.288606021605062,
            "number_diagnoses": -5.635363033009206,
            "diag_1": -4.3484458237199775,
            "payer_code": 2.1179930059673047,
            "admission_source_id": -1.1589524197153551,
            "num_medications": 0.7901446579941654,
            "medical_specialty": 0.28464726290498177,
            "gender": 0.0,
            "race": 0.0,
            "num_lab_procedures": 0.0,
            "time_in_hospital": 0.0,
            "admission_type_id": 0.0,
            "age": 0.0,
            "number_emergency": 0.0,
            "number_outpatient": 0.0,
            "diag_2": 0.0,
            "num_procedures": 0.0,
            "diag_3": 0.0,
            "metformin": 0.0,
            "repaglinide": 0.0,
            "nateglinide": 0.0,
            "chlorpropamide": 0.0,
            "glimepiride": 0.0,
            "acetohexamide": 0.0,
            "glipizide": 0.0,
            "glyburide": 0.0,
            "tolbutamide": 0.0,
            "pioglitazone": 0.0,
            "rosiglitazone": 0.0,
            "acarbose": 0.0,
            "miglitol": 0.0,
            "troglitazone": 0.0,
            "tolazamide": 0.0,
            "insulin": 0.0,
            "glyburide-metformin": 0.0,
            "glipizide-metformin": 0.0,
            "glimepiride-pioglitazone": 0.0,
            "metformin-rosiglitazone": 0.0,
            "metformin-pioglitazone": 0.0,
            "change": 0.0,
            "diabetesMed": 0.0
        },
        "Lime": {
            "race": 0.0,
            "gender": 2.2810730719368464,
            "age": 2.435311114506103,
            "admission_type_id": 2.3639837351892523,
            "discharge_disposition_id": -14.146969467661355,
            "admission_source_id": 0.0,
            "time_in_hospital": 0.0,
            "payer_code": 2.511606564355117,
            "medical_specialty": 0.0,
            "num_lab_procedures": 0.0,
            "num_procedures": 0.0,
            "num_medications": 2.4350017731592977,
            "number_outpatient": 0.0,
            "number_emergency": 0.0,
            "number_inpatient": 42.50405230778654,
            "diag_1": -7.256038703875406,
            "diag_2": -2.3507434515117622,
            "diag_3": 8.054545974755932,