{
    "LogisticRegression": {
        "SHAP": {
            "number_inpatient": -21.506015480346722,
            "age": 11.091669229271488,
            "number_diagnoses": 10.463233577292307,
            "time_in_hospital": 9.241319608756001,
            "diabetesMed": 8.272880589817337,
            "num_medications": 6.027845721569915,
            "metformin": 4.305730001738074,
            "insulin": -3.8209949388784983,
            "change": -3.5477228496753437,
            "number_emergency": -3.0300186503733655,
            "payer_code": -2.7615005375730712,
            "num_procedures": -2.707270945943097,
            "diag_2": 2.16481146358968,
            "discharge_disposition_id": -2.1115874365869334,
            "glimepiride": 1.8262826061124333,
            "gender": -1.3319466911196773,
            "admission_type_id": 1.2439529504279134,
            "glyburide": 0.6443890904578462,
            "pioglitazone": 0.589707445179754,
            "rosiglitazone": 0.5744786859015113,
            "diag_1": 0.5004491952139591,
            "admission_source_id": -0.3343996455838785,
            "num_lab_procedures": 0.3102618642596826,
            "diag_3": 0.2918553916954553,
            "glyburide-metformin": 0.25745219892593907,
            "acarbose": 0.2468953988075328,
            "number_outpatient": 0.17770846896070824,
            "medical_specialty": 0.11676972916878597,
            "glipizide": 0.11142742502043877,
            "glipizide-metformin": -0.10299669711919858,
            "chlorpropamide": -0.06857931425165821,
            "race": 0.03713707459842415,
            "tolazamide": 0.03436791949189707,
            "tolbutamide": -0.0301718715463532,
            "troglitazone": -0.02696294141195979,
            "repaglinide": 0.017840082784846414,
            "miglitol": -0.017797181986372063,
            "metformin-rosiglitazone": -0.017508818650924296,
            "acetohexamide": -0.00990331034502593,
            "nateglinide": 0.009062942676829352,
            "glimepiride-pioglitazone": -0.008886843924452237,
            "metformin-pioglitazone": -0.008207182964719804
        },
        "Lime": {
            "race": 0.0,
            "gender": 0.0,
            "age": 0.0,
            "admission_type_id": 0.0,
            "discharge_disposition_id": -18.362675030773875,
            "admission_source_id": 0.0,
            "time_in_hospital": 23.7940573560683,
            "payer_code": 0.0,
            "medical_specialty": 0.0,
            "num_lab_procedures": 0.0,
            "num_procedures": -14.410528187104099,
            "num_medications": 15.217738892973747,
            "number_outpatient": 0.0,
            "number_emergency": -28.21500053307998,
            "number_inpatient": 0.0,
            "diag_1": 0.0,
            "diag_2": 0.0,
            "diag_3": 0.0,
            "number_diagnoses": 0.0,
            "metformin": 0.0,
            "repaglinide": 0.0,
            "nateglinide": 0.0,
            "chlorpropamide": 0.0,
            "glimepiride": 0.0,
            "acetohexamide": 0.0,
            "glipizide": 0.0,
            "glyburide": 0.0,
            "tolbutamide": 0.0,
            "pioglitazone": 0.0,
            "rosiglitazone": 0.0,
            "acarbose": 0.0,
            "miglitol": 0.0,
            "troglitazone": 0.0,
            "tolazamide": 0.0,
            "insulin": 0.0,
            "glyburide-metformin": 0.0,
            "glipizide-metformin": 0.0,
            "glimepiride-pioglitazone": 0.0,
            "metformin-rosiglitazone": 0.0,
            "metformin-pioglitazone": 0.0,
            "change": 0.0,
            "diabetesMed": 0.0
        },
        "Inherent": {
            "number_diagnoses": 12.381953207102928,
            "age": 11.191414580254659,
            "time_in_hospital": 10.01836932297423,
            "diabetesMed": 6.248491817182579,
            "num_medications": 6.222465444405807,
            "metformin": 3.611032874635969,
            "diag_2": 2.1435858617775505,
            "admission_type_id": 1.2000857766729371,
            "glimepiride": 1.139136714388312,
            "pioglitazone": 0.6760702207037516,
            "glyburide": 0.6158439313939945,
            "rosiglitazone": 0.43930937561325134,
            "diag_1": 0.32249120609562276,
            "num_lab_procedures": 0.28051404838036675,
            "diag_3": 0.21612997893930308,
            "number_outpatient": 0.20905412134661797,
            "glyburide-metformin": 0.10960671103039658,
            "medical_specialty": 0.09514217138975495,
            "glipizide": 0.0842081108646516,
            "tolazamide": 0.04476677247953151,
            "race": 0.04331358184619062,
            "nateglinide": 0.024405502566975622,
            "troglitazone": -0.0,
            "miglitol": -0.0,
            "glimepiride-pioglitazone": -0.0,
            "acetohexamide": -0.0,
            "metformin-pioglitazone": -0.0,
            "metformin-rosiglitazone": -0.0,
            "glipizide-metformin": -0.0,
            "acarbose": -0.0,
            "repaglinide": 0.0,
            "chlorpropamide": -0.0,
            "tolbutamide": -0.0,
            "admission_source_id": -0.5974864997321045,
            "gender": -1.3537272999530559,
            "num_procedures": -2.589391359019572,
            "discharge_disposition_id": -2.659828932789033,
            "number_emergency": -2.736170060380205,
            "payer_code": -2.9936524612685567,
            "change": -3.2168693317408104,
            "insulin": -3.2947426449590993,
            "number_inpatient": -23.240740078112193
        }
    },
    "DecisionTree": {
        "SHAP": {
            "discharge_disposition_id": 56.24494272541526,
            "number_inpatient": -22.974451531648267,
            "payer_code": -13.9051976691594,
            "diag_1": -2.7124395305372953,
            "number_diagnoses": 1.988084397992088,
            "num_medications": 1.225031950193032,
            "medical_specialty": 0.7249603931777147,
            "admission_source_id": 0.22489180187693866,
            "gender": 0.0,
            "race": 0.0,
            "num_lab_procedures": 0.0,
            "time_in_hospital": 0.0,
            "admission_type_id": 0.0,
            "age": 0.0,
            "number_emergency": 0.0,
            "number_outpatient": 0.0,
            "diag_2": 0.0,
            "num_procedures": 0.0,
            "diag_3": 0.0,
            "metformin": 0.0,
            "repaglinide": 0.0,
            "nateglinide": 0.0,
            "chlorpropamide": 0.0,
            "glimepiride": 0.0,
            "acetohexamide": 0.0,
            "glipizide": 0.0,
            "glyburide": 0.0,
            "tolbutamide": 0.0,
            "pioglitazone": 0.0,
            "rosiglitazone": 0.0,
            "acarbose": 0.0,
            "miglitol": 0.0,
            "troglitazone": 0.0,
            "tolazamide": 0.0,
            "insulin": 0.0,
            "glyburide-metformin": 0.0,
            "glipizide-metformin": 0.0,
            "glimepiride-pioglitazone": 0.0,
            "metformin-rosiglitazone": 0.0,
            "metformin-pioglitazone": 0.0,
            "change": 0.0,
            "diabetesMed": 0.0
        },
        "Lime": {
            "race": 0.0,
            "gender": 0.0,
            "age": 0.0,
            "admission_type_id": -1.956984352848556,
            "discharge_disposition_id": 23.92265242965993,
            "admission_source_id": 2.2662846748684333,
            "time_in_hospital": 0.0,
            "payer_code": 0.0,
            "medical_specialty": 0.0,
            "num_lab_procedures": 0.0,
            "num_procedures": 0.0,
            "num_medications": 0.0,
            "number_outpatient": 0.0,
            "number_emergency": -3.9076624257338723,
            "number_inpatient": -31.356623249426384,
            "diag_1": -2.989056711530669,
            "diag_2": 0.0,
            "diag_3": 0.0,
            "number_diagnoses": 5.416499666934748,