{
    "LogisticRegression": {
        "SHAP": {
            "number_diagnoses": -15.547411831196237,
            "number_inpatient": -15.178996566529907,
            "age": -14.03537582764616,
            "time_in_hospital": -7.912964647108608,
            "discharge_disposition_id": -6.5934221086994675,
            "diabetesMed": 5.83901867749073,
            "glyburide": -4.966360899690109,
            "num_medications": -3.8115823661994326,
            "metformin": 3.038994414028635,
            "num_procedures": 2.7861438714719613,
            "payer_code": -2.651259602804297,
            "change": -2.5039911741639624,
            "admission_source_id": 2.3556544832886206,
            "number_emergency": -2.1385943264371443,
            "diag_2": -1.652310332040994,
            "insulin": 1.5905437408632281,
            "diag_1": -1.3832607791762719,
            "glimepiride": 1.2889945807500642,
            "admission_type_id": -1.0955388180265984,
            "gender": -0.9400911233316243,
            "diag_3": 0.5710096010228094,
            "pioglitazone": 0.41621690888396484,
            "rosiglitazone": 0.4054684145843954,
            "num_lab_procedures": -0.3323277605867829,
            "glyburide-metformin": 0.1817103706222851,
            "acarbose": 0.17425935614230073,
            "number_outpatient": 0.1254270574976071,
            "race": 0.08357248830574568,
            "glipizide": 0.07864573999531226,
            "glipizide-metformin": -0.07269531231226617,
            "medical_specialty": -0.07220846997870098,
            "chlorpropamide": -0.04840344212121402,
            "tolazamide": 0.024256958823591034,
            "tolbutamide": -0.021295378264114085,
            "troglitazone": -0.01903050778930651,
            "repaglinide": 0.012591572603733064,
            "miglitol": -0.012561293118751822,
            "metformin-rosiglitazone": -0.012357765594898101,
            "acetohexamide": -0.006989779853074169,
            "nateglinide": 0.006396646366220892,
            "glimepiride-pioglitazone": -0.0062723554504933755,
            "metformin-pioglitazone": -0.0057926491383868475
        },
        "Lime": {
            "race": -30.820932863888,
            "gender": 0.0,
            "age": 0.0,
            "admission_type_id": 0.0,
            "discharge_disposition_id": -11.880430163276149,
            "admission_source_id": 0.0,
            "time_in_hospital": -8.750113642051096,
            "payer_code": 0.0,
            "medical_specialty": 0.0,
            "num_lab_procedures": 0.0,
            "num_procedures": 0.0,
            "num_medications": 0.0,
            "number_outpatient": 0.0,
            "number_emergency": -21.1035284897469,
            "number_inpatient": 0.0,
            "diag_1": 0.0,
            "diag_2": 0.0,
            "diag_3": 0.0,
            "number_diagnoses": -27.444994841037868,
            "metformin": 0.0,
            "repaglinide": 0.0,
            "nateglinide": 0.0,
            "chlorpropamide": 0.0,
            "glimepiride": 0.0,
            "acetohexamide": 0.0,
            "glipizide": 0.0,
            "glyburide": 0.0,
            "tolbutamide": 0.0,
            "pioglitazone": 0.0,
            "rosiglitazone": 0.0,
            "acarbose": 0.0,
            "miglitol": 0.0,
            "troglitazone": 0.0,
            "tolazamide": 0.0,
            "insulin": 0.0,
            "glyburide-metformin": 0.0,
            "glipizide-metformin": 0.0,
            "glimepiride-pioglitazone": 0.0,
            "metformin-rosiglitazone": 0.0,
            "metformin-pioglitazone": 0.0,
            "change": 0.0,
            "diabetesMed": 0.0
        },
        "Inherent": {
            "diabetesMed": 4.835331310135942,
            "num_procedures": 2.853859864171136,
            "metformin": 2.7943607564057573,
            "admission_source_id": 2.217982070437209,
            "insulin": 1.8844890304808224,
            "glimepiride": 0.8815092637971592,
            "diag_3": 0.5447553117181406,
            "pioglitazone": 0.5231700067254559,
            "rosiglitazone": 0.33995505489784283,
            "number_outpatient": 0.16177438780996067,
            "race": 0.09284125977543557,
            "glyburide-metformin": 0.08481802923849666,
            "glipizide": 0.06516358298038738,
            "tolazamide": 0.03464230776917504,
            "nateglinide": 0.018885947866202058,
            "metformin-rosiglitazone": -0.0,
            "miglitol": -0.0,
            "tolbutamide": -0.0,
            "glimepiride-pioglitazone": -0.0,
            "troglitazone": -0.0,
            "acarbose": -0.0,
            "glipizide-metformin": -0.0,
            "metformin-pioglitazone": -0.0,
            "repaglinide": 0.0,
            "acetohexamide": -0.0,
            "chlorpropamide": -0.0,
            "medical_specialty": -0.08629004912365182,
            "num_lab_procedures": -0.35309985212785355,
            "gender": -1.0475679876620596,
            "admission_type_id": -1.1123678427724193,
            "diag_1": -1.5463308829519176,
            "diag_2": -1.6302497429956073,
            "number_emergency": -2.1173571399151547,
            "change": -2.489341341155176,
            "payer_code": -3.0428164260868895,
            "num_medications": -3.526814632448569,
            "glyburide": -5.130076788479643,
            "time_in_hospital": -7.176764945140475,
            "discharge_disposition_id": -7.335925806027857,
            "age": -13.951548256158883,
            "number_diagnoses": -14.135301763107416,
            "number_inpatient": -17.984608359637306
        }
    },
    "DecisionTree": {
        "SHAP": {
            "discharge_disposition_id": -39.648119882510706,
            "number_inpatient": -39.09755137890709,
            "number_diagnoses": -14.71986176369244,
            "diag_1": 2.232193110694004,
            "payer_code": -2.1302436993657325,
            "num_medications": -0.9815512519822409,
            "admission_source_id": -0.8326117050084989,
            "medical_specialty": -0.35786720783927656,
            "gender": 0.0,
            "race": 0.0,
            "num_lab_procedures": 0.0,
            "time_in_hospital": 0.0,
            "admission_type_id": 0.0,
            "age": 0.0,
            "number_emergency": 0.0,
            "number_outpatient": 0.0,
            "diag_2": 0.0,
            "num_procedures": 0.0,
            "diag_3": 0.0,
            "metformin": 0.0,
            "repaglinide": 0.0,
            "nateglinide": 0.0,
            "chlorpropamide": 0.0,
            "glimepiride": 0.0,
            "acetohexamide": 0.0,
            "glipizide": 0.0,
            "glyburide": 0.0,
            "tolbutamide": 0.0,
            "pioglitazone": 0.0,
            "rosiglitazone": 0.0,
            "acarbose": 0.0,
            "miglitol": 0.0,
            "troglitazone": 0.0,
            "tolazamide": 0.0,
            "insulin": 0.0,
            "glyburide-metformin": 0.0,
            "glipizide-metformin": 0.0,
            "glimepiride-pioglitazone": 0.0,
            "metformin-rosiglitazone": 0.0,
            "metformin-pioglitazone": 0.0,
            "change": 0.0,
            "diabetesMed": 0.0
        },
        "Lime": {
            "race": -2.9199703867094366,
            "gender": 0.0,
            "age": -3.03854867848068,
            "admission_type_id": 0.0,
            "discharge_disposition_id": -15.938627029958768,
            "admission_source_id": 0.0,
            "time_in_hospital": 0.0,
            "payer_code": 0.0,
            "medical_specialty": 6.839394979221418,
            "num_lab_procedures": -2.8458393479073885,
            "num_procedures": 0.0,
            "num_medications": 0.0,
            "number_outpatient": 0.0,
            "number_emergency": 0.0,
            "number_inpatient": -31.78687819106595,
            "diag_1": 0.0,
            "diag_2": 0.0,
            "diag_3": -3.5514339342884984,