{
    "LogisticRegression": {
        "SHAP": {
            "number_inpatient": -20.735347178541225,
            "metformin": -13.85332416475169,
            "discharge_disposition_id": -9.006978552193447,
            "time_in_hospital": -7.992446023644541,
            "diabetesMed": 7.976421822686784,
            "glyburide": -6.7843231281887695,
            "change": 4.226120875238149,
            "num_medications": -3.9825352738783786,
            "number_diagnoses": 3.8229022361069322,
            "num_procedures": 3.8060263213791163,
            "number_emergency": -2.9214378986364298,
            "insulin": 2.1727705467815692,
            "glimepiride": 1.7608377487907323,
            "diag_1": 1.2985269959712884,
            "gender": -1.284216366760955,
            "age": -1.252719764800359,
            "glipizide": -1.2167555111046382,
            "admission_type_id": 1.1993758827368621,
            "payer_code": 1.1743571826531078,
            "diag_3": -0.6560349509534443,
            "pioglitazone": 0.5685752723812152,
            "rosiglitazone": 0.5538922358595794,
            "admission_source_id": -0.32241643059819247,
            "glyburide-metformin": 0.2482263965394551,
            "acarbose": 0.23804789946966268,
            "number_outpatient": 0.17134028401656742,
            "num_lab_procedures": -0.13121162570968395,
            "race": -0.12091046295997808,
            "medical_specialty": 0.11258528463683473,
            "glipizide-metformin": -0.09930580934256857,
            "diag_2": 0.06967471557438279,
            "chlorpropamide": -0.06612177376947964,
            "tolazamide": 0.03313634471805703,
            "tolbutamide": -0.029090662196896027,
            "troglitazone": -0.025996724109241604,
            "repaglinide": 0.017200783221594847,
            "miglitol": -0.017159419773706733,
            "metformin-rosiglitazone": -0.016881389941563456,
            "acetohexamide": -0.00954842510964476,
            "nateglinide": 0.008738172026101632,
            "glimepiride-pioglitazone": -0.00856838377445714,
            "metformin-pioglitazone": -0.007913078472708826
        },
        "Lime": {
            "race": -31.78997509085481,
            "gender": 0.0,
            "age": 0.0,
            "admission_type_id": 0.0,
            "discharge_disposition_id": -14.214236364443414,
            "admission_source_id": 0.0,
            "time_in_hospital": 0.0,
            "payer_code": 0.0,
            "medical_specialty": 0.0,
            "num_lab_procedures": 0.0,
            "num_procedures": 0.0,
            "num_medications": -10.332788763977279,
            "number_outpatient": 0.0,
            "number_emergency": -26.77028215548034,
            "number_inpatient": 0.0,
            "diag_1": 0.0,
            "diag_2": 0.0,
            "diag_3": 0.0,
            "number_diagnoses": 16.892717625244153,
            "metformin": 0.0,
            "repaglinide": 0.0,
            "nateglinide": 0.0,
            "chlorpropamide": 0.0,
            "glimepiride": 0.0,
            "acetohexamide": 0.0,
            "glipizide": 0.0,
            "glyburide": 0.0,
            "tolbutamide": 0.0,
            "pioglitazone": 0.0,
            "rosiglitazone": 0.0,
            "acarbose": 0.0,
            "miglitol": 0.0,
            "troglitazone": 0.0,
            "tolazamide": 0.0,
            "insulin": 0.0,
            "glyburide-metformin": 0.0,
            "glipizide-metformin": 0.0,
            "glimepiride-pioglitazone": 0.0,
            "metformin-rosiglitazone": 0.0,
            "metformin-pioglitazone": 0.0,
            "change": 0.0,
            "diabetesMed": 0.0
        },
        "Inherent": {
            "number_diagnoses": 6.286529838934774,
            "diabetesMed": 6.282727535069932,
            "change": 4.287585968309326,
            "num_procedures": 3.7081272822554205,
            "insulin": 2.4485873587442426,
            "admission_type_id": 1.2066610910516513,
            "glimepiride": 1.1453780865993919,
            "diag_1": 1.1269697383627675,
            "payer_code": 0.7643085840264214,
            "pioglitazone": 0.6797744344604865,
            "rosiglitazone": 0.44171636793856833,
            "number_outpatient": 0.21019953661337562,
            "diag_2": 0.1706532802383738,
            "glyburide-metformin": 0.11020725025605074,
            "medical_specialty": 0.09566345886746801,
            "tolazamide": 0.045012051282509534,
            "nateglinide": 0.024539221218648398,
            "chlorpropamide": -0.0,
            "glimepiride-pioglitazone": -0.0,
            "troglitazone": -0.0,
            "acarbose": -0.0,
            "miglitol": -0.0,
            "metformin-pioglitazone": -0.0,
            "glipizide-metformin": -0.0,
            "acetohexamide": -0.0,
            "repaglinide": 0.0,
            "metformin-rosiglitazone": -0.0,
            "tolbutamide": -0.0,
            "race": -0.11061157422870266,
            "num_lab_procedures": -0.1412900857914727,
            "age": -0.49946855569920084,
            "admission_source_id": -0.600760150373701,
            "diag_3": -0.704838749991366,
            "glipizide": -1.2179380516281753,
            "gender": -1.3611444219232174,
            "number_emergency": -2.7511616373910606,
            "num_medications": -3.3781803212220067,
            "time_in_hospital": -6.553854388514248,
            "glyburide": -6.665701402599035,
            "discharge_disposition_id": -9.53184385941602,
            "metformin": -14.08048876398511,
            "number_inpatient": -23.36807695300728
        }
    },
    "DecisionTree": {
        "SHAP": {
            "number_inpatient": -36.05480046020229,
            "discharge_disposition_id": -33.6795824804976,
            "diag_1": 15.232812874713392,
            "number_diagnoses": 9.609091172550707,
            "payer_code": -2.4792879013473783,
            "num_medications": -1.853006581815729,
            "medical_specialty": 0.8330087669772817,
            "admission_source_id": 0.2584097618956193,
            "gender": 0.0,
            "race": 0.0,
            "num_lab_procedures": 0.0,
            "time_in_hospital": 0.0,
            "admission_type_id": 0.0,
            "age": 0.0,
            "number_emergency": 0.0,
            "number_outpatient": 0.0,
            "diag_2": 0.0,
            "num_procedures": 0.0,
            "diag_3": 0.0,
            "metformin": 0.0,
            "repaglinide": 0.0,
            "nateglinide": 0.0,
            "chlorpropamide": 0.0,
            "glimepiride": 0.0,
            "acetohexamide": 0.0,
            "glipizide": 0.0,
            "glyburide": 0.0,
            "tolbutamide": 0.0,
            "pioglitazone": 0.0,
            "rosiglitazone": 0.0,
            "acarbose": 0.0,
            "miglitol": 0.0,
            "troglitazone": 0.0,
            "tolazamide": 0.0,
            "insulin": 0.0,
            "glyburide-metformin": 0.0,
            "glipizide-metformin": 0.0,
            "glimepiride-pioglitazone": 0.0,
            "metformin-rosiglitazone": 0.0,
            "metformin-pioglitazone": 0.0,
            "change": 0.0,
            "diabetesMed": 0.0
        },
        "Lime": {
            "race": 0.0,
            "gender": 0.0,
            "age": 0.0,
            "admission_type_id": 0.0,
            "discharge_disposition_id": -20.440862077644756,
            "admission_source_id": 0.0,
            "time_in_hospital": 0.0,
            "payer_code": -3.498812331753872,
            "medical_specialty": 0.0,
            "num_lab_procedures": 0.0,
            "num_procedures": 0.0,
            "num_medications": 0.0,
            "number_outpatient": 0.0,
            "number_emergency": -3.5257567578194546,
            "number_inpatient": -38.144544015589105,
            "diag_1": -5.776726114698523,
            "diag_2": 8.514073745259804,
            "diag_3": 0.0,
            "number_diagnoses": 0.0,
            "metformin": 0.0,