{
    "LogisticRegression": {
        "SHAP": {
            "number_diagnoses": -17.362518192251372,
            "number_inpatient": -16.951091724327156,
            "metformin": -11.325056030244124,
            "discharge_disposition_id": 6.883876481646224,
            "time_in_hospital": -6.533803581004897,
            "diabetesMed": 6.520703838912077,
            "rosiglitazone": -4.135756106314167,
            "payer_code": 4.096688995155779,
            "age": 3.859192265440444,
            "change": 3.4548426885464596,
            "num_procedures": 3.1114164968343547,
            "insulin": -3.0117171517108487,
            "diag_2": -2.45920364360266,
            "number_emergency": -2.3882677902765477,
            "glimepiride": 1.4394802235237674,
            "gender": 1.4362408949297043,
            "admission_type_id": 0.9804866262986154,
            "diag_3": -0.5363068451289201,
            "glyburide": 0.5079089889286453,
            "pioglitazone": 0.46480878816885696,
            "glipizide": -0.4534335347980868,
            "number_outpatient": -0.3737082298829835,
            "diag_1": 0.33240060588478026,
            "admission_source_id": -0.2635745831232625,
            "num_medications": 0.24729536316822529,
            "glyburide-metformin": 0.20292442561530957,
            "acarbose": 0.19460353105973624,
            "num_lab_procedures": 0.15659555591439625,
            "glipizide-metformin": -0.08118223767511813,
            "chlorpropamide": -0.05405437596442077,
            "race": 0.02927152909688684,
            "tolazamide": 0.027088874562274143,
            "tolbutamide": -0.023781539753109305,
            "troglitazone": -0.021252253512486587,
            "repaglinide": 0.01406159499568285,
            "miglitol": -0.01402778048594021,
            "metformin-rosiglitazone": -0.01380049183018829,
            "medical_specialty": 0.009153342426838145,
            "acetohexamide": -0.007805812387070137,
            "nateglinide": 0.007143432624590329,
            "glimepiride-pioglitazone": -0.007004631175906727,
            "metformin-pioglitazone": -0.006468920817081908
        },
        "Lime": {
            "race": 0.0,
            "gender": 0.0,
            "age": 0.0,
            "admission_type_id": 0.0,
            "discharge_disposition_id": 32.99628558478558,
            "admission_source_id": 0.0,
            "time_in_hospital": 0.0,
            "payer_code": 0.0,
            "medical_specialty": 0.0,
            "num_lab_procedures": 0.0,
            "num_procedures": 0.0,
            "num_medications": 0.0,
            "number_outpatient": 0.0,
            "number_emergency": -34.21639455615071,
            "number_inpatient": 0.0,
            "diag_1": 0.0,
            "diag_2": 0.0,
            "diag_3": 0.0,
            "number_diagnoses": -32.787319859063714,
            "metformin": 0.0,
            "repaglinide": 0.0,
            "nateglinide": 0.0,
            "chlorpropamide": 0.0,
            "glimepiride": 0.0,
            "acetohexamide": 0.0,
            "glipizide": 0.0,
            "glyburide": 0.0,
            "tolbutamide": 0.0,
            "pioglitazone": 0.0,
            "rosiglitazone": 0.0,
            "acarbose": 0.0,
            "miglitol": 0.0,
            "troglitazone": 0.0,
            "tolazamide": 0.0,
            "insulin": 0.0,
            "glyburide-metformin": 0.0,
            "glipizide-metformin": 0.0,
            "glimepiride-pioglitazone": 0.0,
            "metformin-rosiglitazone": 0.0,
            "metformin-pioglitazone": 0.0,
            "change": 0.0,
            "diabetesMed": 0.0
        },
        "Inherent": {
            "discharge_disposition_id": 6.493174627079595,
            "diabetesMed": 5.359449841394373,
            "age": 4.586509584016006,
            "payer_code": 3.8716918075393103,
            "change": 3.6575041348764126,
            "num_procedures": 3.1631997510350027,
            "gender": 1.3907891634685088,
            "admission_type_id": 1.0293363124462713,
            "glimepiride": 0.9770591467314642,
            "num_medications": 0.7140140398731326,
            "pioglitazone": 0.5798782399231728,
            "glyburide": 0.5282210102855592,
            "diag_1": 0.21290922085842723,
            "num_lab_procedures": 0.15031995801210096,
            "glyburide-metformin": 0.09401175311332785,
            "tolazamide": 0.038397309092315424,
            "race": 0.037150879947932494,
            "nateglinide": 0.02093306203939381,
            "metformin-pioglitazone": -0.0,
            "troglitazone": -0.0,
            "acarbose": -0.0,
            "miglitol": -0.0,
            "tolbutamide": -0.0,
            "chlorpropamide": -0.0,
            "repaglinide": 0.0,
            "acetohexamide": -0.0,
            "metformin-rosiglitazone": -0.0,
            "glimepiride-pioglitazone": -0.0,
            "glipizide-metformin": -0.0,
            "medical_specialty": -0.0034740720456700037,
            "number_outpatient": -0.34807173464528224,
            "glipizide": -0.4833645878953367,
            "admission_source_id": -0.5124754932732498,
            "diag_3": -0.6012592310845434,
            "number_emergency": -2.3468649115947517,
            "diag_2": -2.4372062848668143,
            "insulin": -2.82596320241694,
            "rosiglitazone": -4.333245729034788,
            "time_in_hospital": -5.590733271016112,
            "metformin": -12.011291728259756,
            "number_diagnoses": -15.667476731851448,
            "number_inpatient": -19.934023180283013
        }
    },
    "DecisionTree": {
        "SHAP": {
            "number_inpatient": -41.77467650096751,
            "discharge_disposition_id": 36.43595509180796,
            "number_diagnoses": -9.478386281478594,
            "payer_code": 9.303998225139425,
            "num_medications": -1.3119612773245524,
            "diag_1": -0.8361562887204368,
            "medical_specialty": -0.5861293852083566,
            "admission_source_id": 0.27273694935315773,
            "gender": 0.0,
            "race": 0.0,
            "num_lab_procedures": 0.0,
            "time_in_hospital": 0.0,
            "admission_type_id": 0.0,
            "age": 0.0,
            "number_emergency": 0.0,
            "number_outpatient": 0.0,
            "diag_2": 0.0,
            "num_procedures": 0.0,
            "diag_3": 0.0,
            "metformin": 0.0,
            "repaglinide": 0.0,
            "nateglinide": 0.0,
            "chlorpropamide": 0.0,
            "glimepiride": 0.0,
            "acetohexamide": 0.0,
            "glipizide": 0.0,
            "glyburide": 0.0,
            "tolbutamide": 0.0,
            "pioglitazone": 0.0,
            "rosiglitazone": 0.0,
            "acarbose": 0.0,
            "miglitol": 0.0,
            "troglitazone": 0.0,
            "tolazamide": 0.0,
            "insulin": 0.0,
            "glyburide-metformin": 0.0,
            "glipizide-metformin": 0.0,
            "glimepiride-pioglitazone": 0.0,
            "metformin-rosiglitazone": 0.0,
            "metformin-pioglitazone": 0.0,
            "change": 0.0,
            "diabetesMed": 0.0
        },
        "Lime": {
            "race": 0.0,
            "gender": 0.0,
            "age": 0.0,
            "admission_type_id": 0.0,
            "discharge_disposition_id": 0.0,
            "admission_source_id": 0.0,
            "time_in_hospital": 0.0,
            "payer_code": 5.43468333990072,
            "medical_specialty": 0.0,
            "num_lab_procedures": 0.0,
            "num_procedures": 0.0,
            "num_medications": 0.0,
            "number_outpatient": 0.0,
            "number_emergency": 0.0,
            "number_inpatient": -36.792094469379826,
            "diag_1": 9.890935618880778,
            "diag_2": 0.0,
            "diag_3": 0.0,
            "number_diagnoses": -4.072621416250055,
            "metformin": 0.0,
            "repaglinide": 0.0,