{
    "LogisticRegression": {
        "SHAP": {
            "number_inpatient": -20.45691810867535,
            "age": 10.550600101589017,
            "discharge_disposition_id": -8.886035090818254,
            "number_diagnoses": -8.59093328947493,
            "insulin": 7.92179102789489,
            "diabetesMed": 7.869316420022156,
            "diag_1": 5.66208335310051,
            "num_medications": -4.532987326022017,
            "change": 4.169373578252881,
            "metformin": 4.095689697801812,
            "number_emergency": -2.882209559232012,
            "payer_code": -2.6267901836962926,
            "time_in_hospital": -2.326579149531569,
            "glimepiride": 1.7371936587082717,
            "gender": 1.7332843718697883,
            "diag_2": 1.114825250712831,
            "glyburide": 0.6129547737779006,
            "num_procedures": 0.5898569760789161,
            "pioglitazone": 0.5609405854442312,
            "rosiglitazone": 0.5464547090745969,
            "num_lab_procedures": 0.5074150757547593,
            "medical_specialty": -0.41406865221410327,
            "admission_source_id": -0.31808710318891564,
            "glyburide-metformin": 0.2448932744021917,
            "acarbose": 0.23485145165221522,
            "number_outpatient": 0.16903956942044732,
            "admission_type_id": -0.14660000705532203,
            "glipizide": 0.1059918193952183,
            "glipizide-metformin": -0.09797235570470793,
            "chlorpropamide": -0.06523390708415255,
            "race": 0.03532546949712706,
            "tolazamide": 0.032691398146429254,
            "tolbutamide": -0.02870004004104197,
            "troglitazone": -0.02564764658230313,
            "diag_3": 0.021810281920894934,
            "repaglinide": 0.01696981539491146,
            "miglitol": -0.016929007365084243,
            "metformin-rosiglitazone": -0.016654710848177604,
            "acetohexamide": -0.00942021123894991,
            "nateglinide": 0.008620838031710001,
            "glimepiride-pioglitazone": -0.008453329654358063,
            "metformin-pioglitazone": -0.007806823628747878
        },
        "Lime": {
            "race": 0.0,
            "gender": 0.0,
            "age": 0.0,
            "admission_type_id": 0.0,
            "discharge_disposition_id": -35.32846596905395,
            "admission_source_id": 0.0,
            "time_in_hospital": 0.0,
            "payer_code": 0.0,
            "medical_specialty": 0.0,
            "num_lab_procedures": 0.0,
            "num_procedures": 0.0,
            "num_medications": -15.657329882769469,
            "number_outpatient": 0.0,
            "number_emergency": -49.014204148176574,
            "number_inpatient": 0.0,
            "diag_1": 0.0,
            "diag_2": 0.0,
            "diag_3": 0.0,
            "number_diagnoses": 0.0,
            "metformin": 0.0,
            "repaglinide": 0.0,
            "nateglinide": 0.0,
            "chlorpropamide": 0.0,
            "glimepiride": 0.0,
            "acetohexamide": 0.0,
            "glipizide": 0.0,
            "glyburide": 0.0,
            "tolbutamide": 0.0,
            "pioglitazone": 0.0,
            "rosiglitazone": 0.0,
            "acarbose": 0.0,
            "miglitol": 0.0,
            "troglitazone": 0.0,
            "tolazamide": 0.0,
            "insulin": 0.0,
            "glyburide-metformin": 0.0,
            "glipizide-metformin": 0.0,
            "glimepiride-pioglitazone": 0.0,
            "metformin-rosiglitazone": 0.0,
            "metformin-pioglitazone": 0.0,
            "change": 0.0,
            "diabetesMed": 0.0
        },
        "Inherent": {
            "age": 11.56116649260568,
            "insulin": 8.43500196451571,
            "diabetesMed": 6.454935049371409,
            "diag_1": 5.645836241109565,
            "change": 4.405107302448835,
            "metformin": 3.730337391628376,
            "gender": 1.6750700133846472,
            "diag_2": 1.2469623959468232,
            "glimepiride": 1.1767725266937081,
            "pioglitazone": 0.6984068301820417,
            "glyburide": 0.6361907311403336,
            "num_procedures": 0.5674119340111051,
            "num_lab_procedures": 0.5072542821424482,
            "rosiglitazone": 0.45382366963586074,
            "number_outpatient": 0.21596103741146952,
            "glyburide-metformin": 0.11322799507088764,
            "glipizide": 0.08699025335471772,
            "tolazamide": 0.046245816939495865,
            "race": 0.0447446145010489,
            "nateglinide": 0.025211833275333825,
            "troglitazone": -0.0,
            "miglitol": -0.0,
            "glimepiride-pioglitazone": -0.0,
            "acetohexamide": -0.0,
            "acarbose": -0.0,
            "tolbutamide": -0.0,
            "metformin-pioglitazone": -0.0,
            "glipizide-metformin": -0.0,
            "metformin-rosiglitazone": -0.0,
            "chlorpropamide": -0.0,
            "repaglinide": 0.0,
            "diag_3": -0.03878410760032899,
            "admission_type_id": -0.12261118137299105,
            "medical_specialty": -0.43968059461467174,
            "admission_source_id": -0.6172267903178579,
            "time_in_hospital": -1.0392072268719814,
            "number_emergency": -2.8265700813148387,
            "payer_code": -3.0925594148561175,
            "num_medications": -4.0894516390016005,
            "number_diagnoses": -6.205553668316828,
            "discharge_disposition_id": -9.79310859333569,
            "number_inpatient": -24.00858832702761
        }
    },
    "DecisionTree": {
        "SHAP": {
            "number_inpatient": -32.84691517790487,
            "discharge_disposition_id": -32.54683820445884,
            "number_diagnoses": -22.137392717525252,
            "diag_1": 8.772853279259268,
            "payer_code": -1.8300514922440165,
            "num_medications": -1.3677707451187717,
            "medical_specialty": -0.30743685237818796,
            "admission_source_id": 0.19074153111080736,
            "gender": 0.0,
            "race": 0.0,
            "num_lab_procedures": 0.0,
            "time_in_hospital": 0.0,
            "admission_type_id": 0.0,
            "age": 0.0,
            "number_emergency": 0.0,
            "number_outpatient": 0.0,
            "diag_2": 0.0,
            "num_procedures": 0.0,
            "diag_3": 0.0,
            "metformin": 0.0,
            "repaglinide": 0.0,
            "nateglinide": 0.0,
            "chlorpropamide": 0.0,
            "glimepiride": 0.0,
            "acetohexamide": 0.0,
            "glipizide": 0.0,
            "glyburide": 0.0,
            "tolbutamide": 0.0,
            "pioglitazone": 0.0,
            "rosiglitazone": 0.0,
            "acarbose": 0.0,
            "miglitol": 0.0,
            "troglitazone": 0.0,
            "tolazamide": 0.0,
            "insulin": 0.0,
            "glyburide-metformin": 0.0,
            "glipizide-metformin": 0.0,
            "glimepiride-pioglitazone": 0.0,
            "metformin-rosiglitazone": 0.0,
            "metformin-pioglitazone": 0.0,
            "change": 0.0,
            "diabetesMed": 0.0
        },
        "Lime": {
            "race": 0.0,
            "gender": 0.0,
            "age": -2.060129152689645,
            "admission_type_id": 0.0,
            "discharge_disposition_id": -16.41979706253678,
            "admission_source_id": 0.0,
            "time_in_hospital": 0.0,
            "payer_code": 0.0,
            "medical_specialty": 0.0,
            "num_lab_procedures": 0.0,
            "num_procedures": 0.0,
            "num_medications": 0.0,
            "number_outpatient": 0.0,
            "number_emergency": 0.0,
            "number_inpatient": -31.33370542414286,
            "diag_1": 2.7005311868272655,
            "diag_2": -2.0356110378445207,
            "diag_3": -3.7388671098300295,
            "number_diagnoses": -5.370319357398384,
            "metformin": 0.0,