{
    "LogisticRegression": {
        "SHAP": {
            "number_inpatient": -18.60978869360156,
            "metformin": -12.433234572353593,
            "discharge_disposition_id": -8.083682717287092,
            "number_diagnoses": -7.8152267291012905,
            "insulin": 7.206503751973941,
            "diabetesMed": 7.158767266981266,
            "age": -6.485431236713664,
            "payer_code": 4.497557902647601,
            "diag_1": 4.214089995051277,
            "num_medications": -4.123687441084748,
            "change": 3.7929056988827052,
            "num_procedures": 3.415874592948774,
            "number_emergency": -2.621964392830011,
            "diag_2": 1.8732751278685849,
            "glimepiride": 1.5803361355157184,
            "gender": -1.1525727067169096,
            "admission_type_id": 1.076429130882057,
            "glyburide": 0.557608861615554,
            "pioglitazone": 0.5102912232099779,
            "num_lab_procedures": 0.5098787250601599,
            "rosiglitazone": 0.497113329215955,
            "time_in_hospital": 0.4118186165605246,
            "admission_source_id": -0.28936586366815453,
            "glyburide-metformin": 0.22278097144927553,
            "acarbose": 0.213645861337239,
            "number_outpatient": 0.15377637291503124,
            "glipizide": 0.09642143316587372,
            "glipizide-metformin": -0.08912607597064114,
            "chlorpropamide": -0.05934370074929758,
            "medical_specialty": -0.04303156054889895,
            "race": 0.032135804589500334,
            "tolazamide": 0.029739573105366485,
            "tolbutamide": -0.026108609215930407,
            "troglitazone": -0.023331827445817542,
            "diag_3": -0.01596060380956172,
            "repaglinide": 0.015437549145528561,
            "miglitol": -0.01540042582088835,
            "metformin-rosiglitazone": -0.015150896532463484,
            "acetohexamide": -0.00856962616141108,
            "nateglinide": 0.007842431263575877,
            "glimepiride-pioglitazone": -0.0076900478258377335,
            "metformin-pioglitazone": -0.00710191717674238
        },
        "Lime": {
            "race": -31.816304035471326,
            "gender": 0.0,
            "age": 0.0,
            "admission_type_id": 0.0,
            "discharge_disposition_id": -23.39547011552056,
            "admission_source_id": 0.0,
            "time_in_hospital": 8.459795952210095,
            "payer_code": 0.0,
            "medical_specialty": 0.0,
            "num_lab_procedures": 0.0,
            "num_procedures": 0.0,
            "num_medications": 0.0,
            "number_outpatient": 0.0,
            "number_emergency": -36.32842989679803,
            "number_inpatient": 0.0,
            "diag_1": 0.0,
            "diag_2": 0.0,
            "diag_3": 0.0,
            "number_diagnoses": 0.0,
            "metformin": 0.0,
            "repaglinide": 0.0,
            "nateglinide": 0.0,
            "chlorpropamide": 0.0,
            "glimepiride": 0.0,
            "acetohexamide": 0.0,
            "glipizide": 0.0,
            "glyburide": 0.0,
            "tolbutamide": 0.0,
            "pioglitazone": 0.0,
            "rosiglitazone": 0.0,
            "acarbose": 0.0,
            "miglitol": 0.0,
            "troglitazone": 0.0,
            "tolazamide": 0.0,
            "insulin": 0.0,
            "glyburide-metformin": 0.0,
            "glipizide-metformin": 0.0,
            "glimepiride-pioglitazone": 0.0,
            "metformin-rosiglitazone": 0.0,
            "metformin-pioglitazone": 0.0,
            "change": 0.0,
            "diabetesMed": 0.0
        },
        "Inherent": {
            "insulin": 7.54614904559803,
            "diabetesMed": 5.774735105827326,
            "payer_code": 4.171695838490095,
            "diag_1": 4.107188542649625,
            "change": 3.9409115025665242,
            "num_procedures": 3.4083051786325957,
            "diag_2": 1.9810605327708384,
            "time_in_hospital": 1.6174214926349824,
            "admission_type_id": 1.1090960294610825,
            "glimepiride": 1.052768086664643,
            "pioglitazone": 0.6248110026753205,
            "glyburide": 0.5691510326623351,
            "num_lab_procedures": 0.5024404436813938,
            "rosiglitazone": 0.4060012156368323,
            "number_outpatient": 0.1932037696262099,
            "glyburide-metformin": 0.1012963992816585,
            "glipizide": 0.07782350497255908,
            "tolazamide": 0.04137258400519107,
            "race": 0.04002957336977074,
            "nateglinide": 0.02255509274435127,
            "troglitazone": -0.0,
            "tolbutamide": -0.0,
            "glimepiride-pioglitazone": -0.0,
            "miglitol": -0.0,
            "acarbose": -0.0,
            "repaglinide": 0.0,
            "metformin-pioglitazone": -0.0,
            "metformin-rosiglitazone": -0.0,
            "acetohexamide": -0.0,
            "chlorpropamide": -0.0,
            "glipizide-metformin": -0.0,
            "medical_specialty": -0.057218492952308374,
            "diag_3": -0.0707649044756017,
            "admission_source_id": -0.5521854498989507,
            "gender": -1.2510885492814159,
            "number_emergency": -2.5287153709222108,
            "num_medications": -3.658518600528034,
            "number_diagnoses": -5.55163271906422,
            "age": -5.860070031174901,
            "discharge_disposition_id": -8.761142839790782,
            "metformin": -12.942005254679087,
            "number_inpatient": -21.47864181328111
        }
    },
    "DecisionTree": {
        "SHAP": {
            "discharge_disposition_id": -36.04403929099751,
            "number_inpatient": -29.648163990251586,
            "number_diagnoses": -20.16885656350732,
            "diag_1": 7.992739781952742,
            "payer_code": 4.446178116383503,
            "num_medications": -1.2461436774450434,
            "medical_specialty": -0.28009846765030516,
            "admission_source_id": 0.17378011181199773,
            "gender": 0.0,
            "race": 0.0,
            "num_lab_procedures": 0.0,
            "time_in_hospital": 0.0,
            "admission_type_id": 0.0,
            "age": 0.0,
            "number_emergency": 0.0,
            "number_outpatient": 0.0,
            "diag_2": 0.0,
            "num_procedures": 0.0,
            "diag_3": 0.0,
            "metformin": 0.0,
            "repaglinide": 0.0,
            "nateglinide": 0.0,
            "chlorpropamide": 0.0,
            "glimepiride": 0.0,
            "acetohexamide": 0.0,
            "glipizide": 0.0,
            "glyburide": 0.0,
            "tolbutamide": 0.0,
            "pioglitazone": 0.0,
            "rosiglitazone": 0.0,
            "acarbose": 0.0,
            "miglitol": 0.0,
            "troglitazone": 0.0,
            "tolazamide": 0.0,
            "insulin": 0.0,
            "glyburide-metformin": 0.0,
            "glipizide-metformin": 0.0,
            "glimepiride-pioglitazone": 0.0,
            "metformin-rosiglitazone": 0.0,
            "metformin-pioglitazone": 0.0,
            "change": 0.0,
            "diabetesMed": 0.0
        },
        "Lime": {
            "race": 0.0,
            "gender": 0.0,
            "age": -2.7954750773900714,
            "admission_type_id": 0.0,
            "discharge_disposition_id": -16.123705072044086,
            "admission_source_id": 0.0,
            "time_in_hospital": 0.0,
            "payer_code": 2.2552329371052204,
            "medical_specialty": 0.0,
            "num_lab_procedures": 0.0,
            "num_procedures": 0.0,
            "num_medications": 0.0,
            "number_outpatient": 0.0,
            "number_emergency": 0.0,
            "number_inpatient": -36.33951782756417,
            "diag_1": 0.0,
            "diag_2": 0.0,
            "diag_3": 0.0,
            "number_diagnoses": -8.303684471609134,
            "metformin": -2.418806634626209,
            "repaglinide": 0.0,