{
    "LogisticRegression": {
        "SHAP": {
            "number_inpatient": 27.760160625076676,
            "number_diagnoses": 9.566030840365535,
            "time_in_hospital": 8.4488937124456,
            "diabetesMed": 7.563496530613979,
            "diag_1": -6.452390965609138,
            "discharge_disposition_id": -5.2356129566334655,
            "payer_code": 4.751832588525417,
            "age": 4.476355318646251,
            "metformin": 3.9365216959605003,
            "insulin": -3.493351759394753,
            "change": -3.2435122414467084,
            "admission_source_id": 3.051366247613281,
            "number_emergency": -2.770200210311583,
            "glimepiride": 1.6696822836115701,
            "num_medications": 1.4477598602518391,
            "gender": -1.2177347500514186,
            "glyburide": 0.589133929485501,
            "num_procedures": 0.5669337657817518,
            "pioglitazone": 0.5391411331603402,
            "num_lab_procedures": -0.532495551332491,
            "rosiglitazone": 0.5252182115472424,
            "diag_3": -0.42159729195712414,
            "medical_specialty": -0.24575564089446209,
            "glyburide-metformin": 0.23537615371507187,
            "acarbose": 0.22572457948973737,
            "diag_2": 0.19174687555851452,
            "number_outpatient": 0.1624702996558924,
            "admission_type_id": -0.14090279073411452,
            "race": -0.11465114150704249,
            "glipizide": 0.10187273143947873,
            "glipizide-metformin": -0.0941649227095828,
            "chlorpropamide": -0.06269876614111208,
            "tolazamide": 0.03142093458490538,
            "tolbutamide": -0.027584689913675128,
            "troglitazone": -0.024650919544942765,
            "repaglinide": 0.01631032900621515,
            "miglitol": -0.01627110687108356,
            "metformin-rosiglitazone": -0.016007470153070254,
            "acetohexamide": -0.009054119979489635,
            "nateglinide": 0.008285812269274597,
            "glimepiride-pioglitazone": -0.008124813656011745,
            "metformin-pioglitazone": -0.007503432354164195
        },
        "Lime": {
            "race": -17.87368348657337,
            "gender": 0.0,
            "age": 0.0,
            "admission_type_id": 0.0,
            "discharge_disposition_id": 0.0,
            "admission_source_id": 0.0,
            "time_in_hospital": 11.986971048041038,
            "payer_code": 0.0,
            "medical_specialty": 0.0,
            "num_lab_procedures": 0.0,
            "num_procedures": 0.0,
            "num_medications": 0.0,
            "number_outpatient": 0.0,
            "number_emergency": -15.414518116538572,
            "number_inpatient": 54.72482734884703,
            "diag_1": 0.0,
            "diag_2": 0.0,
            "diag_3": 0.0,
            "number_diagnoses": 0.0,
            "metformin": 0.0,
            "repaglinide": 0.0,
            "nateglinide": 0.0,
            "chlorpropamide": 0.0,
            "glimepiride": 0.0,
            "acetohexamide": 0.0,
            "glipizide": 0.0,
            "glyburide": 0.0,
            "tolbutamide": 0.0,
            "pioglitazone": 0.0,
            "rosiglitazone": 0.0,
            "acarbose": 0.0,
            "miglitol": 0.0,
            "troglitazone": 0.0,
            "tolazamide": 0.0,
            "insulin": 0.0,
            "glyburide-metformin": 0.0,
            "glipizide-metformin": 0.0,
            "glimepiride-pioglitazone": 0.0,
            "metformin-rosiglitazone": 0.0,
            "metformin-pioglitazone": 0.0,
            "change": 0.0,
            "diabetesMed": 0.0
        },
        "Inherent": {
            "number_inpatient": 25.20151303645537,
            "number_diagnoses": 12.147869744945995,
            "time_in_hospital": 9.828969917479519,
            "diabetesMed": 6.130362748742366,
            "age": 5.246241374149394,
            "payer_code": 4.42860292267888,
            "metformin": 3.5427655291599423,
            "admission_source_id": 2.8120171690167934,
            "num_medications": 1.991854505311771,
            "glimepiride": 1.1176010922199835,
            "pioglitazone": 0.663288969210025,
            "glyburide": 0.6042012707250504,
            "num_procedures": 0.5388808650820236,
            "rosiglitazone": 0.43100413831494205,
            "diag_2": 0.2937330676496394,
            "number_outpatient": 0.20510190866381445,
            "glyburide-metformin": 0.10753457281726622,
            "glipizide": 0.08261613859636804,
            "tolazamide": 0.04392044711257817,
            "nateglinide": 0.023944111343716892,
            "troglitazone": -0.0,
            "miglitol": -0.0,
            "repaglinide": 0.0,
            "chlorpropamide": -0.0,
            "glimepiride-pioglitazone": -0.0,
            "acetohexamide": -0.0,
            "metformin-pioglitazone": -0.0,
            "metformin-rosiglitazone": -0.0,
            "glipizide-metformin": -0.0,
            "acarbose": -0.0,
            "tolbutamide": -0.0,
            "race": -0.10792909137732362,
            "admission_type_id": -0.1164459461046746,
            "medical_specialty": -0.2634865280127929,
            "diag_3": -0.4848142060438365,
            "num_lab_procedures": -0.5509380842154734,
            "gender": -1.3281347970668722,
            "number_emergency": -2.6844421827125258,
            "change": -3.1560537319816078,
            "insulin": -3.2324548336301326,
            "discharge_disposition_id": -5.9551139162872895,
            "diag_1": -6.678163152892043
        }
    },
    "DecisionTree": {
        "SHAP": {
            "discharge_disposition_id": 55.6351948217528,
            "payer_code": 25.93004547639635,
            "number_inpatient": 7.086864028227029,
            "admission_source_id": -3.7743504402462458,
            "num_medications": 2.873920905904781,
            "diag_1": -2.523315502450663,
            "number_diagnoses": 1.708405182249988,
            "medical_specialty": -0.3379717545468495,
            "number_emergency": -0.12993188822528923,
            "gender": 0.0,
            "num_lab_procedures": 0.0,
            "time_in_hospital": 0.0,
            "admission_type_id": 0.0,
            "age": 0.0,
            "race": 0.0,
            "number_outpatient": 0.0,
            "diag_2": 0.0,
            "num_procedures": 0.0,
            "diag_3": 0.0,
            "metformin": 0.0,
            "repaglinide": 0.0,
            "nateglinide": 0.0,
            "chlorpropamide": 0.0,
            "glimepiride": 0.0,
            "acetohexamide": 0.0,
            "glipizide": 0.0,
            "glyburide": 0.0,
            "tolbutamide": 0.0,
            "pioglitazone": 0.0,
            "rosiglitazone": 0.0,
            "acarbose": 0.0,
            "miglitol": 0.0,
            "troglitazone": 0.0,
            "tolazamide": 0.0,
            "insulin": 0.0,
            "glyburide-metformin": 0.0,
            "glipizide-metformin": 0.0,
            "glimepiride-pioglitazone": 0.0,
            "metformin-rosiglitazone": 0.0,
            "metformin-pioglitazone": 0.0,
            "change": 0.0,
            "diabetesMed": 0.0
        },
        "Lime": {
            "race": 0.0,
            "gender": 0.0,
            "age": 0.0,
            "admission_type_id": 0.0,
            "discharge_disposition_id": 37.091164671333814,
            "admission_source_id": 0.0,
            "time_in_hospital": 0.0,
            "payer_code": 7.0100027391303605,
            "medical_specialty": 0.0,
            "num_lab_procedures": 0.0,
            "num_procedures": 0.0,
            "num_medications": 0.0,
            "number_outpatient": 0.0,
            "number_emergency": 0.0,
            "number_inpatient": 9.275100508634834,
            "diag_1": 0.0,
            "diag_2": 3.521607285849197,
            "diag_3": 0.0,
            "number_diagnoses": 5.2377221464721835,
            "metformin": 0.0,