{
    "LogisticRegression": {
        "SHAP": {
            "diabetesMed": -25.89149087128308,
            "number_inpatient": -19.518301167858343,
            "number_diagnoses": 9.496159078741004,
            "discharge_disposition_id": 7.92642601174063,
            "age": -6.802043922461933,
            "metformin": 3.9077687355989967,
            "num_procedures": 3.582634394969405,
            "change": -3.2198211288063114,
            "number_emergency": -2.7499662415969555,
            "insulin": 2.045241371440517,
            "diag_1": 2.044016620199386,
            "diag_2": -1.6949327846648468,
            "glimepiride": 1.6574866672210264,
            "payer_code": -1.6033423445479478,
            "gender": -1.208840228008016,
            "admission_type_id": 1.1289793940344794,
            "num_medications": 0.8609664790409847,
            "num_lab_procedures": 0.6866814773152703,
            "glyburide": 0.584830804587321,
            "pioglitazone": 0.5352031633412173,
            "rosiglitazone": 0.5213819368905438,
            "time_in_hospital": 0.4319232161578884,
            "diag_3": -0.41851788044604327,
            "admission_source_id": -0.3034924344258867,
            "glyburide-metformin": 0.23365693006014895,
            "acarbose": 0.2240758524184893,
            "number_outpatient": 0.1612835915804051,
            "medical_specialty": 0.10597717384182191,
            "glipizide": 0.1011286373291876,
            "glipizide-metformin": -0.09347712762061097,
            "chlorpropamide": -0.0622408047028656,
            "race": 0.03370464450598351,
            "tolazamide": 0.0311914312425084,
            "tolbutamide": -0.027383207092816768,
            "troglitazone": -0.024470865434412223,
            "repaglinide": 0.01619119585273094,
            "miglitol": -0.01615226020211127,
            "metformin-rosiglitazone": -0.01589054912726428,
            "acetohexamide": -0.008987987293584283,
            "nateglinide": 0.00822529142113961,
            "glimepiride-pioglitazone": -0.008065468766528314,
            "metformin-pioglitazone": -0.007448626129350068
        },
        "Lime": {
            "race": -36.55828576460127,
            "gender": 0.0,
            "age": 0.0,
            "admission_type_id": 0.0,
            "discharge_disposition_id": 30.994298956507212,
            "admission_source_id": 0.0,
            "time_in_hospital": 0.0,
            "payer_code": 0.0,
            "medical_specialty": 0.0,
            "num_lab_procedures": 0.0,
            "num_procedures": 0.0,
            "num_medications": 0.0,
            "number_outpatient": 0.0,
            "number_emergency": -20.87639257896086,
            "number_inpatient": -11.571022699930653,
            "diag_1": 0.0,
            "diag_2": 0.0,
            "diag_3": 0.0,
            "number_diagnoses": 0.0,
            "metformin": 0.0,
            "repaglinide": 0.0,
            "nateglinide": 0.0,
            "chlorpropamide": 0.0,
            "glimepiride": 0.0,
            "acetohexamide": 0.0,
            "glipizide": 0.0,
            "glyburide": 0.0,
            "tolbutamide": 0.0,
            "pioglitazone": 0.0,
            "rosiglitazone": 0.0,
            "acarbose": 0.0,
            "miglitol": 0.0,
            "troglitazone": 0.0,
            "tolazamide": 0.0,
            "insulin": 0.0,
            "glyburide-metformin": 0.0,
            "glipizide-metformin": 0.0,
            "glimepiride-pioglitazone": 0.0,
            "metformin-rosiglitazone": 0.0,
            "metformin-pioglitazone": 0.0,
            "change": 0.0,
            "diabetesMed": 0.0
        },
        "Inherent": {
            "number_diagnoses": 11.216975623649803,
            "discharge_disposition_id": 6.858019177751917,
            "num_procedures": 3.340936568252288,
            "metformin": 3.2712825717798752,
            "insulin": 2.206120347199408,
            "diag_1": 1.7890555886025779,
            "time_in_hospital": 1.5854515155797655,
            "num_medications": 1.2966759758598267,
            "admission_type_id": 1.08717362100085,
            "glimepiride": 1.0319590571516855,
            "num_lab_procedures": 0.6355418795337767,
            "pioglitazone": 0.6124609791902021,
            "glyburide": 0.5579011849646117,
            "rosiglitazone": 0.39797618962635556,
            "number_outpatient": 0.1893849010690296,
            "glyburide-metformin": 0.09929417316091188,
            "medical_specialty": 0.08619055486720686,
            "glipizide": 0.07628524442658599,
            "tolazamide": 0.04055481290014276,
            "race": 0.039238348232730653,
            "nateglinide": 0.022109268448829843,
            "glimepiride-pioglitazone": -0.0,
            "troglitazone": -0.0,
            "miglitol": -0.0,
            "glipizide-metformin": -0.0,
            "repaglinide": 0.0,
            "metformin-rosiglitazone": -0.0,
            "metformin-pioglitazone": -0.0,
            "tolbutamide": -0.0,
            "acarbose": -0.0,
            "acetohexamide": -0.0,
            "chlorpropamide": -0.0,
            "diag_3": -0.4476627791844194,
            "admission_source_id": -0.5412709441601066,
            "gender": -1.2263595145822348,
            "diag_2": -1.5038718084071927,
            "payer_code": -1.861836029356096,
            "number_emergency": -2.4787327456413664,
            "change": -2.9142045907509906,
            "age": -5.74423980059387,
            "number_inpatient": -21.054094662724115,
            "diabetesMed": -25.787139541351227
        }
    },
    "DecisionTree": {
        "SHAP": {
            "number_inpatient": -48.96518996355152,
            "discharge_disposition_id": 28.598323046218415,
            "diag_1": 9.061846235964358,
            "number_diagnoses": 5.431024151937785,
            "payer_code": -4.437314539256254,
            "num_medications": -1.668554329357087,
            "medical_specialty": 1.4908804705687617,
            "admission_source_id": 0.34686726314581556,
            "gender": 0.0,
            "race": 0.0,
            "num_lab_procedures": 0.0,
            "time_in_hospital": 0.0,
            "admission_type_id": 0.0,
            "age": 0.0,
            "number_emergency": 0.0,
            "number_outpatient": 0.0,
            "diag_2": 0.0,
            "num_procedures": 0.0,
            "diag_3": 0.0,
            "metformin": 0.0,
            "repaglinide": 0.0,
            "nateglinide": 0.0,
            "chlorpropamide": 0.0,
            "glimepiride": 0.0,
            "acetohexamide": 0.0,
            "glipizide": 0.0,
            "glyburide": 0.0,
            "tolbutamide": 0.0,
            "pioglitazone": 0.0,
            "rosiglitazone": 0.0,
            "acarbose": 0.0,
            "miglitol": 0.0,
            "troglitazone": 0.0,
            "tolazamide": 0.0,
            "insulin": 0.0,
            "glyburide-metformin": 0.0,
            "glipizide-metformin": 0.0,
            "glimepiride-pioglitazone": 0.0,
            "metformin-rosiglitazone": 0.0,
            "metformin-pioglitazone": 0.0,
            "change": 0.0,
            "diabetesMed": 0.0
        },
        "Lime": {
            "race": 0.0,
            "gender": 0.0,
            "age": 2.240440843245456,
            "admission_type_id": 0.0,
            "discharge_disposition_id": 0.0,
            "admission_source_id": 0.0,
            "time_in_hospital": 0.0,
            "payer_code": 2.933235001014372,
            "medical_specialty": 2.038691198805707,
            "num_lab_procedures": 0.0,
            "num_procedures": 0.0,
            "num_medications": 0.0,
            "number_outpatient": 0.0,
            "number_emergency": 0.0,
            "number_inpatient": -28.182173605178022,
            "diag_1": 7.521256692615376,
            "diag_2": -2.9140609095860417,
            "diag_3": 0.0,
            "number_diagnoses": 4.792478960715737,
            "metformin": 2.0558634046441484,