{
    "LogisticRegression": {
        "SHAP": {
            "number_inpatient": 21.192321282515646,
            "age": -18.20327770534303,
            "payer_code": -6.787976646835971,
            "discharge_disposition_id": -6.520038831728053,
            "insulin": 5.812534453310766,
            "time_in_hospital": -5.785631455951719,
            "diabetesMed": 5.774031737812438,
            "num_medications": -4.655413309910446,
            "diag_1": 3.4126868524882177,
            "change": 3.0592359085188456,
            "metformin": 3.005171102685501,
            "number_diagnoses": 2.767350991775945,
            "num_procedures": 2.7551347287185077,
            "number_emergency": -2.1147922617127626,
            "glimepiride": 1.2746483664815997,
            "gender": 1.271779966601251,
            "diag_2": -1.1755195003024113,
            "admission_type_id": 0.8682131620462306,
            "num_lab_procedures": 0.839603862427157,
            "glyburide": 0.44974939737234215,
            "pioglitazone": 0.4115845100778095,
            "rosiglitazone": 0.4009556440564251,
            "diag_3": -0.32185063277058207,
            "admission_source_id": -0.23339321119793627,
            "glyburide-metformin": 0.179687975842136,
            "acarbose": 0.1723198894456701,
            "number_outpatient": 0.12403108309337288,
            "medical_specialty": 0.08149907579546242,
            "glipizide": 0.077770430933409,
            "glipizide-metformin": -0.07188623014674003,
            "chlorpropamide": -0.04786472290363741,
            "race": 0.025919707779263824,
            "tolazamide": 0.02398698443116026,
            "tolbutamide": -0.021058365584567203,
            "troglitazone": -0.01881870259907506,
            "repaglinide": 0.012451431286424371,
            "miglitol": -0.012421488805171434,
            "metformin-rosiglitazone": -0.012220226496013214,
            "acetohexamide": -0.006911985205246209,
            "nateglinide": 0.006325453158165663,
            "glimepiride-pioglitazone": -0.006202545571844864,
            "metformin-pioglitazone": -0.005728178281051684
        },
        "Lime": {
            "race": -27.28015058161615,
            "gender": 0.0,
            "age": 0.0,
            "admission_type_id": 0.0,
            "discharge_disposition_id": -9.105974808578537,
            "admission_source_id": 0.0,
            "time_in_hospital": 0.0,
            "payer_code": 0.0,
            "medical_specialty": 0.0,
            "num_lab_procedures": 0.0,
            "num_procedures": 0.0,
            "num_medications": 0.0,
            "number_outpatient": 0.0,
            "number_emergency": 0.0,
            "number_inpatient": 52.965706919271696,
            "diag_1": 0.0,
            "diag_2": 0.0,
            "diag_3": 0.0,
            "number_diagnoses": 10.64816769053362,
            "metformin": 0.0,
            "repaglinide": 0.0,
            "nateglinide": 0.0,
            "chlorpropamide": 0.0,
            "glimepiride": 0.0,
            "acetohexamide": 0.0,
            "glipizide": 0.0,
            "glyburide": 0.0,
            "tolbutamide": 0.0,
            "pioglitazone": 0.0,
            "rosiglitazone": 0.0,
            "acarbose": 0.0,
            "miglitol": 0.0,
            "troglitazone": 0.0,
            "tolazamide": 0.0,
            "insulin": 0.0,
            "glyburide-metformin": 0.0,
            "glipizide-metformin": 0.0,
            "glimepiride-pioglitazone": 0.0,
            "metformin-rosiglitazone": 0.0,
            "metformin-pioglitazone": 0.0,
            "change": 0.0,
            "diabetesMed": 0.0
        },
        "Inherent": {
            "number_inpatient": 19.71259072455593,
            "insulin": 6.2660892233472705,
            "number_diagnoses": 4.7980637997541535,
            "diabetesMed": 4.795161770018037,
            "diag_1": 3.424730324313477,
            "change": 3.2724112586674203,
            "num_procedures": 2.830151408441455,
            "metformin": 2.771146589824651,
            "gender": 1.2443551528946606,
            "admission_type_id": 0.9209591058789611,
            "glimepiride": 0.8741861209833097,
            "num_lab_procedures": 0.861482223145733,
            "pioglitazone": 0.518823769161633,
            "glyburide": 0.47260544824552925,
            "rosiglitazone": 0.33713087650341156,
            "number_outpatient": 0.16043044623814748,
            "glyburide-metformin": 0.08411340301752286,
            "medical_specialty": 0.07301315522412985,
            "glipizide": 0.06462223617437432,
            "tolazamide": 0.034354516616417086,
            "race": 0.033239322042522855,
            "nateglinide": 0.018729052755646597,
            "acetohexamide": -0.0,
            "troglitazone": -0.0,
            "acarbose": -0.0,
            "miglitol": -0.0,
            "glimepiride-pioglitazone": -0.0,
            "glipizide-metformin": -0.0,
            "metformin-pioglitazone": -0.0,
            "metformin-rosiglitazone": -0.0,
            "repaglinide": 0.0,
            "chlorpropamide": -0.0,
            "tolbutamide": -0.0,
            "diag_3": -0.3792210415052476,
            "admission_source_id": -0.458517752033981,
            "diag_2": -1.141269581410297,
            "number_emergency": -2.0997671844145955,
            "num_medications": -4.4167049842429,
            "time_in_hospital": -5.002093729935826,
            "discharge_disposition_id": -7.274982564072649,
            "payer_code": -7.338595319269511,
            "age": -18.3204579153106
        }
    },
    "DecisionTree": {
        "SHAP": {
            "discharge_disposition_id": -30.350996487560877,
            "number_inpatient": 25.349126728876698,
            "num_medications": -21.808695231574568,
            "diag_1": 8.21688504639863,
            "number_diagnoses": 5.888638003095871,
            "payer_code": -3.735874334497893,
            "admission_source_id": 1.946902409270809,
            "number_emergency": -1.447676152602455,
            "medical_specialty": 1.255205606122196,
            "gender": 0.0,
            "num_lab_procedures": 0.0,
            "time_in_hospital": 0.0,
            "admission_type_id": 0.0,
            "age": 0.0,
            "race": 0.0,
            "number_outpatient": 0.0,
            "diag_2": 0.0,
            "num_procedures": 0.0,
            "diag_3": 0.0,
            "metformin": 0.0,
            "repaglinide": 0.0,
            "nateglinide": 0.0,
            "chlorpropamide": 0.0,
            "glimepiride": 0.0,
            "acetohexamide": 0.0,
            "glipizide": 0.0,
            "glyburide": 0.0,
            "tolbutamide": 0.0,
            "pioglitazone": 0.0,
            "rosiglitazone": 0.0,
            "acarbose": 0.0,
            "miglitol": 0.0,
            "troglitazone": 0.0,
            "tolazamide": 0.0,
            "insulin": 0.0,
            "glyburide-metformin": 0.0,
            "glipizide-metformin": 0.0,
            "glimepiride-pioglitazone": 0.0,
            "metformin-rosiglitazone": 0.0,
            "metformin-pioglitazone": 0.0,
            "change": 0.0,
            "diabetesMed": 0.0
        },
        "Lime": {
            "race": 0.0,
            "gender": 0.0,
            "age": -6.120541615621187,
            "admission_type_id": 0.0,
            "discharge_disposition_id": -15.922022927545655,
            "admission_source_id": 0.0,
            "time_in_hospital": 0.0,
            "payer_code": 0.0,
            "medical_specialty": 0.0,
            "num_lab_procedures": 0.0,
            "num_procedures": 0.0,
            "num_medications": 0.0,
            "number_outpatient": 0.0,
            "number_emergency": -4.311257250517995,
            "number_inpatient": 9.804119937493791,
            "diag_1": 8.512153274831439,
            "diag_2": 0.0,
            "diag_3": -1.998402839629207,
            "number_diagnoses": 4.070217510694126,
            "metformin": -2.8941385190529707,