{
    "LogisticRegression": {
        "SHAP": {
            "number_inpatient": 23.061653597719797,
            "diabetesMed": -21.667525864466842,
            "number_diagnoses": 7.946945715664605,
            "discharge_disposition_id": -7.095158429154634,
            "time_in_hospital": 7.018888064515119,
            "num_procedures": -4.583384755306989,
            "age": 3.7187160814075924,
            "metformin": 3.2702512409147397,
            "diag_1": -3.043213062657251,
            "change": -2.694536129039458,
            "num_medications": -2.6549890493871873,
            "number_emergency": -2.3013338614772443,
            "payer_code": -2.0973912800244405,
            "insulin": 1.7115785465995046,
            "glimepiride": 1.3870825519689665,
            "gender": 1.3839611362666235,
            "admission_type_id": -1.178905483532091,
            "glyburide": 0.4894208930543815,
            "pioglitazone": 0.447889557310209,
            "rosiglitazone": 0.4363231402549914,
            "diag_3": -0.3502404339861445,
            "admission_source_id": -0.2539803600064777,
            "glyburide-metformin": 0.19553789315027215,
            "acarbose": 0.18751988257520796,
            "diag_2": 0.17089385589757883,
            "number_outpatient": 0.13497161710214622,
            "num_lab_procedures": 0.10851940066601842,
            "glipizide": 0.08463040525019686,
            "glipizide-metformin": -0.07822717086956547,
            "chlorpropamide": -0.05208677447077185,
            "medical_specialty": 0.028787104357648023,
            "race": 0.028206033411388,
            "tolazamide": 0.026102828398591085,
            "tolbutamide": -0.022915881935316934,
            "troglitazone": -0.020478662753024342,
            "repaglinide": 0.013549747160554704,
            "miglitol": -0.013517163512859575,
            "metformin-rosiglitazone": -0.013298148257559846,
            "acetohexamide": -0.007521677609118918,
            "nateglinide": 0.006883408742135821,
            "glimepiride-pioglitazone": -0.006749659723211658,
            "metformin-pioglitazone": -0.00623344944154767
        },
        "Lime": {
            "race": -25.142124955685347,
            "gender": 0.0,
            "age": 0.0,
            "admission_type_id": 0.0,
            "discharge_disposition_id": -9.477877522944613,
            "admission_source_id": 0.0,
            "time_in_hospital": 7.20874750555779,
            "payer_code": 0.0,
            "medical_specialty": 0.0,
            "num_lab_procedures": 0.0,
            "num_procedures": 0.0,
            "num_medications": 0.0,
            "number_outpatient": 0.0,
            "number_emergency": -11.52454323487779,
            "number_inpatient": 46.646706780934466,
            "diag_1": 0.0,
            "diag_2": 0.0,
            "diag_3": 0.0,
            "number_diagnoses": 0.0,
            "metformin": 0.0,
            "repaglinide": 0.0,
            "nateglinide": 0.0,
            "chlorpropamide": 0.0,
            "glimepiride": 0.0,
            "acetohexamide": 0.0,
            "glipizide": 0.0,
            "glyburide": 0.0,
            "tolbutamide": 0.0,
            "pioglitazone": 0.0,
            "rosiglitazone": 0.0,
            "acarbose": 0.0,
            "miglitol": 0.0,
            "troglitazone": 0.0,
            "tolazamide": 0.0,
            "insulin": 0.0,
            "glyburide-metformin": 0.0,
            "glipizide-metformin": 0.0,
            "glimepiride-pioglitazone": 0.0,
            "metformin-rosiglitazone": 0.0,
            "metformin-pioglitazone": 0.0,
            "change": 0.0,
            "diabetesMed": 0.0
        },
        "Inherent": {
            "number_inpatient": 20.260459047585147,
            "number_diagnoses": 9.766136546121214,
            "time_in_hospital": 7.901884391027397,
            "age": 4.217653851216969,
            "metformin": 2.8481645453156106,
            "insulin": 1.9207737692234823,
            "gender": 1.2789392814039549,
            "glimepiride": 0.8984822112745735,
            "pioglitazone": 0.5332433405071789,
            "glyburide": 0.48574048249864765,
            "rosiglitazone": 0.34650069148776114,
            "diag_2": 0.2475072009007879,
            "number_outpatient": 0.164889259428736,
            "num_lab_procedures": 0.09672015006106817,
            "glyburide-metformin": 0.08645115099288592,
            "glipizide": 0.06641826981896011,
            "tolazamide": 0.03530932522935448,
            "race": 0.034163136262608085,
            "nateglinide": 0.01924958579306109,
            "medical_specialty": 0.016364588550531835,
            "glipizide-metformin": -0.0,
            "glimepiride-pioglitazone": -0.0,
            "troglitazone": -0.0,
            "miglitol": -0.0,
            "chlorpropamide": -0.0,
            "repaglinide": 0.0,
            "metformin-pioglitazone": -0.0,
            "acetohexamide": -0.0,
            "tolbutamide": -0.0,
            "acarbose": -0.0,
            "metformin-rosiglitazone": -0.0,
            "diag_3": -0.389760660521842,
            "admission_source_id": -0.4712612495983602,
            "admission_type_id": -1.1337858377343935,
            "number_emergency": -2.1581256184809994,
            "num_medications": -2.1776170337788248,
            "payer_code": -2.3612121786738016,
            "change": -2.5372721588697646,
            "diag_1": -3.0990524296954294,
            "num_procedures": -4.517937808162294,
            "discharge_disposition_id": -7.477174784929762,
            "diabetesMed": -22.45174941485459
        }
    },
    "DecisionTree": {
        "SHAP": {
            "number_inpatient": 36.939050836936346,
            "discharge_disposition_id": -26.27343474758928,
            "num_medications": -17.885097294139353,
            "diag_1": -7.097919314825169,
            "number_diagnoses": 5.442192335029307,
            "payer_code": -3.0637539404208005,
            "admission_source_id": 1.5966355915501835,
            "number_emergency": -1.1872250295017246,
            "medical_specialty": -0.5146909100078197,
            "gender": 0.0,
            "num_lab_procedures": 0.0,
            "time_in_hospital": 0.0,
            "admission_type_id": 0.0,
            "age": 0.0,
            "race": 0.0,
            "number_outpatient": 0.0,
            "diag_2": 0.0,
            "num_procedures": 0.0,
            "diag_3": 0.0,
            "metformin": 0.0,
            "repaglinide": 0.0,
            "nateglinide": 0.0,
            "chlorpropamide": 0.0,
            "glimepiride": 0.0,
            "acetohexamide": 0.0,
            "glipizide": 0.0,
            "glyburide": 0.0,
            "tolbutamide": 0.0,
            "pioglitazone": 0.0,
            "rosiglitazone": 0.0,
            "acarbose": 0.0,
            "miglitol": 0.0,
            "troglitazone": 0.0,
            "tolazamide": 0.0,
            "insulin": 0.0,
            "glyburide-metformin": 0.0,
            "glipizide-metformin": 0.0,
            "glimepiride-pioglitazone": 0.0,
            "metformin-rosiglitazone": 0.0,
            "metformin-pioglitazone": 0.0,
            "change": 0.0,
            "diabetesMed": 0.0
        },
        "Lime": {
            "race": 0.0,
            "gender": 0.0,
            "age": 2.998373428670489,
            "admission_type_id": 4.767047737898604,
            "discharge_disposition_id": -22.60176458141171,
            "admission_source_id": 0.0,
            "time_in_hospital": 0.0,
            "payer_code": -4.734673473283588,
            "medical_specialty": 0.0,
            "num_lab_procedures": 0.0,
            "num_procedures": 3.82264603964831,
            "num_medications": 0.0,
            "number_outpatient": 0.0,
            "number_emergency": 0.0,
            "number_inpatient": 8.456893246168802,
            "diag_1": 0.0,
            "diag_2": 0.0,
            "diag_3": 0.0,
            "number_diagnoses": 12.91855794882559,