{
    "LogisticRegression": {
        "SHAP": {
            "number_inpatient": -20.938488766019166,
            "age": 10.7989688636529,
            "number_diagnoses": 10.187117130766495,
            "num_medications": 8.959502934410159,
            "insulin": 8.108275721844262,
            "diabetesMed": 8.054565823725317,
            "change": 4.267523649740907,
            "metformin": 4.192105197417577,
            "diag_2": 4.040913323351656,
            "time_in_hospital": 3.308049998760407,
            "number_emergency": -2.9500588581668974,
            "payer_code": -2.6886267256791463,
            "glimepiride": 1.7780884546747704,
            "discharge_disposition_id": 1.4638129189451625,
            "gender": -1.2967976729316544,
            "admission_type_id": 1.2111260173598342,
            "admission_source_id": 0.8661099126134701,
            "glyburide": 0.6273841727598065,
            "num_procedures": 0.6037426361866669,
            "diag_1": -0.5858810486383463,
            "pioglitazone": 0.5741455327890927,
            "rosiglitazone": 0.5593186484060095,
            "diag_3": -0.44897001346245596,
            "glyburide-metformin": 0.25065823931559816,
            "acarbose": 0.24038002479062673,
            "number_outpatient": 0.17301888322179643,
            "num_lab_procedures": 0.13911002856936666,
            "race": -0.1220950075531741,
            "medical_specialty": 0.1136882685054362,
            "glipizide": 0.10848694353210264,
            "glipizide-metformin": -0.10027869586247734,
            "chlorpropamide": -0.06676956046794834,
            "tolazamide": 0.033460977318190616,
            "tolbutamide": -0.029375659754379786,
            "troglitazone": -0.026251410744546306,
            "repaglinide": 0.017369297130689885,
            "miglitol": -0.017327528450306977,
            "metformin-rosiglitazone": -0.017046774794878684,
            "acetohexamide": -0.00964196982910308,
            "nateglinide": 0.008823778798042959,
            "glimepiride-pioglitazone": -0.008652327152259116,
            "metformin-pioglitazone": -0.007990601906917206
        },
        "Lime": {
            "race": 0.0,
            "gender": 0.0,
            "age": 0.0,
            "admission_type_id": 11.068263683539731,
            "discharge_disposition_id": -14.98732544948577,
            "admission_source_id": 8.327992265754123,
            "time_in_hospital": 24.366308858925294,
            "payer_code": 0.0,
            "medical_specialty": 0.0,
            "num_lab_procedures": 0.0,
            "num_procedures": 0.0,
            "num_medications": 0.0,
            "number_outpatient": 0.0,
            "number_emergency": -25.958719752776577,
            "number_inpatient": -15.291389989518509,
            "diag_1": 0.0,
            "diag_2": 0.0,
            "diag_3": 0.0,
            "number_diagnoses": 0.0,
            "metformin": 0.0,
            "repaglinide": 0.0,
            "nateglinide": 0.0,
            "chlorpropamide": 0.0,
            "glimepiride": 0.0,
            "acetohexamide": 0.0,
            "glipizide": 0.0,
            "glyburide": 0.0,
            "tolbutamide": 0.0,
            "pioglitazone": 0.0,
            "rosiglitazone": 0.0,
            "acarbose": 0.0,
            "miglitol": 0.0,
            "troglitazone": 0.0,
            "tolazamide": 0.0,
            "insulin": 0.0,
            "glyburide-metformin": 0.0,
            "glipizide-metformin": 0.0,
            "glimepiride-pioglitazone": 0.0,
            "metformin-rosiglitazone": 0.0,
            "metformin-pioglitazone": 0.0,
            "change": 0.0,
            "diabetesMed": 0.0
        },
        "Inherent": {
            "number_diagnoses": 12.155315070005157,
            "age": 10.986567953108404,
            "num_medications": 9.04820908640158,
            "insulin": 8.015776118009022,
            "diabetesMed": 6.134119995432796,
            "time_in_hospital": 4.42371807546055,
            "change": 4.186170206098327,
            "diag_2": 3.9430747054896416,
            "metformin": 3.544936859732857,
            "admission_type_id": 1.1781195165657141,
            "glimepiride": 1.118286060333139,
            "discharge_disposition_id": 0.7364764190921792,
            "pioglitazone": 0.6636954933239323,
            "glyburide": 0.604571580495912,
            "admission_source_id": 0.5468801023439145,
            "num_procedures": 0.5392111405371394,
            "rosiglitazone": 0.43126829705050435,
            "number_outpatient": 0.20522761386252983,
            "num_lab_procedures": 0.12038167724343328,
            "glyburide-metformin": 0.10760047983360184,
            "medical_specialty": 0.09340069780133586,
            "glipizide": 0.08266677331833143,
            "tolazamide": 0.04394736557749116,
            "nateglinide": 0.023958786483963677,
            "acarbose": -0.0,
            "troglitazone": -0.0,
            "glimepiride-pioglitazone": -0.0,
            "glipizide-metformin": -0.0,
            "metformin-pioglitazone": -0.0,
            "miglitol": -0.0,
            "acetohexamide": -0.0,
            "chlorpropamide": -0.0,
            "repaglinide": 0.0,
            "tolbutamide": -0.0,
            "metformin-rosiglitazone": -0.0,
            "race": -0.10799524019069716,
            "diag_3": -0.4851113445078703,
            "diag_1": -0.7040764660711536,
            "gender": -1.3289487994799838,
            "number_emergency": -2.6860874542763846,
            "payer_code": -2.9388569208888002,
            "number_inpatient": -22.81534370098364
        }
    },
    "DecisionTree": {
        "SHAP": {
            "discharge_disposition_id": 56.24494272541526,
            "number_inpatient": -22.974451531648267,
            "payer_code": -13.9051976691594,
            "diag_1": -2.7124395305372953,
            "number_diagnoses": 1.988084397992088,
            "num_medications": 1.225031950193032,
            "medical_specialty": 0.7249603931777147,
            "admission_source_id": 0.22489180187693866,
            "gender": 0.0,
            "race": 0.0,
            "num_lab_procedures": 0.0,
            "time_in_hospital": 0.0,
            "admission_type_id": 0.0,
            "age": 0.0,
            "number_emergency": 0.0,
            "number_outpatient": 0.0,
            "diag_2": 0.0,
            "num_procedures": 0.0,
            "diag_3": 0.0,
            "metformin": 0.0,
            "repaglinide": 0.0,
            "nateglinide": 0.0,
            "chlorpropamide": 0.0,
            "glimepiride": 0.0,
            "acetohexamide": 0.0,
            "glipizide": 0.0,
            "glyburide": 0.0,
            "tolbutamide": 0.0,
            "pioglitazone": 0.0,
            "rosiglitazone": 0.0,
            "acarbose": 0.0,
            "miglitol": 0.0,
            "troglitazone": 0.0,
            "tolazamide": 0.0,
            "insulin": 0.0,
            "glyburide-metformin": 0.0,
            "glipizide-metformin": 0.0,
            "glimepiride-pioglitazone": 0.0,
            "metformin-rosiglitazone": 0.0,
            "metformin-pioglitazone": 0.0,
            "change": 0.0,
            "diabetesMed": 0.0
        },
        "Lime": {
            "race": 0.0,
            "gender": 0.0,
            "age": 0.0,
            "admission_type_id": 0.0,
            "discharge_disposition_id": 27.319706603764725,
            "admission_source_id": 0.0,
            "time_in_hospital": 0.0,
            "payer_code": -4.061667100303213,
            "medical_specialty": 0.0,
            "num_lab_procedures": 0.0,
            "num_procedures": 0.0,
            "num_medications": 2.232736368238869,
            "number_outpatient": 3.5276604153922224,
            "number_emergency": 0.0,
            "number_inpatient": -33.21432556724842,
            "diag_1": 2.7541755012599367,
            "diag_2": 0.0,
            "diag_3": 0.0,
            "number_diagnoses": 4.100879225285941,