{
    "LogisticRegression": {
        "SHAP": {
            "discharge_disposition_id": 33.533289398726005,
            "number_inpatient": -13.838119236651261,
            "number_diagnoses": -9.992670953101918,
            "tolazamide": -6.085354564485011,
            "diabetesMed": 5.32321331848239,
            "time_in_hospital": -3.453863019220272,
            "payer_code": 3.344355143160724,
            "age": 3.150473349730337,
            "metformin": 2.770536700270129,
            "change": -2.2827944050009634,
            "admission_source_id": 2.147561433143686,
            "number_emergency": -1.9496758668039313,
            "diag_2": 1.9335036230884468,
            "diag_1": -1.906964383569489,
            "insulin": 1.4500387980657188,
            "glimepiride": 1.1751277909337121,
            "admission_type_id": -0.9987614613248347,
            "gender": -0.8570456552224172,
            "num_lab_procedures": -0.7696797561362776,
            "diag_3": -0.4458036568398919,
            "glyburide": 0.41463436482233795,
            "num_procedures": 0.3990098178126372,
            "pioglitazone": 0.3794492730927235,
            "rosiglitazone": 0.36965027583490206,
            "num_medications": -0.20664759125253623,
            "glyburide-metformin": 0.16565849818767858,
            "acarbose": 0.15886568903483939,
            "number_outpatient": 0.11434712232437087,
            "medical_specialty": -0.08274561608441831,
            "glipizide": 0.0716983578420167,
            "glipizide-metformin": -0.06627357713097615,
            "chlorpropamide": -0.04412759437700002,
            "race": 0.02389597770275207,
            "tolbutamide": -0.019414193969725057,
            "troglitazone": -0.0173493968964411,
            "repaglinide": 0.011479262301937765,
            "miglitol": -0.011451657636388347,
            "metformin-rosiglitazone": -0.011266109261653322,
            "acetohexamide": -0.006372318922455334,
            "nateglinide": 0.005831581471310184,
            "glimepiride-pioglitazone": -0.005718270126628646,
            "metformin-pioglitazone": -0.005280939956850372
        },
        "Lime": {
            "race": 0.0,
            "gender": 0.0,
            "age": 0.0,
            "admission_type_id": -11.758245690901395,
            "discharge_disposition_id": 30.755108836092244,
            "admission_source_id": 0.0,
            "time_in_hospital": 0.0,
            "payer_code": 0.0,
            "medical_specialty": 0.0,
            "num_lab_procedures": 0.0,
            "num_procedures": 0.0,
            "num_medications": 0.0,
            "number_outpatient": 0.0,
            "number_emergency": -24.858223614364654,
            "number_inpatient": 0.0,
            "diag_1": 0.0,
            "diag_2": 0.0,
            "diag_3": 0.0,
            "number_diagnoses": -32.628421858641715,
            "metformin": 0.0,
            "repaglinide": 0.0,
            "nateglinide": 0.0,
            "chlorpropamide": 0.0,
            "glimepiride": 0.0,
            "acetohexamide": 0.0,
            "glipizide": 0.0,
            "glyburide": 0.0,
            "tolbutamide": 0.0,
            "pioglitazone": 0.0,
            "rosiglitazone": 0.0,
            "acarbose": 0.0,
            "miglitol": 0.0,
            "troglitazone": 0.0,
            "tolazamide": 0.0,
            "insulin": 0.0,
            "glyburide-metformin": 0.0,
            "glipizide-metformin": 0.0,
            "glimepiride-pioglitazone": 0.0,
            "metformin-rosiglitazone": 0.0,
            "metformin-pioglitazone": 0.0,
            "change": 0.0,
            "diabetesMed": 0.0
        },
        "Inherent": {
            "discharge_disposition_id": 34.076464552063854,
            "diabetesMed": 4.391076831276419,
            "age": 3.757795401917627,
            "payer_code": 3.1721345841545263,
            "metformin": 2.5376239989926153,
            "diag_2": 2.0632588572440604,
            "admission_source_id": 2.014201107847048,
            "insulin": 1.7113483213017433,
            "glimepiride": 0.8005190661291862,
            "pioglitazone": 0.4751028519049487,
            "glyburide": 0.4327793166648773,
            "num_procedures": 0.3859913969960919,
            "rosiglitazone": 0.3087210926184193,
            "num_medications": 0.16413733721418766,
            "number_outpatient": 0.14691108440018627,
            "glyburide-metformin": 0.07702522519666137,
            "glipizide": 0.05917656539239145,
            "race": 0.03043826755144251,
            "nateglinide": 0.01715076853950731,
            "glimepiride-pioglitazone": -0.0,
            "miglitol": -0.0,
            "glipizide-metformin": -0.0,
            "metformin-pioglitazone": -0.0,
            "troglitazone": -0.0,
            "chlorpropamide": -0.0,
            "repaglinide": 0.0,
            "metformin-rosiglitazone": -0.0,
            "acetohexamide": -0.0,
            "acarbose": -0.0,
            "tolbutamide": -0.0,
            "medical_specialty": -0.09578868728171588,
            "diag_3": -0.5008483286320541,
            "num_lab_procedures": -0.8014605478345747,
            "gender": -0.9513208557533999,
            "admission_type_id": -1.010167111406804,
            "number_emergency": -1.9228212679303973,
            "diag_1": -2.0696609852465038,
            "change": -2.260628773331718,
            "time_in_hospital": -2.6437543820888267,
            "tolazamide": -6.2604376057855085,
            "number_diagnoses": -8.529013658628095,
            "number_inpatient": -16.332241168674617
        }
    },
    "DecisionTree": {
        "SHAP": {
            "number_inpatient": -47.22189768994923,
            "discharge_disposition_id": -17.16466861203712,
            "number_diagnoses": -14.22305295251472,
            "diag_1": -10.431092313474839,
            "payer_code": 8.747384385267233,
            "num_medications": -0.8915787918683438,
            "admission_source_id": -0.7692611953464169,
            "medical_specialty": -0.551064059542104,
            "gender": 0.0,
            "race": 0.0,
            "num_lab_procedures": 0.0,
            "time_in_hospital": 0.0,
            "admission_type_id": 0.0,
            "age": 0.0,
            "number_emergency": 0.0,
            "number_outpatient": 0.0,
            "diag_2": 0.0,
            "num_procedures": 0.0,
            "diag_3": 0.0,
            "metformin": 0.0,
            "repaglinide": 0.0,
            "nateglinide": 0.0,
            "chlorpropamide": 0.0,
            "glimepiride": 0.0,
            "acetohexamide": 0.0,
            "glipizide": 0.0,
            "glyburide": 0.0,
            "tolbutamide": 0.0,
            "pioglitazone": 0.0,
            "rosiglitazone": 0.0,
            "acarbose": 0.0,
            "miglitol": 0.0,
            "troglitazone": 0.0,
            "tolazamide": 0.0,
            "insulin": 0.0,
            "glyburide-metformin": 0.0,
            "glipizide-metformin": 0.0,
            "glimepiride-pioglitazone": 0.0,
            "metformin-rosiglitazone": 0.0,
            "metformin-pioglitazone": 0.0,
            "change": 0.0,
            "diabetesMed": 0.0
        },
        "Lime": {
            "race": -2.638691535054383,
            "gender": 0.0,
            "age": 0.0,
            "admission_type_id": 0.0,
            "discharge_disposition_id": 0.0,
            "admission_source_id": 0.0,
            "time_in_hospital": 0.0,
            "payer_code": 3.4470752946582577,
            "medical_specialty": -3.7814225851427583,
            "num_lab_procedures": 0.0,
            "num_procedures": 0.0,
            "num_medications": 0.0,
            "number_outpatient": 0.0,
            "number_emergency": 0.0,
            "number_inpatient": -34.34857872997535,
            "diag_1": -10.681308208554752,
            "diag_2": 0.0,
            "diag_3": 0.0,
            "number_diagnoses": -4.600538682629054,
            "metformin": 0.0,