{
    "LogisticRegression": {
        "SHAP": {
            "number_inpatient": 51.01223554384672,
            "metformin": -8.913076082934936,
            "discharge_disposition_id": 5.417766999349376,
            "diabetesMed": 5.1319418884373,
            "num_procedures": -3.7434924721959666,
            "num_medications": 2.9515734264619913,
            "change": -2.2007700102942063,
            "admission_source_id": 2.0703961718905104,
            "diag_2": -2.01124914869169,
            "number_emergency": -1.8796209453013104,
            "diag_1": -1.8384441528614741,
            "number_diagnoses": -1.5714640781000002,
            "time_in_hospital": -1.5172688905820197,
            "insulin": 1.3979366225688394,
            "glimepiride": 1.1329036004664215,
            "payer_code": -1.0958955814492968,
            "admission_type_id": -0.9628743905741196,
            "gender": -0.8262506563597644,
            "age": -0.8059860897986928,
            "num_lab_procedures": -0.7766346797865891,
            "diag_3": 0.6301893310159666,
            "glyburide": 0.39973589971104007,
            "pioglitazone": 0.36581506368728367,
            "rosiglitazone": 0.35636815981861947,
            "number_outpatient": -0.2941168570707875,
            "glyburide-metformin": 0.15970612770170436,
            "acarbose": 0.153157394869492,
            "medical_specialty": 0.07243613127456042,
            "glipizide": 0.06912212303498534,
            "glipizide-metformin": -0.06389226323021004,
            "chlorpropamide": -0.04254202048094116,
            "race": 0.023037357626103698,
            "tolazamide": 0.021319558978766983,
            "tolbutamide": -0.01871661143421608,
            "troglitazone": -0.016726005768514594,
            "repaglinide": 0.011066794346026448,
            "miglitol": -0.011040181559543236,
            "metformin-rosiglitazone": -0.010861300229853143,
            "acetohexamide": -0.006143351477403009,
            "nateglinide": 0.005622043573670577,
            "glimepiride-pioglitazone": -0.00551280368388684,
            "metformin-pioglitazone": -0.0050911874752013735
        },
        "Lime": {
            "race": -16.706505567720107,
            "gender": 0.0,
            "age": 0.0,
            "admission_type_id": 0.0,
            "discharge_disposition_id": 15.31286850770129,
            "admission_source_id": 0.0,
            "time_in_hospital": 0.0,
            "payer_code": 0.0,
            "medical_specialty": 0.0,
            "num_lab_procedures": 0.0,
            "num_procedures": 0.0,
            "num_medications": 4.065944250448538,
            "number_outpatient": 0.0,
            "number_emergency": -15.061231284045048,
            "number_inpatient": 48.853450390085015,
            "diag_1": 0.0,
            "diag_2": 0.0,
            "diag_3": 0.0,
            "number_diagnoses": 0.0,
            "metformin": 0.0,
            "repaglinide": 0.0,
            "nateglinide": 0.0,
            "chlorpropamide": 0.0,
            "glimepiride": 0.0,
            "acetohexamide": 0.0,
            "glipizide": 0.0,
            "glyburide": 0.0,
            "tolbutamide": 0.0,
            "pioglitazone": 0.0,
            "rosiglitazone": 0.0,
            "acarbose": 0.0,
            "miglitol": 0.0,
            "troglitazone": 0.0,
            "tolazamide": 0.0,
            "insulin": 0.0,
            "glyburide-metformin": 0.0,
            "glipizide-metformin": 0.0,
            "glimepiride-pioglitazone": 0.0,
            "metformin-rosiglitazone": 0.0,
            "metformin-pioglitazone": 0.0,
            "change": 0.0,
            "diabetesMed": 0.0
        },
        "Inherent": {
            "number_inpatient": 52.32903051367992,
            "discharge_disposition_id": 5.309193801385062,
            "diabetesMed": 4.382195075748786,
            "num_medications": 3.523914866571999,
            "admission_source_id": 2.010127017934532,
            "insulin": 1.7078868065078856,
            "glimepiride": 0.79889986999262,
            "diag_3": 0.6305555240987782,
            "pioglitazone": 0.4741418695438465,
            "glyburide": 0.43190394139003463,
            "rosiglitazone": 0.3080966477780716,
            "number_diagnoses": 0.08597739565153081,
            "glyburide-metformin": 0.0768694275994103,
            "medical_specialty": 0.06672515018963791,
            "glipizide": 0.059056869972116274,
            "tolazamide": 0.03139585289645535,
            "race": 0.030376700591568107,
            "nateglinide": 0.0171160779751806,
            "troglitazone": -0.0,
            "miglitol": -0.0,
            "acarbose": -0.0,
            "glipizide-metformin": -0.0,
            "glimepiride-pioglitazone": -0.0,
            "metformin-rosiglitazone": -0.0,
            "acetohexamide": -0.0,
            "chlorpropamide": -0.0,
            "metformin-pioglitazone": -0.0,
            "tolbutamide": -0.0,
            "repaglinide": 0.0,
            "number_outpatient": -0.2846035109404159,
            "age": -0.3483787309029045,
            "time_in_hospital": -0.7055080736597689,
            "num_lab_procedures": -0.8367494357215378,
            "gender": -0.9493966354325531,
            "admission_type_id": -1.008123863777506,
            "payer_code": -1.4413561773522263,
            "number_emergency": -1.9189320104472556,
            "diag_1": -2.0654747175945443,
            "diag_2": -2.073635952140394,
            "change": -2.2560562384217264,
            "num_procedures": -4.01719687077097,
            "metformin": -9.821124373330772
        }
    },
    "DecisionTree": {
        "SHAP": {
            "number_inpatient": 85.69326307163455,
            "discharge_disposition_id": 5.378089794686048,
            "diag_1": -2.890354166759276,
            "number_diagnoses": 1.9569078984509352,
            "payer_code": -1.5363004218411844,
            "admission_source_id": -1.0207941717726212,
            "num_medications": 1.0081134751618046,
            "medical_specialty": 0.5161769996935633,
            "gender": 0.0,
            "race": 0.0,
            "num_lab_procedures": 0.0,
            "time_in_hospital": 0.0,
            "admission_type_id": 0.0,
            "age": 0.0,
            "number_emergency": 0.0,
            "number_outpatient": 0.0,
            "diag_2": 0.0,
            "num_procedures": 0.0,
            "diag_3": 0.0,
            "metformin": 0.0,
            "repaglinide": 0.0,
            "nateglinide": 0.0,
            "chlorpropamide": 0.0,
            "glimepiride": 0.0,
            "acetohexamide": 0.0,
            "glipizide": 0.0,
            "glyburide": 0.0,
            "tolbutamide": 0.0,
            "pioglitazone": 0.0,
            "rosiglitazone": 0.0,
            "acarbose": 0.0,
            "miglitol": 0.0,
            "troglitazone": 0.0,
            "tolazamide": 0.0,
            "insulin": 0.0,
            "glyburide-metformin": 0.0,
            "glipizide-metformin": 0.0,
            "glimepiride-pioglitazone": 0.0,
            "metformin-rosiglitazone": 0.0,
            "metformin-pioglitazone": 0.0,
            "change": 0.0,
            "diabetesMed": 0.0
        },
        "Lime": {
            "race": 0.0,
            "gender": 0.0,
            "age": 0.0,
            "admission_type_id": 0.0,
            "discharge_disposition_id": 0.0,
            "admission_source_id": 0.0,
            "time_in_hospital": 0.0,
            "payer_code": 0.0,
            "medical_specialty": 0.0,
            "num_lab_procedures": 0.0,
            "num_procedures": -2.858992128827955,
            "num_medications": 0.0,
            "number_outpatient": -4.186443829716931,
            "number_emergency": 0.0,
            "number_inpatient": 47.51380690386476,
            "diag_1": -8.42845247033997,
            "diag_2": 4.365961637910319,
            "diag_3": 3.034763981244078,
            "number_diagnoses": 3.7508234104626914,