{
    "LogisticRegression": {
        "SHAP": {
            "diabetesMed": -23.07242167401648,
            "number_inpatient": -17.393145769166715,
            "number_emergency": 15.59525603660171,
            "number_diagnoses": 8.46221593177012,
            "discharge_disposition_id": -7.555199802016537,
            "time_in_hospital": -4.341163848402413,
            "age": 3.9598330724454107,
            "metformin": 3.4822903215773837,
            "change": -2.869246547757621,
            "payer_code": -2.233383558917921,
            "insulin": 1.8225552009196018,
            "glimepiride": 1.4770192838759697,
            "gender": 1.4736954794067914,
            "admission_type_id": 1.0060559575319759,
            "num_lab_procedures": 0.7924099862101255,
            "diag_1": -0.693615509246832,
            "glyburide": 0.5211543436596364,
            "num_procedures": 0.5015158350538464,
            "pioglitazone": 0.4769301670292014,
            "rosiglitazone": 0.4646137976742139,
            "admission_source_id": -0.2704481351328552,
            "num_medications": -0.25973556203959475,
            "glyburide-metformin": 0.20821633038456142,
            "acarbose": 0.19967844183504396,
            "diag_2": 0.16962139180772298,
            "number_outpatient": 0.14372301126043852,
            "medical_specialty": 0.09443836412722925,
            "glipizide": 0.09011773695757334,
            "glipizide-metformin": -0.08329932471098792,
            "chlorpropamide": -0.05546401706158137,
            "diag_3": 0.055350893434560865,
            "race": 0.030034878033129542,
            "tolazamide": 0.027795303786134654,
            "tolbutamide": -0.02440171962183644,
            "troglitazone": -0.02180647413614517,
            "repaglinide": 0.014428296152506662,
            "miglitol": -0.014393599821047222,
            "metformin-rosiglitazone": -0.014160383885138052,
            "acetohexamide": -0.008009373962635858,
            "nateglinide": 0.007329720524926988,
            "glimepiride-pioglitazone": -0.007187299383611313,
            "metformin-pioglitazone": -0.006637618660232267
        },
        "Lime": {
            "race": -37.09510229187836,
            "gender": 0.0,
            "age": 0.0,
            "admission_type_id": 0.0,
            "discharge_disposition_id": -25.14329721739681,
            "admission_source_id": 0.0,
            "time_in_hospital": 0.0,
            "payer_code": 0.0,
            "medical_specialty": 0.0,
            "num_lab_procedures": 0.0,
            "num_procedures": 0.0,
            "num_medications": 0.0,
            "number_outpatient": 0.0,
            "number_emergency": 26.673101104347513,
            "number_inpatient": -11.088499386377324,
            "diag_1": 0.0,
            "diag_2": 0.0,
            "diag_3": 0.0,
            "number_diagnoses": 0.0,
            "metformin": 0.0,
            "repaglinide": 0.0,
            "nateglinide": 0.0,
            "chlorpropamide": 0.0,
            "glimepiride": 0.0,
            "acetohexamide": 0.0,
            "glipizide": 0.0,
            "glyburide": 0.0,
            "tolbutamide": 0.0,
            "pioglitazone": 0.0,
            "rosiglitazone": 0.0,
            "acarbose": 0.0,
            "miglitol": 0.0,
            "troglitazone": 0.0,
            "tolazamide": 0.0,
            "insulin": 0.0,
            "glyburide-metformin": 0.0,
            "glipizide-metformin": 0.0,
            "glimepiride-pioglitazone": 0.0,
            "metformin-rosiglitazone": 0.0,
            "metformin-pioglitazone": 0.0,
            "change": 0.0,
            "diabetesMed": 0.0
        },
        "Inherent": {
            "number_emergency": 14.874701304375723,
            "number_diagnoses": 10.05815734347473,
            "age": 4.343767451490423,
            "metformin": 2.9333285482546656,
            "insulin": 1.9782075236027552,
            "gender": 1.3171813095548563,
            "admission_type_id": 0.9748584383696529,
            "glimepiride": 0.9253480543339314,
            "num_lab_procedures": 0.7408925646959371,
            "pioglitazone": 0.5491880433835897,
            "glyburide": 0.5002647851577656,
            "num_procedures": 0.44618098845172194,
            "rosiglitazone": 0.35686153456362285,
            "diag_2": 0.24320423855637205,
            "num_medications": 0.18973210265823967,
            "number_outpatient": 0.16981967308678939,
            "glyburide-metformin": 0.08903615827041557,
            "medical_specialty": 0.07728626605445708,
            "glipizide": 0.06840426663763832,
            "tolazamide": 0.036365122192544175,
            "race": 0.03518466061303977,
            "nateglinide": 0.019825174652121965,
            "diag_3": 0.004374922991606251,
            "troglitazone": -0.0,
            "acetohexamide": -0.0,
            "chlorpropamide": -0.0,
            "metformin-rosiglitazone": -0.0,
            "metformin-pioglitazone": -0.0,
            "glipizide-metformin": -0.0,
            "glimepiride-pioglitazone": -0.0,
            "repaglinide": 0.0,
            "miglitol": -0.0,
            "tolbutamide": -0.0,
            "acarbose": -0.0,
            "admission_source_id": -0.4853526034535533,
            "diag_1": -0.778662840744579,
            "payer_code": -2.431815641965641,
            "change": -2.6131400556001565,
            "time_in_hospital": -3.0560083789533454,
            "discharge_disposition_id": -7.700752504976488,
            "number_inpatient": -18.879010167019153,
            "diabetesMed": -23.12308733186448
        }
    },
    "DecisionTree": {
        "SHAP": {
            "number_inpatient": -39.91523415822217,
            "discharge_disposition_id": -39.14868897002313,
            "diag_1": -10.20733627263701,
            "number_diagnoses": 5.554713140055798,
            "payer_code": -2.3651516317372074,
            "num_medications": -1.767701741382876,
            "medical_specialty": 0.7946604520584353,
            "admission_source_id": 0.2465136338833825,
            "gender": 0.0,
            "race": 0.0,
            "num_lab_procedures": 0.0,
            "time_in_hospital": 0.0,
            "admission_type_id": 0.0,
            "age": 0.0,
            "number_emergency": 0.0,
            "number_outpatient": 0.0,
            "diag_2": 0.0,
            "num_procedures": 0.0,
            "diag_3": 0.0,
            "metformin": 0.0,
            "repaglinide": 0.0,
            "nateglinide": 0.0,
            "chlorpropamide": 0.0,
            "glimepiride": 0.0,
            "acetohexamide": 0.0,
            "glipizide": 0.0,
            "glyburide": 0.0,
            "tolbutamide": 0.0,
            "pioglitazone": 0.0,
            "rosiglitazone": 0.0,
            "acarbose": 0.0,
            "miglitol": 0.0,
            "troglitazone": 0.0,
            "tolazamide": 0.0,
            "insulin": 0.0,
            "glyburide-metformin": 0.0,
            "glipizide-metformin": 0.0,
            "glimepiride-pioglitazone": 0.0,
            "metformin-rosiglitazone": 0.0,
            "metformin-pioglitazone": 0.0,
            "change": 0.0,
            "diabetesMed": 0.0
        },
        "Lime": {
            "race": 2.282695365248151,
            "gender": 0.0,
            "age": 0.0,
            "admission_type_id": 0.0,
            "discharge_disposition_id": -18.700096175816363,
            "admission_source_id": 0.0,
            "time_in_hospital": 0.0,
            "payer_code": 0.0,
            "medical_specialty": 0.0,
            "num_lab_procedures": 0.0,
            "num_procedures": 0.0,
            "num_medications": 0.0,
            "number_outpatient": 4.44612084927596,
            "number_emergency": 0.0,
            "number_inpatient": -34.8869612485318,
            "diag_1": -4.043548484710024,
            "diag_2": -5.238550081411526,
            "diag_3": 0.0,
            "number_diagnoses": 2.4383802147504237,
            "metformin": 0.0,