{
    "LogisticRegression": {
        "SHAP": {
            "number_diagnoses": -22.13371691455927,
            "number_inpatient": -13.590721327593267,
            "metformin": -9.079986294070801,
            "age": 7.009377710651572,
            "discharge_disposition_id": -5.903510293435197,
            "diabetesMed": 5.228044905640986,
            "num_medications": 4.611745419655181,
            "time_in_hospital": 3.9936167986452635,
            "diag_1": 3.985539853060252,
            "rosiglitazone": -3.315887238055701,
            "payer_code": 3.2845647586860816,
            "change": 2.769957532783735,
            "admission_source_id": 2.109167327770887,
            "number_emergency": -1.914819559776991,
            "diag_2": 1.8989364434502478,
            "num_procedures": -1.7108592253282078,
            "insulin": 1.4241150030355179,
            "glimepiride": 1.1541188551541348,
            "gender": 1.1515216883800776,
            "diag_3": 1.096928540138525,
            "admission_type_id": -0.9809056029560882,
            "glyburide": 0.407221531248181,
            "pioglitazone": 0.37266547862244026,
            "glyburide-metformin": 0.16269685539732223,
            "acarbose": 0.15602548809306832,
            "number_outpatient": 0.1123028243611822,
            "medical_specialty": 0.07379260235731605,
            "glipizide": 0.07041653453137298,
            "glipizide-metformin": -0.06508873805511593,
            "num_lab_procedures": -0.050742138151014714,
            "chlorpropamide": -0.04333868120217244,
            "race": 0.023468765390337574,
            "tolazamide": 0.021718798484562582,
            "tolbutamide": -0.019067106991211738,
            "troglitazone": -0.017039224361995193,
            "repaglinide": 0.011274036039433402,
            "miglitol": -0.011246924890121298,
            "metformin-rosiglitazone": -0.011064693749408723,
            "acetohexamide": -0.00625839459861437,
            "nateglinide": 0.005727324452142266,
            "glimepiride-pioglitazone": -0.005616038887790219,
            "metformin-pioglitazone": -0.005186527307208991
        },
        "Lime": {
            "race": 0.0,
            "gender": 0.0,
            "age": 0.0,
            "admission_type_id": 0.0,
            "discharge_disposition_id": -21.287155842234906,
            "admission_source_id": 0.0,
            "time_in_hospital": 13.785757276829052,
            "payer_code": 0.0,
            "medical_specialty": 0.0,
            "num_lab_procedures": 0.0,
            "num_procedures": -12.502976741156088,
            "num_medications": 7.247321241727371,
            "number_outpatient": 0.0,
            "number_emergency": -22.82076363827793,
            "number_inpatient": 0.0,
            "diag_1": 0.0,
            "diag_2": 0.0,
            "diag_3": 0.0,
            "number_diagnoses": -22.356025259774658,
            "metformin": 0.0,
            "repaglinide": 0.0,
            "nateglinide": 0.0,
            "chlorpropamide": 0.0,
            "glimepiride": 0.0,
            "acetohexamide": 0.0,
            "glipizide": 0.0,
            "glyburide": 0.0,
            "tolbutamide": 0.0,
            "pioglitazone": 0.0,
            "rosiglitazone": 0.0,
            "acarbose": 0.0,
            "miglitol": 0.0,
            "troglitazone": 0.0,
            "tolazamide": 0.0,
            "insulin": 0.0,
            "glyburide-metformin": 0.0,
            "glipizide-metformin": 0.0,
            "glimepiride-pioglitazone": 0.0,
            "metformin-rosiglitazone": 0.0,
            "metformin-pioglitazone": 0.0,
            "change": 0.0,
            "diabetesMed": 0.0
        },
        "Inherent": {
            "age": 7.444470455816234,
            "num_medications": 4.935908255134025,
            "time_in_hospital": 4.830833491492237,
            "diabetesMed": 4.156464081716355,
            "diag_1": 3.8577688508035646,
            "payer_code": 3.0026492288853657,
            "change": 2.8365382670299724,
            "diag_2": 1.9530201043932085,
            "admission_source_id": 1.906583482777719,
            "insulin": 1.6199119491900549,
            "gender": 1.07861168109994,
            "diag_3": 1.04978546197688,
            "glimepiride": 0.7577477855535217,
            "pioglitazone": 0.4497183754559574,
            "glyburide": 0.4096561627468535,
            "number_outpatient": 0.13906170831856593,
            "glyburide-metformin": 0.07290981101393597,
            "medical_specialty": 0.0632880748840169,
            "glipizide": 0.056014794999912534,
            "tolazamide": 0.029778622955681462,
            "race": 0.02881196814551456,
            "nateglinide": 0.016234412684501147,
            "glimepiride-pioglitazone": -0.0,
            "troglitazone": -0.0,
            "acarbose": -0.0,
            "chlorpropamide": -0.0,
            "metformin-rosiglitazone": -0.0,
            "glipizide-metformin": -0.0,
            "acetohexamide": -0.0,
            "miglitol": -0.0,
            "metformin-pioglitazone": -0.0,
            "repaglinide": 0.0,
            "tolbutamide": -0.0,
            "num_lab_procedures": -0.0584645625560036,
            "admission_type_id": -0.956194454441609,
            "num_procedures": -1.7224495913838636,
            "number_emergency": -1.820086015982964,
            "rosiglitazone": -3.360602442973506,
            "discharge_disposition_id": -6.305981982035816,
            "metformin": -9.315229010621643,
            "number_inpatient": -15.45961876777096,
            "number_diagnoses": -20.30560614515961
        }
    },
    "DecisionTree": {
        "SHAP": {
            "discharge_disposition_id": -35.79111195582675,
            "number_inpatient": -29.472327278676204,
            "number_diagnoses": -19.610694286450865,
            "diag_1": 7.771544999662186,
            "payer_code": 4.323132524094971,
            "admission_source_id": -1.4784946456269317,
            "num_medications": 1.0080005237851086,
            "medical_specialty": 0.544693785876999,
            "gender": 0.0,
            "race": 0.0,
            "num_lab_procedures": 0.0,
            "time_in_hospital": 0.0,
            "admission_type_id": 0.0,
            "age": 0.0,
            "number_emergency": 0.0,
            "number_outpatient": 0.0,
            "diag_2": 0.0,
            "num_procedures": 0.0,
            "diag_3": 0.0,
            "metformin": 0.0,
            "repaglinide": 0.0,
            "nateglinide": 0.0,
            "chlorpropamide": 0.0,
            "glimepiride": 0.0,
            "acetohexamide": 0.0,
            "glipizide": 0.0,
            "glyburide": 0.0,
            "tolbutamide": 0.0,
            "pioglitazone": 0.0,
            "rosiglitazone": 0.0,
            "acarbose": 0.0,
            "miglitol": 0.0,
            "troglitazone": 0.0,
            "tolazamide": 0.0,
            "insulin": 0.0,
            "glyburide-metformin": 0.0,
            "glipizide-metformin": 0.0,
            "glimepiride-pioglitazone": 0.0,
            "metformin-rosiglitazone": 0.0,
            "metformin-pioglitazone": 0.0,
            "change": 0.0,
            "diabetesMed": 0.0
        },
        "Lime": {
            "race": 0.0,
            "gender": 0.0,
            "age": 0.0,
            "admission_type_id": 0.0,
            "discharge_disposition_id": -14.182714200156552,
            "admission_source_id": 0.0,
            "time_in_hospital": 0.0,
            "payer_code": 2.8333850857689002,
            "medical_specialty": 0.0,
            "num_lab_procedures": 0.0,
            "num_procedures": 0.0,
            "num_medications": 0.0,
            "number_outpatient": 0.0,
            "number_emergency": -2.2034070453788055,
            "number_inpatient": -30.101109642269098,
            "diag_1": 0.0,
            "diag_2": 3.585702400235195,
            "diag_3": -3.459933721412398,
            "number_diagnoses": -5.8577432887633,