{
    "LogisticRegression": {
        "SHAP": {
            "diabetesMed": -20.334865701402254,
            "discharge_disposition_id": 19.10941046230136,
            "number_inpatient": -15.329439117317744,
            "time_in_hospital": -7.991391872557093,
            "number_diagnoses": 7.458169191775886,
            "num_medications": -5.207025611464267,
            "metformin": 3.0691145915695266,
            "num_procedures": 2.8137579887193684,
            "change": -2.528808810675068,
            "diag_2": 2.4902695679369242,
            "number_emergency": -2.159790430155821,
            "payer_code": -1.9683913276195657,
            "insulin": 1.606307988286719,
            "glimepiride": 1.3017701046017092,
            "gender": 1.2988406714258853,
            "age": -0.9261234548048071,
            "admission_type_id": 0.8866868451675199,
            "glyburide": 0.4593190839588317,
            "diag_1": -0.4289339104390063,
            "pioglitazone": 0.42034213107365853,
            "rosiglitazone": 0.40948710595747895,
            "number_outpatient": -0.33795684967064693,
            "diag_3": -0.3286989125043021,
            "admission_source_id": -0.2383593098645,
            "glyburide-metformin": 0.18351134419397028,
            "acarbose": 0.17598648098364245,
            "num_lab_procedures": -0.09700346999168934,
            "medical_specialty": 0.08323319843577681,
            "glipizide": 0.07942521614063144,
            "glipizide-metformin": -0.07341581239055799,
            "chlorpropamide": -0.04888317984746688,
            "race": 0.02647122264801105,
            "tolazamide": 0.024497375160980783,
            "tolbutamide": -0.02150644169060629,
            "troglitazone": -0.01921912355992498,
            "repaglinide": 0.012716370596316638,
            "miglitol": -0.012685791004346298,
            "metformin-rosiglitazone": -0.012480246272061842,
            "acetohexamide": -0.007059057180197402,
            "nateglinide": 0.006460045009972085,
            "glimepiride-pioglitazone": -0.0063345222181900585,
            "metformin-pioglitazone": -0.005850061425712841
        },
        "Lime": {
            "race": -30.4882580708135,
            "gender": 0.0,
            "age": 0.0,
            "admission_type_id": 0.0,
            "discharge_disposition_id": 34.0503449015434,
            "admission_source_id": 0.0,
            "time_in_hospital": 0.0,
            "payer_code": 0.0,
            "medical_specialty": 0.0,
            "num_lab_procedures": 0.0,
            "num_procedures": 0.0,
            "num_medications": -10.46226202835787,
            "number_outpatient": 0.0,
            "number_emergency": -24.999134999285243,
            "number_inpatient": 0.0,
            "diag_1": 0.0,
            "diag_2": 0.0,
            "diag_3": 0.0,
            "number_diagnoses": 0.0,
            "metformin": 0.0,
            "repaglinide": 0.0,
            "nateglinide": 0.0,
            "chlorpropamide": 0.0,
            "glimepiride": 0.0,
            "acetohexamide": 0.0,
            "glipizide": 0.0,
            "glyburide": 0.0,
            "tolbutamide": 0.0,
            "pioglitazone": 0.0,
            "rosiglitazone": 0.0,
            "acarbose": 0.0,
            "miglitol": 0.0,
            "troglitazone": 0.0,
            "tolazamide": 0.0,
            "insulin": 0.0,
            "glyburide-metformin": 0.0,
            "glipizide-metformin": 0.0,
            "glimepiride-pioglitazone": 0.0,
            "metformin-rosiglitazone": 0.0,
            "metformin-pioglitazone": 0.0,
            "change": 0.0,
            "diabetesMed": 0.0
        },
        "Inherent": {
            "discharge_disposition_id": 18.188849988830455,
            "number_diagnoses": 9.147409023917804,
            "num_procedures": 2.724523466765277,
            "metformin": 2.6677208474798855,
            "diag_2": 2.509644655447776,
            "insulin": 1.7990843386761535,
            "gender": 1.197912876653761,
            "admission_type_id": 0.8865867346935272,
            "glimepiride": 0.8415594281760155,
            "pioglitazone": 0.49946003948068307,
            "glyburide": 0.4549666955716524,
            "rosiglitazone": 0.3245483551392448,
            "glyburide-metformin": 0.08097409195394532,
            "medical_specialty": 0.07028813165167892,
            "glipizide": 0.062210381538876196,
            "tolazamide": 0.03307232483450441,
            "race": 0.031998751958678184,
            "nateglinide": 0.018030040227121506,
            "troglitazone": -0.0,
            "miglitol": -0.0,
            "glipizide-metformin": -0.0,
            "glimepiride-pioglitazone": -0.0,
            "metformin-rosiglitazone": -0.0,
            "acetohexamide": -0.0,
            "chlorpropamide": -0.0,
            "repaglinide": 0.0,
            "tolbutamide": -0.0,
            "metformin-pioglitazone": -0.0,
            "acarbose": -0.0,
            "num_lab_procedures": -0.10381201211788146,
            "number_outpatient": -0.29980073463538726,
            "diag_3": -0.3650676156726153,
            "age": -0.36698141604409407,
            "admission_source_id": -0.4414047854891949,
            "diag_1": -0.5298484969065221,
            "number_emergency": -2.0213989087713364,
            "payer_code": -2.2116190459331384,
            "change": -2.3765248553071614,
            "num_medications": -4.694304643069883,
            "time_in_hospital": -6.8515152947682,
            "number_inpatient": -17.169549259086004,
            "diabetesMed": -21.029332759201534
        }
    },
    "DecisionTree": {
        "SHAP": {
            "number_inpatient": -49.18057464058601,
            "discharge_disposition_id": -36.555464444743656,
            "diag_1": -4.518179369294976,
            "payer_code": -3.5941406832970904,
            "number_diagnoses": 3.31160264046357,
            "num_medications": -1.351497385271897,
            "medical_specialty": 1.2075849268288368,
            "admission_source_id": 0.2809559095139677,
            "gender": 0.0,
            "race": 0.0,
            "num_lab_procedures": 0.0,
            "time_in_hospital": 0.0,
            "admission_type_id": 0.0,
            "age": 0.0,
            "number_emergency": 0.0,
            "number_outpatient": 0.0,
            "diag_2": 0.0,
            "num_procedures": 0.0,
            "diag_3": 0.0,
            "metformin": 0.0,
            "repaglinide": 0.0,
            "nateglinide": 0.0,
            "chlorpropamide": 0.0,
            "glimepiride": 0.0,
            "acetohexamide": 0.0,
            "glipizide": 0.0,
            "glyburide": 0.0,
            "tolbutamide": 0.0,
            "pioglitazone": 0.0,
            "rosiglitazone": 0.0,
            "acarbose": 0.0,
            "miglitol": 0.0,
            "troglitazone": 0.0,
            "tolazamide": 0.0,
            "insulin": 0.0,
            "glyburide-metformin": 0.0,
            "glipizide-metformin": 0.0,
            "glimepiride-pioglitazone": 0.0,
            "metformin-rosiglitazone": 0.0,
            "metformin-pioglitazone": 0.0,
            "change": 0.0,
            "diabetesMed": 0.0
        },
        "Lime": {
            "race": 0.0,
            "gender": 0.0,
            "age": 0.0,
            "admission_type_id": 0.0,
            "discharge_disposition_id": 0.0,
            "admission_source_id": 0.0,
            "time_in_hospital": 0.0,
            "payer_code": -3.443959796647837,
            "medical_specialty": 0.0,
            "num_lab_procedures": 0.0,
            "num_procedures": 0.0,
            "num_medications": 0.0,
            "number_outpatient": 0.0,
            "number_emergency": -3.230031614573866,
            "number_inpatient": -38.2400195436518,
            "diag_1": 7.057931173558779,
            "diag_2": 0.0,
            "diag_3": 0.0,
            "number_diagnoses": 6.148064112890028,
            "metformin": 0.0,