{
    "LogisticRegression": {
        "SHAP": {
            "discharge_disposition_id": 31.001726593861008,
            "number_inpatient": 18.06271201119627,
            "age": 6.598173769872065,
            "number_diagnoses": 6.224332146106494,
            "time_in_hospital": -4.931229259816545,
            "diabetesMed": 4.921342548239852,
            "glyburide": -4.185834051153107,
            "payer_code": 3.0918763306584736,
            "metformin": 2.561377748503717,
            "num_procedures": 2.348265888076436,
            "diag_1": -2.2664677886068327,
            "change": -2.1104570796005535,
            "num_medications": -2.079482392221092,
            "number_emergency": -1.8024869988328913,
            "insulin": 1.3405695407212905,
            "diag_3": 1.2811588155374858,
            "glimepiride": 1.0864126705314776,
            "gender": 1.0839678661006185,
            "admission_type_id": 0.7399984221317716,
            "num_lab_procedures": 0.3837099565533073,
            "pioglitazone": 0.3508031222581713,
            "rosiglitazone": 0.3417438906907332,
            "diag_2": 0.2337982044357166,
            "admission_source_id": -0.1989265028137683,
            "glyburide-metformin": 0.15315227228973086,
            "acarbose": 0.14687227960375843,
            "number_outpatient": 0.10571459843810034,
            "medical_specialty": 0.06946357200079917,
            "glipizide": 0.06628556061462493,
            "glipizide-metformin": -0.06127031840454459,
            "chlorpropamide": -0.04079622490516922,
            "race": 0.022091974295306193,
            "tolazamide": 0.02044466889781244,
            "tolbutamide": -0.01794853843096191,
            "troglitazone": -0.016039621188259634,
            "repaglinide": 0.010612646649493641,
            "miglitol": -0.010587125971104406,
            "metformin-rosiglitazone": -0.010415585388995896,
            "acetohexamide": -0.005891246953254538,
            "nateglinide": 0.005391331945808233,
            "glimepiride-pioglitazone": -0.005286574929995366,
            "metformin-pioglitazone": -0.004882260572596595
        },
        "Lime": {
            "race": 0.0,
            "gender": 0.0,
            "age": 0.0,
            "admission_type_id": 0.0,
            "discharge_disposition_id": 21.010377849267684,
            "admission_source_id": 0.0,
            "time_in_hospital": 0.0,
            "payer_code": 0.0,
            "medical_specialty": 0.0,
            "num_lab_procedures": 0.0,
            "num_procedures": 0.0,
            "num_medications": 0.0,
            "number_outpatient": 0.0,
            "number_emergency": -19.147031911951608,
            "number_inpatient": 59.842590238780716,
            "diag_1": 0.0,
            "diag_2": 0.0,
            "diag_3": 0.0,
            "number_diagnoses": 0.0,
            "metformin": 0.0,
            "repaglinide": 0.0,
            "nateglinide": 0.0,
            "chlorpropamide": 0.0,
            "glimepiride": 0.0,
            "acetohexamide": 0.0,
            "glipizide": 0.0,
            "glyburide": 0.0,
            "tolbutamide": 0.0,
            "pioglitazone": 0.0,
            "rosiglitazone": 0.0,
            "acarbose": 0.0,
            "miglitol": 0.0,
            "troglitazone": 0.0,
            "tolazamide": 0.0,
            "insulin": 0.0,
            "glyburide-metformin": 0.0,
            "glipizide-metformin": 0.0,
            "glimepiride-pioglitazone": 0.0,
            "metformin-rosiglitazone": 0.0,
            "metformin-pioglitazone": 0.0,
            "change": 0.0,
            "diabetesMed": 0.0
        },
        "Inherent": {
            "discharge_disposition_id": 31.656508023882697,
            "number_inpatient": 16.769493855731483,
            "number_diagnoses": 8.08338875342188,
            "age": 7.3061618986750005,
            "diabetesMed": 4.079242397062827,
            "payer_code": 2.946863920190385,
            "num_procedures": 2.4076087875921712,
            "metformin": 2.3574134095680908,
            "insulin": 1.5898160967425152,
            "diag_3": 1.287610229045396,
            "gender": 1.0585724820442088,
            "admission_type_id": 0.7834595808950986,
            "glimepiride": 0.7436698194283435,
            "pioglitazone": 0.4413631942515485,
            "num_lab_procedures": 0.3892795810142598,
            "diag_2": 0.30832560060246444,
            "rosiglitazone": 0.286797115665713,
            "number_outpatient": 0.13647812304607568,
            "glyburide-metformin": 0.07155524176382914,
            "medical_specialty": 0.06211226494919261,
            "glipizide": 0.05497411312455538,
            "tolazamide": 0.029225374957842307,
            "race": 0.028276679334005895,
            "nateglinide": 0.015932798458512188,
            "glimepiride-pioglitazone": -0.0,
            "troglitazone": -0.0,
            "metformin-pioglitazone": -0.0,
            "metformin-rosiglitazone": -0.0,
            "acarbose": -0.0,
            "acetohexamide": -0.0,
            "repaglinide": 0.0,
            "chlorpropamide": -0.0,
            "miglitol": -0.0,
            "tolbutamide": -0.0,
            "glipizide-metformin": -0.0,
            "admission_source_id": -0.39006088712121156,
            "number_emergency": -1.786271190302937,
            "num_medications": -1.802404149991002,
            "change": -2.100089133151032,
            "diag_1": -2.4438667099544578,
            "time_in_hospital": -4.2552793411096115,
            "glyburide": -4.32789924692166
        }
    },
    "DecisionTree": {
        "SHAP": {
            "discharge_disposition_id": -71.73086171025909,
            "number_inpatient": -8.300065936193382,
            "payer_code": 8.002078626391922,
            "diag_1": -3.7637246204924284,
            "num_medications": -3.5554992827103713,
            "number_diagnoses": 2.5482214332556916,
            "medical_specialty": 1.008223198711056,
            "admission_source_id": 0.70371781888852,
            "number_emergency": -0.38760737309753285,
            "gender": 0.0,
            "num_lab_procedures": 0.0,
            "time_in_hospital": 0.0,
            "admission_type_id": 0.0,
            "age": 0.0,
            "race": 0.0,
            "number_outpatient": 0.0,
            "diag_2": 0.0,
            "num_procedures": 0.0,
            "diag_3": 0.0,
            "metformin": 0.0,
            "repaglinide": 0.0,
            "nateglinide": 0.0,
            "chlorpropamide": 0.0,
            "glimepiride": 0.0,
            "acetohexamide": 0.0,
            "glipizide": 0.0,
            "glyburide": 0.0,
            "tolbutamide": 0.0,
            "pioglitazone": 0.0,
            "rosiglitazone": 0.0,
            "acarbose": 0.0,
            "miglitol": 0.0,
            "troglitazone": 0.0,
            "tolazamide": 0.0,
            "insulin": 0.0,
            "glyburide-metformin": 0.0,
            "glipizide-metformin": 0.0,
            "glimepiride-pioglitazone": 0.0,
            "metformin-rosiglitazone": 0.0,
            "metformin-pioglitazone": 0.0,
            "change": 0.0,
            "diabetesMed": 0.0
        },
        "Lime": {
            "race": 0.0,
            "gender": 0.0,
            "age": 0.0,
            "admission_type_id": 0.0,
            "discharge_disposition_id": 3.443804849833179,
            "admission_source_id": 0.0,
            "time_in_hospital": 0.0,
            "payer_code": 4.562254297431846,
            "medical_specialty": 0.0,
            "num_lab_procedures": 0.0,
            "num_procedures": 0.0,
            "num_medications": 0.0,
            "number_outpatient": 0.0,
            "number_emergency": -5.548933901749635,
            "number_inpatient": 7.49396972639311,
            "diag_1": -16.37794191652234,
            "diag_2": 11.385065961719556,
            "diag_3": -9.61150065501586,
            "number_diagnoses": 4.7083086381183925,
            "metformin": 0.0,