{
    "LogisticRegression": {
        "SHAP": {
            "number_inpatient": 19.002799825091245,
            "number_diagnoses": -17.852787704420336,
            "metformin": -8.992161838027467,
            "insulin": -6.192983177314653,
            "discharge_disposition_id": -5.846409702809227,
            "diabetesMed": 5.177477626667463,
            "glyburide": -4.403689021106485,
            "diag_1": -4.379933244439684,
            "admission_type_id": -3.5963132643191447,
            "payer_code": 3.25279542512893,
            "age": 3.0642216093438868,
            "change": 2.7431656406265064,
            "num_medications": -2.5850547697054718,
            "number_emergency": -1.896298828488183,
            "diag_2": 1.8614511757351928,
            "num_procedures": -1.694311261932131,
            "num_lab_procedures": -1.4818823502105192,
            "glimepiride": 1.1429558580547392,
            "diag_3": 1.0811401113010353,
            "admission_source_id": 0.9397435089254509,
            "gender": -0.8335819813081761,
            "pioglitazone": 0.369060942020054,
            "rosiglitazone": 0.35953021574049726,
            "time_in_hospital": 0.29784201580649644,
            "medical_specialty": -0.21210235500358932,
            "glyburide-metformin": 0.16112320072842026,
            "acarbose": 0.15451636096700463,
            "number_outpatient": 0.11121659645926443,
            "glipizide": 0.0697354438731511,
            "glipizide-metformin": -0.0644591795041333,
            "chlorpropamide": -0.042919495976672536,
            "race": 0.023241768180467238,
            "tolazamide": 0.021508727499756467,
            "tolbutamide": -0.018882683992587097,
            "troglitazone": -0.01687441567588851,
            "repaglinide": 0.011164990050760193,
            "miglitol": -0.011138141128929928,
            "metformin-rosiglitazone": -0.010957672584579166,
            "acetohexamide": -0.006197861456434767,
            "nateglinide": 0.0056719279858588835,
            "glimepiride-pioglitazone": -0.005561718810153048,
            "metformin-pioglitazone": -0.0051363615993811115
        },
        "Lime": {
            "race": 0.0,
            "gender": 0.0,
            "age": 0.0,
            "admission_type_id": -6.627581739086303,
            "discharge_disposition_id": -9.021917747584752,
            "admission_source_id": 0.0,
            "time_in_hospital": -5.203454844165148,
            "payer_code": 0.0,
            "medical_specialty": 0.0,
            "num_lab_procedures": -4.764321129704216,
            "num_procedures": 0.0,
            "num_medications": 0.0,
            "number_outpatient": 0.0,
            "number_emergency": -13.723751271801179,
            "number_inpatient": 47.1284493877543,
            "diag_1": 0.0,
            "diag_2": 0.0,
            "diag_3": 0.0,
            "number_diagnoses": -13.530523879904091,
            "metformin": 0.0,
            "repaglinide": 0.0,
            "nateglinide": 0.0,
            "chlorpropamide": 0.0,
            "glimepiride": 0.0,
            "acetohexamide": 0.0,
            "glipizide": 0.0,
            "glyburide": 0.0,
            "tolbutamide": 0.0,
            "pioglitazone": 0.0,
            "rosiglitazone": 0.0,
            "acarbose": 0.0,
            "miglitol": 0.0,
            "troglitazone": 0.0,
            "tolazamide": 0.0,
            "insulin": 0.0,
            "glyburide-metformin": 0.0,
            "glipizide-metformin": 0.0,
            "glimepiride-pioglitazone": 0.0,
            "metformin-rosiglitazone": 0.0,
            "metformin-pioglitazone": 0.0,
            "change": 0.0,
            "diabetesMed": 0.0
        },
        "Inherent": {
            "number_inpatient": 17.77763295341549,
            "diabetesMed": 4.32447602097472,
            "age": 3.7007997654639233,
            "payer_code": 3.1240218451138566,
            "change": 2.9511963720093073,
            "diag_2": 2.0120220465959577,
            "time_in_hospital": 1.2112244687467868,
            "diag_3": 1.0868177779809924,
            "glimepiride": 0.7883773477045818,
            "admission_source_id": 0.78507037544356,
            "pioglitazone": 0.4678968210998992,
            "rosiglitazone": 0.3040386250334384,
            "number_outpatient": 0.14468283888335495,
            "glyburide-metformin": 0.07585695996039192,
            "glipizide": 0.05827901625867269,
            "tolazamide": 0.030982329782653906,
            "race": 0.029976601003349642,
            "nateglinide": 0.01689063756801255,
            "metformin-pioglitazone": -0.0,
            "troglitazone": -0.0,
            "acarbose": -0.0,
            "glipizide-metformin": -0.0,
            "metformin-rosiglitazone": -0.0,
            "acetohexamide": -0.0,
            "chlorpropamide": -0.0,
            "repaglinide": 0.0,
            "miglitol": -0.0,
            "glimepiride-pioglitazone": -0.0,
            "tolbutamide": -0.0,
            "medical_specialty": -0.2316347963222692,
            "gender": -0.9368918802914369,
            "num_lab_procedures": -1.554205128487782,
            "num_procedures": -1.792074178637288,
            "number_emergency": -1.8936572474793412,
            "num_medications": -2.3252416585164934,
            "admission_type_id": -3.732952743657034,
            "glyburide": -4.588081484930453,
            "diag_1": -4.672357359902253,
            "insulin": -6.24586364029109,
            "discharge_disposition_id": -6.560881396754842,
            "metformin": -9.691767736793928,
            "number_diagnoses": -16.884147944896842
        }
    },
    "DecisionTree": {
        "SHAP": {
            "number_inpatient": 40.15045743797494,
            "discharge_disposition_id": -26.522199339642473,
            "num_medications": -11.15729954756476,
            "number_diagnoses": -8.475550335902282,
            "diag_1": -6.540034997923182,
            "payer_code": 5.096715690793231,
            "admission_source_id": 0.9960326896888648,
            "number_emergency": -0.7406291990850795,
            "medical_specialty": -0.32108076142519415,
            "gender": 0.0,
            "num_lab_procedures": 0.0,
            "time_in_hospital": 0.0,
            "admission_type_id": 0.0,
            "age": 0.0,
            "race": 0.0,
            "number_outpatient": 0.0,
            "diag_2": 0.0,
            "num_procedures": 0.0,
            "diag_3": 0.0,
            "metformin": 0.0,
            "repaglinide": 0.0,
            "nateglinide": 0.0,
            "chlorpropamide": 0.0,
            "glimepiride": 0.0,
            "acetohexamide": 0.0,
            "glipizide": 0.0,
            "glyburide": 0.0,
            "tolbutamide": 0.0,
            "pioglitazone": 0.0,
            "rosiglitazone": 0.0,
            "acarbose": 0.0,
            "miglitol": 0.0,
            "troglitazone": 0.0,
            "tolazamide": 0.0,
            "insulin": 0.0,
            "glyburide-metformin": 0.0,
            "glipizide-metformin": 0.0,
            "glimepiride-pioglitazone": 0.0,
            "metformin-rosiglitazone": 0.0,
            "metformin-pioglitazone": 0.0,
            "change": 0.0,
            "diabetesMed": 0.0
        },
        "Lime": {
            "race": 0.0,
            "gender": 0.0,
            "age": 0.0,
            "admission_type_id": 0.0,
            "discharge_disposition_id": -16.463102465561125,
            "admission_source_id": -2.2050647129990644,
            "time_in_hospital": 0.0,
            "payer_code": 4.829619795115151,
            "medical_specialty": 5.235907101280262,
            "num_lab_procedures": -3.031744159447862,
            "num_procedures": -3.503829526717451,
            "num_medications": 0.0,
            "number_outpatient": 0.0,
            "number_emergency": -6.808525171535012,
            "number_inpatient": 9.32432511968119,
            "diag_1": 3.215656895639401,
            "diag_2": -8.19042780867111,