{
    "LogisticRegression": {
        "SHAP": {
            "number_inpatient": -18.135200439786466,
            "number_emergency": 16.260606211610657,
            "age": 9.353180502844472,
            "number_diagnoses": 8.823244749633222,
            "discharge_disposition_id": -7.877532022706042,
            "diabetesMed": 6.976203836915378,
            "glyburide": -5.933590535938074,
            "metformin": 3.6308574543936496,
            "diag_1": -3.196213202253225,
            "diag_2": -3.094671205383526,
            "change": -2.9916590101252694,
            "payer_code": -2.328667800375745,
            "time_in_hospital": -2.062528626826236,
            "insulin": 1.9003120148538704,
            "glimepiride": 1.5400342825853213,
            "gender": -1.1231797094464042,
            "admission_type_id": 1.0489779529029832,
            "num_lab_procedures": 0.5439245175337781,
            "num_procedures": 0.5229123192051605,
            "pioglitazone": 0.49727773742850545,
            "rosiglitazone": 0.48443590709444956,
            "admission_source_id": -0.28198643329347317,
            "num_medications": -0.2708168229854554,
            "glyburide-metformin": 0.21709959408577578,
            "acarbose": 0.20819744825011335,
            "number_outpatient": 0.1498547560981323,
            "medical_specialty": 0.09846744719916724,
            "glipizide": 0.09396248640672679,
            "glipizide-metformin": -0.08685317596835143,
            "chlorpropamide": -0.05783031315649714,
            "race": 0.031316274844365846,
            "tolazamide": 0.02898115223871071,
            "diag_3": -0.02602013791923687,
            "tolbutamide": -0.02544278546793754,
            "troglitazone": -0.022736817398786073,
            "repaglinide": 0.015043859587157593,
            "miglitol": -0.015007682984380096,
            "metformin-rosiglitazone": -0.01476451721094291,
            "acetohexamide": -0.008351082899971978,
            "nateglinide": 0.007642432982008875,
            "glimepiride-pioglitazone": -0.007493935638348269,
            "metformin-pioglitazone": -0.006920803542023443
        },
        "Lime": {
            "race": 0.0,
            "gender": 0.0,
            "age": 0.0,
            "admission_type_id": 0.0,
            "discharge_disposition_id": -48.82400610482248,
            "admission_source_id": 0.0,
            "time_in_hospital": 0.0,
            "payer_code": 0.0,
            "medical_specialty": 0.0,
            "num_lab_procedures": 0.0,
            "num_procedures": 0.0,
            "num_medications": 0.0,
            "number_outpatient": 0.0,
            "number_emergency": 51.17599389517753,
            "number_inpatient": 0.0,
            "diag_1": 0.0,
            "diag_2": 0.0,
            "diag_3": 0.0,
            "number_diagnoses": 0.0,
            "metformin": 0.0,
            "repaglinide": 0.0,
            "nateglinide": 0.0,
            "chlorpropamide": 0.0,
            "glimepiride": 0.0,
            "acetohexamide": 0.0,
            "glipizide": 0.0,
            "glyburide": 0.0,
            "tolbutamide": 0.0,
            "pioglitazone": 0.0,
            "rosiglitazone": 0.0,
            "acarbose": 0.0,
            "miglitol": 0.0,
            "troglitazone": 0.0,
            "tolazamide": 0.0,
            "insulin": 0.0,
            "glyburide-metformin": 0.0,
            "glipizide-metformin": 0.0,
            "glimepiride-pioglitazone": 0.0,
            "metformin-rosiglitazone": 0.0,
            "metformin-pioglitazone": 0.0,
            "change": 0.0,
            "diabetesMed": 0.0
        },
        "Inherent": {
            "number_emergency": 15.879404418315858,
            "number_diagnoses": 10.737529775680557,
            "age": 9.70510429796611,
            "diabetesMed": 5.4186416163813345,
            "metformin": 3.1314585319319854,
            "insulin": 2.1118244089649387,
            "admission_type_id": 1.040704688901937,
            "glimepiride": 0.9878501545538703,
            "pioglitazone": 0.5862826327831003,
            "num_lab_procedures": 0.517097620776388,
            "num_procedures": 0.4763180257814371,
            "rosiglitazone": 0.38096554093557305,
            "num_medications": 0.20254744801909524,
            "number_outpatient": 0.18129004488567738,
            "glyburide-metformin": 0.09505005418920208,
            "medical_specialty": 0.08250652228554366,
            "glipizide": 0.07302459334479777,
            "tolazamide": 0.03882138338112447,
            "race": 0.037561188205593773,
            "nateglinide": 0.021164254630926957,
            "glimepiride-pioglitazone": -0.0,
            "glipizide-metformin": -0.0,
            "acetohexamide": -0.0,
            "troglitazone": -0.0,
            "acarbose": -0.0,
            "repaglinide": 0.0,
            "metformin-pioglitazone": -0.0,
            "metformin-rosiglitazone": -0.0,
            "miglitol": -0.0,
            "tolbutamide": -0.0,
            "chlorpropamide": -0.0,
            "diag_3": -0.07655435170574083,
            "admission_source_id": -0.5181354649087468,
            "time_in_hospital": -0.8723699749885355,
            "gender": -1.1739413764751718,
            "payer_code": -2.5960712258604564,
            "change": -2.789643092353631,
            "diag_2": -2.913918114837971,
            "diag_1": -3.2301980746611085,
            "glyburide": -5.748943722432574,
            "discharge_disposition_id": -8.220895388057858,
            "number_inpatient": -20.154182011803144
        }
    },
    "DecisionTree": {
        "SHAP": {
            "discharge_disposition_id": -36.280575478238504,
            "number_inpatient": -36.24466840842809,
            "diag_1": -12.955490241867942,
            "number_diagnoses": 9.844643757591134,
            "payer_code": -2.1368634410744476,
            "num_medications": -1.597080362712409,
            "medical_specialty": 0.7179585635378993,
            "admission_source_id": 0.22271974654956933,
            "gender": 0.0,
            "race": 0.0,
            "num_lab_procedures": 0.0,
            "time_in_hospital": 0.0,
            "admission_type_id": 0.0,
            "age": 0.0,
            "number_emergency": 0.0,
            "number_outpatient": 0.0,
            "diag_2": 0.0,
            "num_procedures": 0.0,
            "diag_3": 0.0,
            "metformin": 0.0,
            "repaglinide": 0.0,
            "nateglinide": 0.0,
            "chlorpropamide": 0.0,
            "glimepiride": 0.0,
            "acetohexamide": 0.0,
            "glipizide": 0.0,
            "glyburide": 0.0,
            "tolbutamide": 0.0,
            "pioglitazone": 0.0,
            "rosiglitazone": 0.0,
            "acarbose": 0.0,
            "miglitol": 0.0,
            "troglitazone": 0.0,
            "tolazamide": 0.0,
            "insulin": 0.0,
            "glyburide-metformin": 0.0,
            "glipizide-metformin": 0.0,
            "glimepiride-pioglitazone": 0.0,
            "metformin-rosiglitazone": 0.0,
            "metformin-pioglitazone": 0.0,
            "change": 0.0,
            "diabetesMed": 0.0
        },
        "Lime": {
            "race": 0.0,
            "gender": 0.0,
            "age": 2.809371030511756,
            "admission_type_id": 0.0,
            "discharge_disposition_id": -15.834283608800098,
            "admission_source_id": 0.0,
            "time_in_hospital": 0.0,
            "payer_code": 0.0,
            "medical_specialty": -2.10283964234542,
            "num_lab_procedures": -2.279437878738163,
            "num_procedures": 0.0,
            "num_medications": 0.0,
            "number_outpatient": 0.0,
            "number_emergency": 5.505707727453078,
            "number_inpatient": -33.10655975028911,
            "diag_1": 0.0,
            "diag_2": 2.2887840104480586,
            "diag_3": -10.169883736291283,
            "number_diagnoses": 5.429258704663361,
            "metformin": 0.0,