{
    "LogisticRegression": {
        "SHAP": {
            "number_inpatient": -17.43741995626462,
            "metformin": -11.649972830020333,
            "time_in_hospital": -9.090303634099332,
            "number_diagnoses": 8.483756470577667,
            "discharge_disposition_id": -7.5744315346792686,
            "diabetesMed": 6.707783374586753,
            "age": -6.076865779294703,
            "payer_code": 4.214223343279947,
            "change": 3.553962412731044,
            "diag_1": 3.2783459665922354,
            "num_procedures": 3.2006832950049358,
            "insulin": -3.0981235673746412,
            "admission_source_id": 2.706143078491505,
            "number_emergency": -2.4567873918884904,
            "diag_2": 2.4364087406802346,
            "num_lab_procedures": -1.5127355898425134,
            "glimepiride": 1.4807790309044495,
            "num_medications": 1.283964299009601,
            "gender": -1.079963595936017,
            "glyburide": 0.5224809400801054,
            "pioglitazone": 0.4781441909744913,
            "rosiglitazone": 0.4657964703476622,
            "glyburide-metformin": 0.20874634426995228,
            "acarbose": 0.20018672255726358,
            "number_outpatient": 0.1440888576447136,
            "admission_type_id": -0.124961437252414,
            "race": -0.10167982728166909,
            "glipizide": 0.09034713131784901,
            "glipizide-metformin": -0.08351136282855037,
            "chlorpropamide": -0.055605200508277886,
            "medical_specialty": -0.040320683110312235,
            "tolazamide": 0.027866056627317188,
            "tolbutamide": -0.02446383410730019,
            "troglitazone": -0.021861982433992067,
            "diag_3": -0.014955126893975653,
            "repaglinide": 0.0144650233260633,
            "miglitol": -0.014430238675222706,
            "metformin-rosiglitazone": -0.014196429089026368,
            "acetohexamide": -0.008029761793915204,
            "nateglinide": 0.00734837830093846,
            "glimepiride-pioglitazone": -0.007205594627143554,
            "metformin-pioglitazone": -0.006654514693551819
        },
        "Lime": {
            "race": 0.0,
            "gender": 0.0,
            "age": 0.0,
            "admission_type_id": 0.0,
            "discharge_disposition_id": -17.822077495192463,
            "admission_source_id": 0.0,
            "time_in_hospital": -18.091752039747757,
            "payer_code": 0.0,
            "medical_specialty": 0.0,
            "num_lab_procedures": -15.56740426847998,
            "num_procedures": 0.0,
            "num_medications": 0.0,
            "number_outpatient": 0.0,
            "number_emergency": -48.51876619657981,
            "number_inpatient": 0.0,
            "diag_1": 0.0,
            "diag_2": 0.0,
            "diag_3": 0.0,
            "number_diagnoses": 0.0,
            "metformin": 0.0,
            "repaglinide": 0.0,
            "nateglinide": 0.0,
            "chlorpropamide": 0.0,
            "glimepiride": 0.0,
            "acetohexamide": 0.0,
            "glipizide": 0.0,
            "glyburide": 0.0,
            "tolbutamide": 0.0,
            "pioglitazone": 0.0,
            "rosiglitazone": 0.0,
            "acarbose": 0.0,
            "miglitol": 0.0,
            "troglitazone": 0.0,
            "tolazamide": 0.0,
            "insulin": 0.0,
            "glyburide-metformin": 0.0,
            "glipizide-metformin": 0.0,
            "glimepiride-pioglitazone": 0.0,
            "metformin-rosiglitazone": 0.0,
            "metformin-pioglitazone": 0.0,
            "change": 0.0,
            "diabetesMed": 0.0
        },
        "Inherent": {
            "number_diagnoses": 10.511079881411023,
            "diabetesMed": 5.3043647904494335,
            "payer_code": 3.8318981072952703,
            "change": 3.6199118805287944,
            "num_procedures": 3.130688014832346,
            "diag_1": 3.110694614900418,
            "diag_2": 2.492390376318466,
            "admission_source_id": 2.4331292409298224,
            "num_medications": 1.723474342173525,
            "glimepiride": 0.9670168187935803,
            "pioglitazone": 0.5739181836984987,
            "glyburide": 0.5227918930957625,
            "rosiglitazone": 0.3729311411930375,
            "number_outpatient": 0.1774667156512885,
            "glyburide-metformin": 0.09304548934317873,
            "glipizide": 0.07148453601434376,
            "tolazamide": 0.0380026570683031,
            "nateglinide": 0.02071790958475798,
            "troglitazone": -0.0,
            "miglitol": -0.0,
            "acarbose": -0.0,
            "glipizide-metformin": -0.0,
            "repaglinide": 0.0,
            "acetohexamide": -0.0,
            "chlorpropamide": -0.0,
            "tolbutamide": -0.0,
            "metformin-pioglitazone": -0.0,
            "glimepiride-pioglitazone": -0.0,
            "metformin-rosiglitazone": -0.0,
            "medical_specialty": -0.05255786695263853,
            "diag_3": -0.06500088070206335,
            "race": -0.09338685093056222,
            "admission_type_id": -0.1007561545415763,
            "gender": -1.1491834567175447,
            "num_lab_procedures": -1.5042800696210972,
            "number_emergency": -2.3227435601422943,
            "insulin": -2.796917622818202,
            "age": -5.382748918052539,
            "time_in_hospital": -7.87292055965957,
            "discharge_disposition_id": -8.047520232848234,
            "metformin": -11.88783827009779,
            "number_inpatient": -19.729138963634046
        }
    },
    "DecisionTree": {
        "SHAP": {
            "discharge_disposition_id": -36.64741704681991,
            "number_inpatient": -32.09469747221084,
            "diag_1": 13.34769919740579,
            "number_diagnoses": 8.419932653710049,
            "payer_code": 5.793246449606597,
            "admission_source_id": -1.9812679368032309,
            "num_medications": 1.3507787288667872,
            "medical_specialty": -0.36496051457678835,
            "gender": 0.0,
            "race": 0.0,
            "num_lab_procedures": 0.0,
            "time_in_hospital": 0.0,
            "admission_type_id": 0.0,
            "age": 0.0,
            "number_emergency": 0.0,
            "number_outpatient": 0.0,
            "diag_2": 0.0,
            "num_procedures": 0.0,
            "diag_3": 0.0,
            "metformin": 0.0,
            "repaglinide": 0.0,
            "nateglinide": 0.0,
            "chlorpropamide": 0.0,
            "glimepiride": 0.0,
            "acetohexamide": 0.0,
            "glipizide": 0.0,
            "glyburide": 0.0,
            "tolbutamide": 0.0,
            "pioglitazone": 0.0,
            "rosiglitazone": 0.0,
            "acarbose": 0.0,
            "miglitol": 0.0,
            "troglitazone": 0.0,
            "tolazamide": 0.0,
            "insulin": 0.0,
            "glyburide-metformin": 0.0,
            "glipizide-metformin": 0.0,
            "glimepiride-pioglitazone": 0.0,
            "metformin-rosiglitazone": 0.0,
            "metformin-pioglitazone": 0.0,
            "change": 0.0,
            "diabetesMed": 0.0
        },
        "Lime": {
            "race": 0.0,
            "gender": 0.0,
            "age": 0.0,
            "admission_type_id": 0.0,
            "discharge_disposition_id": -19.10160944356377,
            "admission_source_id": 0.0,
            "time_in_hospital": 0.0,
            "payer_code": 4.395453680518966,
            "medical_specialty": 0.0,
            "num_lab_procedures": 0.0,
            "num_procedures": 0.0,
            "num_medications": 0.0,
            "number_outpatient": 0.0,
            "number_emergency": 0.0,
            "number_inpatient": -31.796045889874776,
            "diag_1": 6.2774625005626765,
            "diag_2": 0.0,
            "diag_3": 0.0,
            "number_diagnoses": 4.351779394519741,
            "metformin": 0.0,
            "repaglinide": 9.845525425015712,