{
    "LogisticRegression": {
        "SHAP": {
            "number_inpatient": -22.06526789728487,
            "time_in_hospital": 15.477201695292809,
            "diabetesMed": 8.488012419752271,
            "num_medications": 7.487417018268612,
            "payer_code": 5.332667750257192,
            "age": 5.023517811650161,
            "metformin": 4.417698204883639,
            "number_diagnoses": 4.068094990573641,
            "num_procedures": 4.050136690851206,
            "insulin": -3.9203578662710243,
            "change": -3.639979482714633,
            "number_emergency": -3.108812662920112,
            "discharge_disposition_id": -2.166498137203077,
            "glimepiride": 1.8737741073816407,
            "diag_1": 1.8462772776962435,
            "gender": -1.366583251617003,
            "admission_type_id": 1.2763012808157486,
            "num_lab_procedures": 0.6617980449200677,
            "glyburide": 0.6611460837101042,
            "pioglitazone": 0.6050424715264329,
            "rosiglitazone": 0.5894176965175629,
            "admission_source_id": -0.3430955293093853,
            "glyburide-metformin": 0.26414710550344755,
            "acarbose": 0.25331578145071476,
            "diag_2": 0.23085611006853526,
            "number_outpatient": 0.1823296825401124,
            "glipizide": 0.11432503554307707,
            "glipizide-metformin": -0.10567507107708944,
            "diag_3": 0.07446409339945562,
            "chlorpropamide": -0.07036268259723806,
            "race": 0.03810280433790847,
            "tolazamide": 0.03526163883561016,
            "tolbutamide": -0.03095647491006162,
            "troglitazone": -0.027664098265779608,
            "repaglinide": 0.01830400458500133,
            "miglitol": -0.018259988174234354,
            "metformin-rosiglitazone": -0.01796412610465553,
            "medical_specialty": 0.011914923008404889,
            "acetohexamide": -0.010160840627713844,
            "nateglinide": 0.009298619648289758,
            "glimepiride-pioglitazone": -0.009117941542151054,
            "metformin-pioglitazone": -0.008420606363092581
        },
        "Lime": {
            "race": 0.0,
            "gender": 0.0,
            "age": 0.0,
            "admission_type_id": 0.0,
            "discharge_disposition_id": 0.0,
            "admission_source_id": 0.0,
            "time_in_hospital": 21.52608435294817,
            "payer_code": 0.0,
            "medical_specialty": 0.0,
            "num_lab_procedures": 0.0,
            "num_procedures": 0.0,
            "num_medications": 11.692038361358517,
            "number_outpatient": 9.574082256143203,
            "number_emergency": -33.12086725791722,
            "number_inpatient": 0.0,
            "diag_1": 0.0,
            "diag_2": 0.0,
            "diag_3": 0.0,
            "number_diagnoses": 24.086927771632887,
            "metformin": 0.0,
            "repaglinide": 0.0,
            "nateglinide": 0.0,
            "chlorpropamide": 0.0,
            "glimepiride": 0.0,
            "acetohexamide": 0.0,
            "glipizide": 0.0,
            "glyburide": 0.0,
            "tolbutamide": 0.0,
            "pioglitazone": 0.0,
            "rosiglitazone": 0.0,
            "acarbose": 0.0,
            "miglitol": 0.0,
            "troglitazone": 0.0,
            "tolazamide": 0.0,
            "insulin": 0.0,
            "glyburide-metformin": 0.0,
            "glipizide-metformin": 0.0,
            "glimepiride-pioglitazone": 0.0,
            "metformin-rosiglitazone": 0.0,
            "metformin-pioglitazone": 0.0,
            "change": 0.0,
            "diabetesMed": 0.0
        },
        "Inherent": {
            "time_in_hospital": 16.04918183389877,
            "num_medications": 7.668044188938258,
            "number_diagnoses": 6.461068052683243,
            "diabetesMed": 6.4571601822591544,
            "age": 5.525908057337648,
            "payer_code": 4.664682927812883,
            "num_procedures": 3.811079137854422,
            "metformin": 3.7316233064128013,
            "diag_1": 1.5995367188924414,
            "admission_type_id": 1.2401626375053976,
            "glimepiride": 1.1771781814726507,
            "pioglitazone": 0.6986475836512829,
            "glyburide": 0.6364100375946838,
            "num_lab_procedures": 0.6162028057223811,
            "rosiglitazone": 0.45398011086490797,
            "diag_2": 0.32428029514847756,
            "number_outpatient": 0.21603548308801626,
            "glyburide-metformin": 0.11326702680919618,
            "glipizide": 0.0870202404687897,
            "tolazamide": 0.04626175870922795,
            "race": 0.04476003877914221,
            "nateglinide": 0.025220524250371093,
            "diag_3": 0.009598544251308894,
            "troglitazone": -0.0,
            "acetohexamide": -0.0,
            "chlorpropamide": -0.0,
            "metformin-pioglitazone": -0.0,
            "metformin-rosiglitazone": -0.0,
            "glimepiride-pioglitazone": -0.0,
            "glipizide-metformin": -0.0,
            "repaglinide": 0.0,
            "miglitol": -0.0,
            "tolbutamide": -0.0,
            "acarbose": -0.0,
            "medical_specialty": -0.0041856235896339,
            "admission_source_id": -0.6174395595587301,
            "gender": -1.3989350189843819,
            "discharge_disposition_id": -2.748653911844334,
            "number_emergency": -2.827544451157346,
            "change": -3.3242966732111876,
            "insulin": -3.4047705654856366,
            "number_inpatient": -24.016864521763296
        }
    },
    "DecisionTree": {
        "SHAP": {
            "discharge_disposition_id": 57.89087121225482,
            "payer_code": 21.80968717059937,
            "number_inpatient": -13.351375255152274,
            "diag_1": 3.455655358508002,
            "number_diagnoses": 2.0710732917035566,
            "num_medications": 0.9607042128967175,
            "medical_specialty": -0.28426707719718897,
            "admission_source_id": 0.1763664216880748,
            "gender": 0.0,
            "race": 0.0,
            "num_lab_procedures": 0.0,
            "time_in_hospital": 0.0,
            "admission_type_id": 0.0,
            "age": 0.0,
            "number_emergency": 0.0,
            "number_outpatient": 0.0,
            "diag_2": 0.0,
            "num_procedures": 0.0,
            "diag_3": 0.0,
            "metformin": 0.0,
            "repaglinide": 0.0,
            "nateglinide": 0.0,
            "chlorpropamide": 0.0,
            "glimepiride": 0.0,
            "acetohexamide": 0.0,
            "glipizide": 0.0,
            "glyburide": 0.0,
            "tolbutamide": 0.0,
            "pioglitazone": 0.0,
            "rosiglitazone": 0.0,
            "acarbose": 0.0,
            "miglitol": 0.0,
            "troglitazone": 0.0,
            "tolazamide": 0.0,
            "insulin": 0.0,
            "glyburide-metformin": 0.0,
            "glipizide-metformin": 0.0,
            "glimepiride-pioglitazone": 0.0,
            "metformin-rosiglitazone": 0.0,
            "metformin-pioglitazone": 0.0,
            "change": 0.0,
            "diabetesMed": 0.0
        },
        "Lime": {
            "race": 0.0,
            "gender": 0.0,
            "age": 0.0,
            "admission_type_id": 0.0,
            "discharge_disposition_id": 28.449211846099416,
            "admission_source_id": 0.0,
            "time_in_hospital": 0.0,
            "payer_code": 3.0734494001826174,
            "medical_specialty": 0.0,
            "num_lab_procedures": 0.0,
            "num_procedures": 0.0,
            "num_medications": 2.507426798483466,
            "number_outpatient": 2.0596860740588334,
            "number_emergency": 0.0,
            "number_inpatient": -30.253534449121332,
            "diag_1": 0.0,
            "diag_2": -2.0648743695560916,
            "diag_3": 0.0,
            "number_diagnoses": 0.0,
            "metformin": 2.4693871314869016,