{
    "LogisticRegression": {
        "SHAP": {
            "number_inpatient": -18.276324476992205,
            "number_diagnoses": -13.197551893251411,
            "time_in_hospital": -9.527633057406169,
            "discharge_disposition_id": -7.93883319916411,
            "diabetesMed": 7.03049108083664,
            "age": -6.36922039292971,
            "num_medications": -6.208008584451141,
            "metformin": 3.65911196771893,
            "payer_code": 3.571497741305072,
            "num_procedures": 3.354666378071778,
            "insulin": -3.2471725593104885,
            "diag_1": -3.170905883682716,
            "change": -3.0149394254067876,
            "number_emergency": -2.5749820591438,
            "diag_2": 1.891629436570773,
            "glimepiride": 1.5520184818289577,
            "gender": -1.1319200404745025,
            "admission_type_id": 1.0571408626069592,
            "glyburide": 0.5476172058652127,
            "pioglitazone": 0.5011474405592459,
            "rosiglitazone": 0.48820567799957876,
            "num_lab_procedures": -0.2578957704306972,
            "admission_source_id": 0.23590502799199106,
            "glyburide-metformin": 0.21878901413353527,
            "acarbose": 0.2098175938079496,
            "number_outpatient": 0.1510208919919851,
            "race": -0.10657158689905144,
            "medical_specialty": 0.09923369865187262,
            "glipizide": 0.09469368127119134,
            "glipizide-metformin": -0.08752904778336064,
            "chlorpropamide": -0.05828033560276757,
            "tolazamide": 0.029206677025182228,
            "tolbutamide": -0.025640775482711108,
            "troglitazone": -0.022913750180708178,
            "diag_3": -0.015674609683911187,
            "repaglinide": 0.015160927507478907,
            "miglitol": -0.01512446938654266,
            "metformin-rosiglitazone": -0.014879411351932423,
            "acetohexamide": -0.008416069142489501,
            "nateglinide": 0.007701904670787634,
            "glimepiride-pioglitazone": -0.007552251754310435,
            "metformin-pioglitazone": -0.0069746596733521815
        },
        "Lime": {
            "race": -25.15066212690406,
            "gender": 0.0,
            "age": 0.0,
            "admission_type_id": 0.0,
            "discharge_disposition_id": -19.775270624002804,
            "admission_source_id": 0.0,
            "time_in_hospital": -10.991497807220844,
            "payer_code": 0.0,
            "medical_specialty": 0.0,
            "num_lab_procedures": 0.0,
            "num_procedures": 0.0,
            "num_medications": 0.0,
            "number_outpatient": 0.0,
            "number_emergency": -20.75647236974406,
            "number_inpatient": 0.0,
            "diag_1": 0.0,
            "diag_2": 0.0,
            "diag_3": 0.0,
            "number_diagnoses": -23.326097072128224,
            "metformin": 0.0,
            "repaglinide": 0.0,
            "nateglinide": 0.0,
            "chlorpropamide": 0.0,
            "glimepiride": 0.0,
            "acetohexamide": 0.0,
            "glipizide": 0.0,
            "glyburide": 0.0,
            "tolbutamide": 0.0,
            "pioglitazone": 0.0,
            "rosiglitazone": 0.0,
            "acarbose": 0.0,
            "miglitol": 0.0,
            "troglitazone": 0.0,
            "tolazamide": 0.0,
            "insulin": 0.0,
            "glyburide-metformin": 0.0,
            "glipizide-metformin": 0.0,
            "glimepiride-pioglitazone": 0.0,
            "metformin-rosiglitazone": 0.0,
            "metformin-pioglitazone": 0.0,
            "change": 0.0,
            "diabetesMed": 0.0
        },
        "Inherent": {
            "diabetesMed": 5.919129838041711,
            "num_procedures": 3.493528362822799,
            "metformin": 3.420693034378467,
            "payer_code": 3.387024472053097,
            "diag_2": 2.085189341322217,
            "admission_type_id": 1.1368284918579228,
            "glimepiride": 1.0790920934237396,
            "pioglitazone": 0.640434129236548,
            "glyburide": 0.58338240595388,
            "rosiglitazone": 0.4161530989243334,
            "number_outpatient": 0.19803474560462914,
            "glyburide-metformin": 0.10382927155727101,
            "medical_specialty": 0.09012716700381357,
            "glipizide": 0.07976944776552941,
            "tolazamide": 0.04240708742032058,
            "nateglinide": 0.023119072999238578,
            "tolbutamide": -0.0,
            "metformin-rosiglitazone": -0.0,
            "troglitazone": -0.0,
            "miglitol": -0.0,
            "glimepiride-pioglitazone": -0.0,
            "glipizide-metformin": -0.0,
            "metformin-pioglitazone": -0.0,
            "repaglinide": 0.0,
            "acetohexamide": -0.0,
            "chlorpropamide": -0.0,
            "acarbose": -0.0,
            "admission_source_id": -0.019139846586283323,
            "diag_3": -0.07253435004231173,
            "race": -0.10421019625556495,
            "num_lab_procedures": -0.2826787270093429,
            "gender": -1.282371472695111,
            "number_emergency": -2.5919447956731836,
            "change": -3.047306102606673,
            "insulin": -3.121074663940146,
            "diag_1": -3.475790482957899,
            "age": -6.006598525972033,
            "num_medications": -6.019286166680046,
            "time_in_hospital": -8.785375975860168,
            "discharge_disposition_id": -8.980211394635312,
            "number_diagnoses": -11.497029356504298,
            "number_inpatient": -22.015705882216107
        }
    },
    "DecisionTree": {
        "SHAP": {
            "discharge_disposition_id": -31.902652214415504,
            "number_inpatient": -29.671372890754782,
            "number_diagnoses": -20.450494468376775,
            "diag_1": -14.907110477457763,
            "payer_code": -1.4026133894842454,
            "num_medications": -1.0483057820936048,
            "medical_specialty": 0.4712600136051692,
            "admission_source_id": 0.14619076381216445,
            "gender": 0.0,
            "race": 0.0,
            "num_lab_procedures": 0.0,
            "time_in_hospital": 0.0,
            "admission_type_id": 0.0,
            "age": 0.0,
            "number_emergency": 0.0,
            "number_outpatient": 0.0,
            "diag_2": 0.0,
            "num_procedures": 0.0,
            "diag_3": 0.0,
            "metformin": 0.0,
            "repaglinide": 0.0,
            "nateglinide": 0.0,
            "chlorpropamide": 0.0,
            "glimepiride": 0.0,
            "acetohexamide": 0.0,
            "glipizide": 0.0,
            "glyburide": 0.0,
            "tolbutamide": 0.0,
            "pioglitazone": 0.0,
            "rosiglitazone": 0.0,
            "acarbose": 0.0,
            "miglitol": 0.0,
            "troglitazone": 0.0,
            "tolazamide": 0.0,
            "insulin": 0.0,
            "glyburide-metformin": 0.0,
            "glipizide-metformin": 0.0,
            "glimepiride-pioglitazone": 0.0,
            "metformin-rosiglitazone": 0.0,
            "metformin-pioglitazone": 0.0,
            "change": 0.0,
            "diabetesMed": 0.0
        },
        "Lime": {
            "race": -2.956271778703132,
            "gender": 0.0,
            "age": 0.0,
            "admission_type_id": 0.0,
            "discharge_disposition_id": -17.458937662245653,
            "admission_source_id": 0.0,
            "time_in_hospital": -2.1340378996435705,
            "payer_code": 0.0,
            "medical_specialty": 0.0,
            "num_lab_procedures": 0.0,
            "num_procedures": 0.0,
            "num_medications": 0.0,
            "number_outpatient": 2.1792458746522008,
            "number_emergency": -3.266455865970986,
            "number_inpatient": -32.699880477097416,
            "diag_1": -6.322483703877582,
            "diag_2": -6.796141652184078,
            "diag_3": 0.0,