{
    "LogisticRegression": {
        "SHAP": {
            "number_inpatient": -20.910908063106433,
            "num_procedures": -12.338267037489361,
            "discharge_disposition_id": -9.083238337393446,
            "diabetesMed": 8.043956147470375,
            "age": -7.2873614296945695,
            "time_in_hospital": 6.144644695657009,
            "num_medications": 5.243713928172644,
            "metformin": 4.186583251238895,
            "insulin": -3.7152616182900235,
            "payer_code": -3.652431540034469,
            "change": -3.44955142484381,
            "number_emergency": -2.9461729665989145,
            "number_diagnoses": -2.4631588600101124,
            "glimepiride": 1.7757463119361532,
            "gender": 1.7717502682878594,
            "diag_1": 1.749687998016974,
            "admission_type_id": 1.2095306917731619,
            "glyburide": 0.6265577665814809,
            "pioglitazone": 0.5733892538835096,
            "rosiglitazone": 0.5585818998446581,
            "num_lab_procedures": 0.41017613970337546,
            "admission_source_id": -0.3251462481057939,
            "glyburide-metformin": 0.25032806599179974,
            "acarbose": 0.24006339018896125,
            "diag_2": 0.20392730427840136,
            "number_outpatient": 0.17279097840642227,
            "medical_specialty": 0.1135385154648347,
            "glipizide": 0.10834404180729787,
            "glipizide-metformin": -0.10014660624751201,
            "chlorpropamide": -0.06668160992713047,
            "diag_3": 0.06654560705589689,
            "race": 0.03610942963237618,
            "tolazamide": 0.033416901679069966,
            "tolbutamide": -0.0293369653980867,
            "troglitazone": -0.026216831727460765,
            "repaglinide": 0.017346417856578086,
            "miglitol": -0.017304704194949283,
            "metformin-rosiglitazone": -0.01702432035528222,
            "acetohexamide": -0.009629269184451894,
            "nateglinide": 0.008812155895152687,
            "glimepiride-pioglitazone": -0.00864093008977973,
            "metformin-pioglitazone": -0.007980076485538837
        },
        "Lime": {
            "race": -29.625245384067973,
            "gender": 0.0,
            "age": 0.0,
            "admission_type_id": 0.0,
            "discharge_disposition_id": -13.774028714736552,
            "admission_source_id": 0.0,
            "time_in_hospital": 12.802638488160154,
            "payer_code": 0.0,
            "medical_specialty": 0.0,
            "num_lab_procedures": 0.0,
            "num_procedures": 0.0,
            "num_medications": 10.499508353565258,
            "number_outpatient": 0.0,
            "number_emergency": -27.0793806934988,
            "number_inpatient": -6.2191983659712635,
            "diag_1": 0.0,
            "diag_2": 0.0,
            "diag_3": 0.0,
            "number_diagnoses": 0.0,
            "metformin": 0.0,
            "repaglinide": 0.0,
            "nateglinide": 0.0,
            "chlorpropamide": 0.0,
            "glimepiride": 0.0,
            "acetohexamide": 0.0,
            "glipizide": 0.0,
            "glyburide": 0.0,
            "tolbutamide": 0.0,
            "pioglitazone": 0.0,
            "rosiglitazone": 0.0,
            "acarbose": 0.0,
            "miglitol": 0.0,
            "troglitazone": 0.0,
            "tolazamide": 0.0,
            "insulin": 0.0,
            "glyburide-metformin": 0.0,
            "glipizide-metformin": 0.0,
            "glimepiride-pioglitazone": 0.0,
            "metformin-rosiglitazone": 0.0,
            "metformin-pioglitazone": 0.0,
            "change": 0.0,
            "diabetesMed": 0.0
        },
        "Inherent": {
            "time_in_hospital": 7.544993845137925,
            "diabetesMed": 6.49173604706453,
            "num_medications": 5.842492801202439,
            "metformin": 3.7516048616639175,
            "gender": 1.6846199542015396,
            "diag_1": 1.6081016861199244,
            "admission_type_id": 1.2468032805250446,
            "glimepiride": 1.183481564462322,
            "pioglitazone": 0.702388600401231,
            "glyburide": 0.6398177937598652,
            "rosiglitazone": 0.45641101771784937,
            "num_lab_procedures": 0.4007901405512884,
            "diag_2": 0.31104807686416147,
            "number_outpatient": 0.21719227855933465,
            "number_diagnoses": 0.12736597730953403,
            "glyburide-metformin": 0.11387353265624352,
            "medical_specialty": 0.09884591060973082,
            "glipizide": 0.08748620383114313,
            "tolazamide": 0.046509474465015424,
            "race": 0.04499971334285568,
            "nateglinide": 0.025355571455673097,
            "diag_3": 0.00559534402461702,
            "troglitazone": -0.0,
            "miglitol": -0.0,
            "glimepiride-pioglitazone": -0.0,
            "acetohexamide": -0.0,
            "metformin-pioglitazone": -0.0,
            "metformin-rosiglitazone": -0.0,
            "glipizide-metformin": -0.0,
            "acarbose": -0.0,
            "repaglinide": 0.0,
            "chlorpropamide": -0.0,
            "tolbutamide": -0.0,
            "admission_source_id": -0.6207457353595793,
            "number_emergency": -2.8426849760808266,
            "change": -3.34209713488499,
            "insulin": -3.4230019370859557,
            "payer_code": -4.085172206591357,
            "age": -6.587666302011357,
            "discharge_disposition_id": -9.848941249124676,
            "num_procedures": -12.47271023840718,
            "number_inpatient": -24.145466544527885
        }
    },
    "DecisionTree": {
        "SHAP": {
            "number_inpatient": -38.99499376831159,
            "discharge_disposition_id": -31.61098189771328,
            "diag_1": 14.540292907987833,
            "number_diagnoses": 9.172238993389222,
            "payer_code": -2.366573566242906,
            "num_medications": 2.149788006631578,
            "medical_specialty": 0.7951382037179625,
            "admission_source_id": 0.3699926560056298,
            "gender": 0.0,
            "race": 0.0,
            "num_lab_procedures": 0.0,
            "time_in_hospital": 0.0,
            "admission_type_id": 0.0,
            "age": 0.0,
            "number_emergency": 0.0,
            "number_outpatient": 0.0,
            "diag_2": 0.0,
            "num_procedures": 0.0,
            "diag_3": 0.0,
            "metformin": 0.0,
            "repaglinide": 0.0,
            "nateglinide": 0.0,
            "chlorpropamide": 0.0,
            "glimepiride": 0.0,
            "acetohexamide": 0.0,
            "glipizide": 0.0,
            "glyburide": 0.0,
            "tolbutamide": 0.0,
            "pioglitazone": 0.0,
            "rosiglitazone": 0.0,
            "acarbose": 0.0,
            "miglitol": 0.0,
            "troglitazone": 0.0,
            "tolazamide": 0.0,
            "insulin": 0.0,
            "glyburide-metformin": 0.0,
            "glipizide-metformin": 0.0,
            "glimepiride-pioglitazone": 0.0,
            "metformin-rosiglitazone": 0.0,
            "metformin-pioglitazone": 0.0,
            "change": 0.0,
            "diabetesMed": 0.0
        },
        "Lime": {
            "race": 0.0,
            "gender": 0.0,
            "age": 0.0,
            "admission_type_id": 0.0,
            "discharge_disposition_id": -17.889384776945878,
            "admission_source_id": 0.0,
            "time_in_hospital": 0.0,
            "payer_code": 0.0,
            "medical_specialty": 0.0,
            "num_lab_procedures": 0.0,
            "num_procedures": 0.0,
            "num_medications": 0.0,
            "number_outpatient": 0.0,
            "number_emergency": 0.0,
            "number_inpatient": -39.93175130204095,
            "diag_1": 2.716710018340925,
            "diag_2": 0.0,
            "diag_3": -2.447511128200149,
            "number_diagnoses": 4.291374087180658,
            "metformin": 0.0,