{
    "LogisticRegression": {
        "SHAP": {
            "number_inpatient": -18.605691218521727,
            "metformin": -12.430497041602399,
            "number_diagnoses": 9.052150700080803,
            "discharge_disposition_id": -8.081902864273568,
            "time_in_hospital": -7.171569471020249,
            "diabetesMed": 7.157191060450298,
            "diag_1": -4.998956764495093,
            "payer_code": 4.496567637162612,
            "age": 4.235888803589276,
            "num_medications": -3.573502817900004,
            "num_procedures": 3.4151224908561124,
            "change": -3.0692731496578105,
            "number_emergency": -2.6213870926824,
            "insulin": 1.94961278121028,
            "diag_2": 1.7539349644977429,
            "glimepiride": 1.5799881794996857,
            "gender": -1.1523189350045477,
            "admission_type_id": 1.0761921243468615,
            "diag_3": 0.5603210529220946,
            "glyburide": 0.5574860881412078,
            "pioglitazone": 0.5101788680615673,
            "rosiglitazone": 0.4970038755562788,
            "admission_source_id": -0.28930215153069533,
            "glyburide-metformin": 0.2227319198725057,
            "acarbose": 0.21359882111517356,
            "number_outpatient": 0.1537425146662214,
            "race": -0.10849216651891752,
            "glipizide": 0.09640020324080235,
            "glipizide-metformin": -0.08910645232626421,
            "chlorpropamide": -0.05933063454317516,
            "medical_specialty": -0.04302208592509218,
            "tolazamide": 0.029733025091217027,
            "tolbutamide": -0.02610286066190904,
            "troglitazone": -0.023326690279399362,
            "num_lab_procedures": -0.02119659498399722,
            "repaglinide": 0.01543415012934633,
            "miglitol": -0.01539703497846349,
            "metformin-rosiglitazone": -0.0151475606310193,
            "acetohexamide": -0.008567739314106254,
            "nateglinide": 0.007840704528941924,
            "glimepiride-pioglitazone": -0.007688354642758233,
            "metformin-pioglitazone": -0.007100353487378152
        },
        "Lime": {
            "race": 0.0,
            "gender": 0.0,
            "age": 0.0,
            "admission_type_id": 0.0,
            "discharge_disposition_id": -25.409157626252604,
            "admission_source_id": 0.0,
            "time_in_hospital": 0.0,
            "payer_code": 0.0,
            "medical_specialty": 0.0,
            "num_lab_procedures": 0.0,
            "num_procedures": 0.0,
            "num_medications": 0.0,
            "number_outpatient": 0.0,
            "number_emergency": -49.39681139555301,
            "number_inpatient": -25.194030978194387,
            "diag_1": 0.0,
            "diag_2": 0.0,
            "diag_3": 0.0,
            "number_diagnoses": 0.0,
            "metformin": 0.0,
            "repaglinide": 0.0,
            "nateglinide": 0.0,
            "chlorpropamide": 0.0,
            "glimepiride": 0.0,
            "acetohexamide": 0.0,
            "glipizide": 0.0,
            "glyburide": 0.0,
            "tolbutamide": 0.0,
            "pioglitazone": 0.0,
            "rosiglitazone": 0.0,
            "acarbose": 0.0,
            "miglitol": 0.0,
            "troglitazone": 0.0,
            "tolazamide": 0.0,
            "insulin": 0.0,
            "glyburide-metformin": 0.0,
            "glipizide-metformin": 0.0,
            "glimepiride-pioglitazone": 0.0,
            "metformin-rosiglitazone": 0.0,
            "metformin-pioglitazone": 0.0,
            "change": 0.0,
            "diabetesMed": 0.0
        },
        "Inherent": {
            "number_diagnoses": 11.051678104606806,
            "diabetesMed": 5.577175026243616,
            "age": 4.772834426405594,
            "payer_code": 4.028977506523756,
            "num_procedures": 3.291703286078815,
            "insulin": 2.173610138357242,
            "diag_2": 1.7975477437785856,
            "admission_type_id": 1.071152626719509,
            "glimepiride": 1.0167517251912348,
            "pioglitazone": 0.6034355267182065,
            "glyburide": 0.5496797458851362,
            "diag_3": 0.4924805754736283,
            "rosiglitazone": 0.39211146467815094,
            "number_outpatient": 0.1865940548247968,
            "glyburide-metformin": 0.0978309373449831,
            "glipizide": 0.0751610767305524,
            "tolazamide": 0.03995718211421926,
            "nateglinide": 0.021783458057057052,
            "troglitazone": -0.0,
            "miglitol": -0.0,
            "acarbose": -0.0,
            "glipizide-metformin": -0.0,
            "glimepiride-pioglitazone": -0.0,
            "acetohexamide": -0.0,
            "repaglinide": 0.0,
            "chlorpropamide": -0.0,
            "metformin-pioglitazone": -0.0,
            "metformin-rosiglitazone": -0.0,
            "tolbutamide": -0.0,
            "num_lab_procedures": -0.03147322729848609,
            "medical_specialty": -0.055260984977628984,
            "race": -0.09818985559349835,
            "admission_source_id": -0.5332945744859953,
            "gender": -1.2082874252761104,
            "number_emergency": -2.4422052192409986,
            "change": -2.8712597894964333,
            "num_medications": -2.998809484654391,
            "diag_1": -4.9984075140436675,
            "time_in_hospital": -5.8178542388201695,
            "discharge_disposition_id": -8.46141444620149,
            "metformin": -12.49924493039909,
            "number_inpatient": -20.743833703780147
        }
    },
    "DecisionTree": {
        "SHAP": {
            "discharge_disposition_id": -39.464057051651906,
            "number_inpatient": -32.63759496621549,
            "diag_1": -11.781928814638986,
            "number_diagnoses": 8.95287556024552,
            "payer_code": 5.182126987059461,
            "num_medications": -1.4524102749833419,
            "medical_specialty": -0.32646146651121905,
            "admission_source_id": 0.20254487869407872,
            "gender": 0.0,
            "race": 0.0,
            "num_lab_procedures": 0.0,
            "time_in_hospital": 0.0,
            "admission_type_id": 0.0,
            "age": 0.0,
            "number_emergency": 0.0,
            "number_outpatient": 0.0,
            "diag_2": 0.0,
            "num_procedures": 0.0,
            "diag_3": 0.0,
            "metformin": 0.0,
            "repaglinide": 0.0,
            "nateglinide": 0.0,
            "chlorpropamide": 0.0,
            "glimepiride": 0.0,
            "acetohexamide": 0.0,
            "glipizide": 0.0,
            "glyburide": 0.0,
            "tolbutamide": 0.0,
            "pioglitazone": 0.0,
            "rosiglitazone": 0.0,
            "acarbose": 0.0,
            "miglitol": 0.0,
            "troglitazone": 0.0,
            "tolazamide": 0.0,
            "insulin": 0.0,
            "glyburide-metformin": 0.0,
            "glipizide-metformin": 0.0,
            "glimepiride-pioglitazone": 0.0,
            "metformin-rosiglitazone": 0.0,
            "metformin-pioglitazone": 0.0,
            "change": 0.0,
            "diabetesMed": 0.0
        },
        "Lime": {
            "race": 0.0,
            "gender": 0.0,
            "age": 0.0,
            "admission_type_id": 0.0,
            "discharge_disposition_id": -14.454720403806732,
            "admission_source_id": 3.217929370536432,
            "time_in_hospital": 0.0,
            "payer_code": 0.0,
            "medical_specialty": 0.0,
            "num_lab_procedures": 0.0,
            "num_procedures": 0.0,
            "num_medications": 0.0,
            "number_outpatient": 0.0,
            "number_emergency": -10.317872828532728,
            "number_inpatient": -28.87321944829945,
            "diag_1": -6.526371601344333,
            "diag_2": 3.668448094302396,
            "diag_3": 0.0,
            "number_diagnoses": 3.3258052864902146,
            "metformin": 0.0,