{
    "LogisticRegression": {
        "SHAP": {
            "glimepiride": -22.95979644233796,
            "number_inpatient": -16.25474433035424,
            "number_diagnoses": -11.737744757237364,
            "age": 8.383340358116333,
            "insulin": -7.479259711860486,
            "diabetesMed": 6.2528346539097255,
            "num_medications": 5.035857421634714,
            "change": 3.3129184548817276,
            "metformin": 3.2543704061659935,
            "num_procedures": 2.983600141146447,
            "number_emergency": -2.290158236100647,
            "payer_code": -2.087206030675766,
            "discharge_disposition_id": -1.5959866644881318,
            "gender": 1.3772404116235866,
            "admission_type_id": 0.9402084354804697,
            "glyburide": 0.487044191158228,
            "pioglitazone": 0.44571453786328025,
            "rosiglitazone": 0.4342042890790477,
            "diag_3": -0.4048272625797421,
            "diag_1": 0.3782510863515521,
            "time_in_hospital": 0.3597035104956917,
            "num_lab_procedures": 0.27667332742658196,
            "admission_source_id": -0.25274699295619507,
            "glyburide-metformin": 0.1945883315602064,
            "acarbose": 0.18660925765745753,
            "number_outpatient": 0.13431617451102262,
            "glipizide": 0.08421942719943343,
            "diag_2": -0.08391488269823091,
            "glipizide-metformin": -0.07784728789363424,
            "chlorpropamide": -0.05183383321426638,
            "medical_specialty": -0.03758597297233159,
            "race": 0.028069060646139975,
            "tolazamide": 0.025976069115057582,
            "tolbutamide": -0.02280459894592962,
            "troglitazone": -0.020379215268688206,
            "repaglinide": 0.013483947538540377,
            "miglitol": -0.013451522121967706,
            "metformin-rosiglitazone": -0.01323357043788029,
            "acetohexamide": -0.007485151204771356,
            "nateglinide": 0.006849981867963499,
            "glimepiride-pioglitazone": -0.006716882354508753,
            "metformin-pioglitazone": -0.006203178868064701
        },
        "Lime": {
            "race": 0.0,
            "gender": 0.0,
            "age": 0.0,
            "admission_type_id": 0.0,
            "discharge_disposition_id": -13.013184992733867,
            "admission_source_id": 0.0,
            "time_in_hospital": 0.0,
            "payer_code": 0.0,
            "medical_specialty": 0.0,
            "num_lab_procedures": 0.0,
            "num_procedures": 0.0,
            "num_medications": 11.072346707967531,
            "number_outpatient": 0.0,
            "number_emergency": -30.50410610234221,
            "number_inpatient": -16.283801183049103,
            "diag_1": 0.0,
            "diag_2": 0.0,
            "diag_3": 0.0,
            "number_diagnoses": -29.12656101390729,
            "metformin": 0.0,
            "repaglinide": 0.0,
            "nateglinide": 0.0,
            "chlorpropamide": 0.0,
            "glimepiride": 0.0,
            "acetohexamide": 0.0,
            "glipizide": 0.0,
            "glyburide": 0.0,
            "tolbutamide": 0.0,
            "pioglitazone": 0.0,
            "rosiglitazone": 0.0,
            "acarbose": 0.0,
            "miglitol": 0.0,
            "troglitazone": 0.0,
            "tolazamide": 0.0,
            "insulin": 0.0,
            "glyburide-metformin": 0.0,
            "glipizide-metformin": 0.0,
            "glimepiride-pioglitazone": 0.0,
            "metformin-rosiglitazone": 0.0,
            "metformin-pioglitazone": 0.0,
            "change": 0.0,
            "diabetesMed": 0.0
        },
        "Inherent": {
            "age": 8.843119649330196,
            "num_medications": 5.390030055969146,
            "diabetesMed": 4.937370550519708,
            "change": 3.3694602502790794,
            "num_procedures": 2.9140844225362077,
            "metformin": 2.853329714405418,
            "time_in_hospital": 1.3828875436130488,
            "gender": 1.2812586479780919,
            "admission_type_id": 0.9482717342365363,
            "pioglitazone": 0.5342103815527052,
            "glyburide": 0.48662137673279454,
            "rosiglitazone": 0.3471290732518038,
            "num_lab_procedures": 0.263239849516536,
            "diag_1": 0.2548228645190181,
            "number_outpatient": 0.16518828741412514,
            "glyburide-metformin": 0.08660793084383275,
            "glipizide": 0.06653871988032739,
            "tolazamide": 0.03537335897191215,
            "race": 0.034225091382344655,
            "nateglinide": 0.01928449507022818,
            "acarbose": -0.0,
            "glipizide-metformin": -0.0,
            "troglitazone": -0.0,
            "miglitol": -0.0,
            "acetohexamide": -0.0,
            "repaglinide": 0.0,
            "metformin-rosiglitazone": -0.0,
            "glimepiride-pioglitazone": -0.0,
            "chlorpropamide": -0.0,
            "tolbutamide": -0.0,
            "metformin-pioglitazone": -0.0,
            "diag_2": -0.0025046066381934923,
            "medical_specialty": -0.04892153438566647,
            "diag_3": -0.445975430949165,
            "admission_source_id": -0.4721158856283089,
            "discharge_disposition_id": -2.1017169304855163,
            "number_emergency": -2.16203939648053,
            "payer_code": -2.3654942557679153,
            "insulin": -7.131070458146335,
            "number_diagnoses": -9.590107957835414,
            "number_inpatient": -18.364134737027427,
            "glimepiride": -23.102864808652463
        }
    },
    "DecisionTree": {
        "SHAP": {
            "discharge_disposition_id": 58.12314018070105,
            "number_inpatient": -21.83971920473902,
            "payer_code": -12.609296152594348,
            "number_diagnoses": -5.315435734519866,
            "num_medications": 1.1108645143990925,
            "diag_1": -0.4689126276055072,
            "medical_specialty": -0.3286986821033682,
            "admission_source_id": 0.203932903337743,
            "gender": 0.0,
            "race": 0.0,
            "num_lab_procedures": 0.0,
            "time_in_hospital": 0.0,
            "admission_type_id": 0.0,
            "age": 0.0,
            "number_emergency": 0.0,
            "number_outpatient": 0.0,
            "diag_2": 0.0,
            "num_procedures": 0.0,
            "diag_3": 0.0,
            "metformin": 0.0,
            "repaglinide": 0.0,
            "nateglinide": 0.0,
            "chlorpropamide": 0.0,
            "glimepiride": 0.0,
            "acetohexamide": 0.0,
            "glipizide": 0.0,
            "glyburide": 0.0,
            "tolbutamide": 0.0,
            "pioglitazone": 0.0,
            "rosiglitazone": 0.0,
            "acarbose": 0.0,
            "miglitol": 0.0,
            "troglitazone": 0.0,
            "tolazamide": 0.0,
            "insulin": 0.0,
            "glyburide-metformin": 0.0,
            "glipizide-metformin": 0.0,
            "glimepiride-pioglitazone": 0.0,
            "metformin-rosiglitazone": 0.0,
            "metformin-pioglitazone": 0.0,
            "change": 0.0,
            "diabetesMed": 0.0
        },
        "Lime": {
            "race": 0.0,
            "gender": 0.0,
            "age": 0.0,
            "admission_type_id": 0.0,
            "discharge_disposition_id": 21.27208005420808,
            "admission_source_id": 0.0,
            "time_in_hospital": 0.0,
            "payer_code": -2.5849867104219015,
            "medical_specialty": -2.8512464888447666,
            "num_lab_procedures": 0.0,
            "num_procedures": 0.0,
            "num_medications": 0.0,
            "number_outpatient": 0.0,
            "number_emergency": -2.7866359494345976,
            "number_inpatient": -24.580721292032983,
            "diag_1": -3.1091454899528186,
            "diag_2": -5.3368818768273805,
            "diag_3": 6.647214225215708,