{
    "LogisticRegression": {
        "SHAP": {
            "number_inpatient": -20.766484695127062,
            "age": 10.710258230008707,
            "number_diagnoses": 10.10343269504971,
            "pioglitazone": -9.317357418198034,
            "diabetesMed": 7.988399725186365,
            "payer_code": 5.01878172227133,
            "change": 4.23246708722647,
            "metformin": 4.157668177266725,
            "num_procedures": 3.811741692657332,
            "insulin": -3.68960177634444,
            "time_in_hospital": 3.280875255021267,
            "number_emergency": -2.9258249156581377,
            "diag_2": 2.886806839538336,
            "discharge_disposition_id": -2.038975942539319,
            "glimepiride": 1.7634819347855866,
            "gender": -1.2861448277640677,
            "admission_type_id": 1.2011769418712863,
            "num_lab_procedures": 1.0538454676122384,
            "glyburide": 0.6222303800036123,
            "rosiglitazone": 0.5547239956817005,
            "diag_1": 0.4832401689004916,
            "admission_source_id": -0.32290059162375206,
            "num_medications": 0.3029572052305488,
            "diag_3": 0.3017946203459847,
            "glyburide-metformin": 0.24859914908961678,
            "acarbose": 0.23840536734102924,
            "number_outpatient": 0.17159757948837454,
            "glipizide": 0.10759575238002451,
            "glipizide-metformin": -0.09945493326409488,
            "chlorpropamide": -0.06622106643189345,
            "medical_specialty": 0.03659878672501354,
            "race": 0.03586003608965753,
            "tolazamide": 0.03318610436154736,
            "tolbutamide": -0.029134346586110704,
            "troglitazone": -0.026035762444175617,
            "repaglinide": 0.01722661301206038,
            "miglitol": -0.01718518745018722,
            "metformin-rosiglitazone": -0.016906740110758663,
            "acetohexamide": -0.009562763632296934,
            "nateglinide": 0.008751293821172137,
            "glimepiride-pioglitazone": -0.008581250604686395,
            "metformin-pioglitazone": -0.007924961254803931
        },
        "Lime": {
            "race": 0.0,
            "gender": 0.0,
            "age": 0.0,
            "admission_type_id": 0.0,
            "discharge_disposition_id": -27.534427144933154,
            "admission_source_id": 0.0,
            "time_in_hospital": 26.72369343394291,
            "payer_code": 0.0,
            "medical_specialty": 0.0,
            "num_lab_procedures": 0.0,
            "num_procedures": 13.353979143596565,
            "num_medications": 0.0,
            "number_outpatient": 0.0,
            "number_emergency": -32.38790027752738,
            "number_inpatient": 0.0,
            "diag_1": 0.0,
            "diag_2": 0.0,
            "diag_3": 0.0,
            "number_diagnoses": 0.0,
            "metformin": 0.0,
            "repaglinide": 0.0,
            "nateglinide": 0.0,
            "chlorpropamide": 0.0,
            "glimepiride": 0.0,
            "acetohexamide": 0.0,
            "glipizide": 0.0,
            "glyburide": 0.0,
            "tolbutamide": 0.0,
            "pioglitazone": 0.0,
            "rosiglitazone": 0.0,
            "acarbose": 0.0,
            "miglitol": 0.0,
            "troglitazone": 0.0,
            "tolazamide": 0.0,
            "insulin": 0.0,
            "glyburide-metformin": 0.0,
            "glipizide-metformin": 0.0,
            "glimepiride-pioglitazone": 0.0,
            "metformin-rosiglitazone": 0.0,
            "metformin-pioglitazone": 0.0,
            "change": 0.0,
            "diabetesMed": 0.0
        },
        "Inherent": {
            "number_diagnoses": 12.07642633751064,
            "age": 10.91526446033228,
            "diabetesMed": 6.094309184390712,
            "payer_code": 4.4025576579849615,
            "time_in_hospital": 4.395007876681142,
            "change": 4.159001707407549,
            "num_procedures": 3.596920927574084,
            "metformin": 3.5219300043756054,
            "diag_2": 2.849513550268126,
            "admission_type_id": 1.170473449404669,
            "glimepiride": 1.1110283159342573,
            "num_lab_procedures": 0.9922212849078469,
            "num_medications": 0.8119158588581237,
            "glyburide": 0.6006478742478344,
            "rosiglitazone": 0.42846933962953726,
            "diag_1": 0.3145336789574233,
            "diag_3": 0.22982879848840715,
            "number_outpatient": 0.20389567419356627,
            "glyburide-metformin": 0.10690214618934925,
            "glipizide": 0.08213026094255702,
            "tolazamide": 0.04366214450778506,
            "race": 0.04224481160849462,
            "nateglinide": 0.023803292505655313,
            "medical_specialty": 0.020235816613956528,
            "acetohexamide": -0.0,
            "metformin-pioglitazone": -0.0,
            "metformin-rosiglitazone": -0.0,
            "glimepiride-pioglitazone": -0.0,
            "acarbose": -0.0,
            "chlorpropamide": -0.0,
            "repaglinide": 0.0,
            "troglitazone": -0.0,
            "miglitol": -0.0,
            "tolbutamide": -0.0,
            "glipizide-metformin": -0.0,
            "admission_source_id": -0.5827434154356718,
            "gender": -1.3203238411191927,
            "discharge_disposition_id": -2.5941971868202423,
            "number_emergency": -2.6686545836829936,
            "insulin": -3.213444291654944,
            "pioglitazone": -8.760441492041513,
            "number_inpatient": -22.667270735730863
        }
    },
    "DecisionTree": {
        "SHAP": {
            "discharge_disposition_id": 62.14836170408188,
            "payer_code": 20.597537459332504,
            "number_inpatient": -12.778381288326612,
            "diag_1": -2.0089457521727776,
            "number_diagnoses": 1.4724581548610722,
            "num_medications": -0.6009245559541077,
            "medical_specialty": -0.268467939279624,
            "admission_source_id": 0.12492314599143473,
            "gender": 0.0,
            "race": 0.0,
            "num_lab_procedures": 0.0,
            "time_in_hospital": 0.0,
            "admission_type_id": 0.0,
            "age": 0.0,
            "number_emergency": 0.0,
            "number_outpatient": 0.0,
            "diag_2": 0.0,
            "num_procedures": 0.0,
            "diag_3": 0.0,
            "metformin": 0.0,
            "repaglinide": 0.0,
            "nateglinide": 0.0,
            "chlorpropamide": 0.0,
            "glimepiride": 0.0,
            "acetohexamide": 0.0,
            "glipizide": 0.0,
            "glyburide": 0.0,
            "tolbutamide": 0.0,
            "pioglitazone": 0.0,
            "rosiglitazone": 0.0,
            "acarbose": 0.0,
            "miglitol": 0.0,
            "troglitazone": 0.0,
            "tolazamide": 0.0,
            "insulin": 0.0,
            "glyburide-metformin": 0.0,
            "glipizide-metformin": 0.0,
            "glimepiride-pioglitazone": 0.0,
            "metformin-rosiglitazone": 0.0,
            "metformin-pioglitazone": 0.0,
            "change": 0.0,
            "diabetesMed": 0.0
        },
        "Lime": {
            "race": 0.0,
            "gender": 0.0,
            "age": 0.0,
            "admission_type_id": 0.0,
            "discharge_disposition_id": 22.61282535235461,
            "admission_source_id": 3.0480649598231504,
            "time_in_hospital": -2.8759666009730993,
            "payer_code": 3.6313823830496994,
            "medical_specialty": 0.0,
            "num_lab_procedures": 0.0,
            "num_procedures": 0.0,
            "num_medications": 0.0,
            "number_outpatient": 3.472022655159613,
            "number_emergency": 0.0,
            "number_inpatient": -27.338370600955063,
            "diag_1": 2.0499012977922995,
            "diag_2": 4.900808462889266,
            "diag_3": 2.7954648069102968,
            "number_diagnoses": 2.6410827358086535,