{
    "LogisticRegression": {
        "SHAP": {
            "number_inpatient": 54.837644394238595,
            "number_diagnoses": -6.350433562095484,
            "discharge_disposition_id": 5.049643980181733,
            "time_in_hospital": -4.584532133267963,
            "insulin": -4.0464793600611895,
            "diabetesMed": 3.382950631971987,
            "age": -3.064758621508176,
            "admission_type_id": -2.349821883852071,
            "payer_code": 2.1253682067957804,
            "num_medications": -1.948691794915017,
            "change": 1.7923774097570444,
            "metformin": 1.7607013509187104,
            "num_procedures": 1.6142074021950947,
            "diag_1": -1.5257850326227287,
            "number_emergency": -1.2390368018588565,
            "diag_2": 1.222513314075484,
            "glimepiride": 0.7468044328008264,
            "gender": 0.7451238644166198,
            "glyburide": 0.26350392189673283,
            "pioglitazone": 0.24114347507987935,
            "rosiglitazone": 0.23491612291817984,
            "diag_3": -0.19533660483114787,
            "admission_source_id": -0.13674287693111356,
            "glyburide-metformin": 0.10527748703771797,
            "acarbose": 0.10096059484467435,
            "number_outpatient": 0.0726686395204788,
            "medical_specialty": 0.04774953836188083,
            "glipizide": 0.04556496057200162,
            "glipizide-metformin": -0.042117462935375626,
            "chlorpropamide": -0.02804348883911246,
            "race": 0.015186111852861122,
            "tolazamide": 0.014053747506978418,
            "tolbutamide": -0.012337897399503845,
            "troglitazone": -0.011025700020580982,
            "num_lab_procedures": -0.010018879444620578,
            "repaglinide": 0.00729517592768268,
            "miglitol": -0.007277632910865837,
            "metformin-rosiglitazone": -0.00715971522581049,
            "acetohexamide": -0.004049666815154637,
            "nateglinide": 0.0037060232313570352,
            "glimepiride-pioglitazone": -0.003634012837978833,
            "metformin-pioglitazone": -0.0033560855249600086
        },
        "Lime": {
            "race": 0.0,
            "gender": 0.0,
            "age": 0.0,
            "admission_type_id": 0.0,
            "discharge_disposition_id": 14.241522122653116,
            "admission_source_id": 0.0,
            "time_in_hospital": -3.8701532823391385,
            "payer_code": 0.0,
            "medical_specialty": 0.0,
            "num_lab_procedures": 0.0,
            "num_procedures": 0.0,
            "num_medications": -4.342773381921406,
            "number_outpatient": 0.0,
            "number_emergency": -12.866815602754253,
            "number_inpatient": 52.79333854353252,
            "diag_1": 0.0,
            "diag_2": 0.0,
            "diag_3": 0.0,
            "number_diagnoses": -11.885397066799566,
            "metformin": 0.0,
            "repaglinide": 0.0,
            "nateglinide": 0.0,
            "chlorpropamide": 0.0,
            "glimepiride": 0.0,
            "acetohexamide": 0.0,
            "glipizide": 0.0,
            "glyburide": 0.0,
            "tolbutamide": 0.0,
            "pioglitazone": 0.0,
            "rosiglitazone": 0.0,
            "acarbose": 0.0,
            "miglitol": 0.0,
            "troglitazone": 0.0,
            "tolazamide": 0.0,
            "insulin": 0.0,
            "glyburide-metformin": 0.0,
            "glipizide-metformin": 0.0,
            "glimepiride-pioglitazone": 0.0,
            "metformin-rosiglitazone": 0.0,
            "metformin-pioglitazone": 0.0,
            "change": 0.0,
            "diabetesMed": 0.0
        },
        "Inherent": {
            "number_inpatient": 56.52851865017018,
            "discharge_disposition_id": 5.024176099032746,
            "diabetesMed": 2.8590719434930207,
            "payer_code": 2.065407037731968,
            "change": 1.9511456893333359,
            "num_procedures": 1.6874522436980857,
            "metformin": 1.6522711529384373,
            "diag_2": 1.336815051169626,
            "gender": 0.7419355333592237,
            "glimepiride": 0.5212255877417404,
            "pioglitazone": 0.3093439915420715,
            "glyburide": 0.2817867346768684,
            "rosiglitazone": 0.20101124352526037,
            "number_outpatient": 0.09565520616832653,
            "glyburide-metformin": 0.05015185767929081,
            "medical_specialty": 0.04353343507875549,
            "glipizide": 0.038530425298089234,
            "tolazamide": 0.020483570586585943,
            "race": 0.019818645883170845,
            "nateglinide": 0.01116702873231082,
            "troglitazone": -0.0,
            "glipizide-metformin": -0.0,
            "metformin-pioglitazone": -0.0,
            "miglitol": -0.0,
            "acarbose": -0.0,
            "chlorpropamide": -0.0,
            "metformin-rosiglitazone": -0.0,
            "glimepiride-pioglitazone": -0.0,
            "repaglinide": 0.0,
            "tolbutamide": -0.0,
            "acetohexamide": -0.0,
            "num_lab_procedures": -0.016134372817215872,
            "diag_3": -0.23324998123908247,
            "admission_source_id": -0.2733870729097245,
            "number_emergency": -1.251967239637991,
            "diag_1": -1.6788844514640227,
            "num_medications": -1.8113329345551838,
            "admission_type_id": -2.467993903541062,
            "age": -2.9013212737895953,
            "insulin": -4.129372763365318,
            "time_in_hospital": -4.243532859203083,
            "number_diagnoses": -5.553322019638627
        }
    },
    "DecisionTree": {
        "SHAP": {
            "number_inpatient": 84.5790293478413,
            "discharge_disposition_id": 5.479857010780097,
            "number_diagnoses": -3.49246659367584,
            "diag_1": -2.6821827222313117,
            "payer_code": 2.6771108723848913,
            "num_medications": -0.6040009666543923,
            "medical_specialty": 0.3597898010855332,
            "admission_source_id": 0.12556268534663895,
            "gender": 0.0,
            "race": 0.0,
            "num_lab_procedures": 0.0,
            "time_in_hospital": 0.0,
            "admission_type_id": 0.0,
            "age": 0.0,
            "number_emergency": 0.0,
            "number_outpatient": 0.0,
            "diag_2": 0.0,
            "num_procedures": 0.0,
            "diag_3": 0.0,
            "metformin": 0.0,
            "repaglinide": 0.0,
            "nateglinide": 0.0,
            "chlorpropamide": 0.0,
            "glimepiride": 0.0,
            "acetohexamide": 0.0,
            "glipizide": 0.0,
            "glyburide": 0.0,
            "tolbutamide": 0.0,
            "pioglitazone": 0.0,
            "rosiglitazone": 0.0,
            "acarbose": 0.0,
            "miglitol": 0.0,
            "troglitazone": 0.0,
            "tolazamide": 0.0,
            "insulin": 0.0,
            "glyburide-metformin": 0.0,
            "glipizide-metformin": 0.0,
            "glimepiride-pioglitazone": 0.0,
            "metformin-rosiglitazone": 0.0,
            "metformin-pioglitazone": 0.0,
            "change": 0.0,
            "diabetesMed": 0.0
        },
        "Lime": {
            "race": 0.0,
            "gender": 0.0,
            "age": 0.0,
            "admission_type_id": 3.022462757791067,
            "discharge_disposition_id": 2.432220104224829,
            "admission_source_id": 0.0,
            "time_in_hospital": 0.0,
            "payer_code": 3.839285210510615,
            "medical_specialty": 0.0,
            "num_lab_procedures": 0.0,
            "num_procedures": 0.0,
            "num_medications": 0.0,
            "number_outpatient": 0.0,
            "number_emergency": 0.0,
            "number_inpatient": 51.40798494475183,
            "diag_1": 0.0,
            "diag_2": 0.0,
            "diag_3": -2.1904926390364285,
            "number_diagnoses": -7.1681065911260795,