{
    "LogisticRegression": {
        "SHAP": {
            "number_inpatient": 73.11146642536094,
            "time_in_hospital": 6.756173256426978,
            "age": 2.799075464168589,
            "number_diagnoses": 2.6404844732272506,
            "pioglitazone": -2.4350474078295035,
            "diabetesMed": 2.0877305839452274,
            "change": 1.1061353071360147,
            "metformin": 1.0865869648721225,
            "num_medications": 1.0405103220561625,
            "num_procedures": 0.9961807099824624,
            "insulin": -0.964260019033189,
            "number_emergency": -0.7646505395103967,
            "payer_code": -0.6968877487448156,
            "discharge_disposition_id": -0.5328767439799806,
            "glimepiride": 0.46087768466053813,
            "gender": 0.45984055039645516,
            "diag_1": 0.40444450814546656,
            "glipizide": -0.318470831932682,
            "admission_type_id": 0.3139219273627396,
            "num_lab_procedures": 0.30357759388621086,
            "glyburide": 0.16261697452340443,
            "rosiglitazone": 0.1449744994334229,
            "admission_source_id": -0.08438854637950507,
            "glyburide-metformin": 0.06497021488055846,
            "acarbose": 0.06230611810839894,
            "diag_2": 0.05292734846365483,
            "number_outpatient": 0.04484621791012017,
            "glipizide-metformin": -0.025992077642914696,
            "chlorpropamide": -0.017306563322744502,
            "race": 0.009371851266995914,
            "tolazamide": 0.008673031823777969,
            "tolbutamide": -0.007614124042805648,
            "troglitazone": -0.006804323694476855,
            "repaglinide": 0.0045020940464053,
            "miglitol": -0.0044912676712294255,
            "metformin-rosiglitazone": -0.0044184967726087244,
            "medical_specialty": 0.002930621203158602,
            "diag_3": -0.002566453031249959,
            "acetohexamide": -0.0024991831642124916,
            "nateglinide": 0.002287109357077863,
            "glimepiride-pioglitazone": -0.0022426693646059766,
            "metformin-pioglitazone": -0.002071151238973476
        },
        "Lime": {
            "race": 0.0,
            "gender": 0.0,
            "age": 0.0,
            "admission_type_id": 0.0,
            "discharge_disposition_id": -3.2580086073277807,
            "admission_source_id": 0.0,
            "time_in_hospital": 7.5762911102217,
            "payer_code": 0.0,
            "medical_specialty": 0.0,
            "num_lab_procedures": 0.0,
            "num_procedures": 3.848380251850673,
            "num_medications": 4.184832298940741,
            "number_outpatient": 0.0,
            "number_emergency": -9.961209190361174,
            "number_inpatient": 44.03937770570413,
            "diag_1": 0.0,
            "diag_2": 0.0,
            "diag_3": 0.0,
            "number_diagnoses": 0.0,
            "metformin": 0.0,
            "repaglinide": 0.0,
            "nateglinide": 0.0,
            "chlorpropamide": 0.0,
            "glimepiride": 0.0,
            "acetohexamide": 27.131900835593804,
            "glipizide": 0.0,
            "glyburide": 0.0,
            "tolbutamide": 0.0,
            "pioglitazone": 0.0,
            "rosiglitazone": 0.0,
            "acarbose": 0.0,
            "miglitol": 0.0,
            "troglitazone": 0.0,
            "tolazamide": 0.0,
            "insulin": 0.0,
            "glyburide-metformin": 0.0,
            "glipizide-metformin": 0.0,
            "glimepiride-pioglitazone": 0.0,
            "metformin-rosiglitazone": 0.0,
            "metformin-pioglitazone": 0.0,
            "change": 0.0,
            "diabetesMed": 0.0
        },
        "Inherent": {
            "number_inpatient": 72.3821027541976,
            "time_in_hospital": 7.110283394065912,
            "number_diagnoses": 3.3153678952756427,
            "age": 2.9965915701257413,
            "diabetesMed": 1.673084110243276,
            "num_medications": 1.1850425750183329,
            "change": 1.1417798901572958,
            "num_procedures": 0.9874706168731019,
            "metformin": 0.9668831937182013,
            "gender": 0.43416905073456313,
            "diag_1": 0.36473643282065604,
            "admission_type_id": 0.3213326515622743,
            "glimepiride": 0.30501304826820885,
            "num_lab_procedures": 0.3005805201013596,
            "glyburide": 0.16489718257639124,
            "rosiglitazone": 0.11762863060783126,
            "diag_2": 0.0801649344875135,
            "number_outpatient": 0.05597592808621201,
            "glyburide-metformin": 0.0293480814196967,
            "tolazamide": 0.011986664605436202,
            "race": 0.011597561085909905,
            "nateglinide": 0.006534770268086804,
            "metformin-pioglitazone": -0.0,
            "troglitazone": -0.0,
            "acarbose": -0.0,
            "acetohexamide": -0.0,
            "metformin-rosiglitazone": -0.0,
            "glimepiride-pioglitazone": -0.0,
            "glipizide-metformin": -0.0,
            "tolbutamide": -0.0,
            "chlorpropamide": -0.0,
            "repaglinide": 0.0,
            "miglitol": -0.0,
            "medical_specialty": -0.0010845170510894481,
            "diag_3": -0.018412405589991257,
            "admission_source_id": -0.15998183210190933,
            "glipizide": -0.3243356949772729,
            "discharge_disposition_id": -0.7121906619413968,
            "number_emergency": -0.7326316149373845,
            "payer_code": -0.8015746056938058,
            "insulin": -0.8821939322163479,
            "pioglitazone": -2.405023279191554
        }
    },
    "DecisionTree": {
        "SHAP": {
            "number_inpatient": 77.08944300814689,
            "discharge_disposition_id": 12.028312430795571,
            "age": -4.363427375195593,
            "payer_code": -2.64836557342585,
            "diag_1": 1.2739564341426213,
            "number_diagnoses": 0.9298089846649084,
            "number_emergency": -0.73237716905865,
            "num_medications": 0.6766220278406102,
            "medical_specialty": -0.1334724837880726,
            "admission_source_id": 0.1242145129412548,
            "num_lab_procedures": 0.0,
            "time_in_hospital": 0.0,
            "admission_type_id": 0.0,
            "gender": 0.0,
            "race": 0.0,
            "number_outpatient": 0.0,
            "diag_2": 0.0,
            "num_procedures": 0.0,
            "diag_3": 0.0,
            "metformin": 0.0,
            "repaglinide": 0.0,
            "nateglinide": 0.0,
            "chlorpropamide": 0.0,
            "glimepiride": 0.0,
            "acetohexamide": 0.0,
            "glipizide": 0.0,
            "glyburide": 0.0,
            "tolbutamide": 0.0,
            "pioglitazone": 0.0,
            "rosiglitazone": 0.0,
            "acarbose": 0.0,
            "miglitol": 0.0,
            "troglitazone": 0.0,
            "tolazamide": 0.0,
            "insulin": 0.0,
            "glyburide-metformin": 0.0,
            "glipizide-metformin": 0.0,
            "glimepiride-pioglitazone": 0.0,
            "metformin-rosiglitazone": 0.0,
            "metformin-pioglitazone": 0.0,
            "change": 0.0,
            "diabetesMed": 0.0
        },
        "Lime": {
            "race": 0.0,
            "gender": 0.0,
            "age": 0.0,
            "admission_type_id": 0.0,
            "discharge_disposition_id": 22.48157041921809,
            "admission_source_id": 0.0,
            "time_in_hospital": 0.0,
            "payer_code": 0.0,
            "medical_specialty": 0.0,
            "num_lab_procedures": 0.0,
            "num_procedures": 0.0,
            "num_medications": 0.0,
            "number_outpatient": 0.0,
            "number_emergency": -3.1346508387140433,
            "number_inpatient": 36.822003719400456,
            "diag_1": -4.530098163239918,
            "diag_2": 0.0,
            "diag_3": -5.93713436531256,