{
    "LogisticRegression": {
        "SHAP": {
            "discharge_disposition_id": 34.764187397495036,
            "number_diagnoses": -14.69427061244509,
            "number_inpatient": -14.346071590283719,
            "time_in_hospital": 6.16463020856009,
            "diabetesMed": 5.518611167552024,
            "payer_code": 3.467115544144405,
            "metformin": 2.8722340923550282,
            "change": -2.3665883636343077,
            "number_emergency": -2.021242127249243,
            "diag_2": 2.004476253061415,
            "num_procedures": -1.8059460080035536,
            "insulin": 1.5032650066089328,
            "glimepiride": 1.2182629104550655,
            "gender": 1.215521397361358,
            "diag_1": 0.9115355831014808,
            "age": -0.8667136013516062,
            "admission_type_id": 0.8298068090805535,
            "num_medications": 0.6328156656121394,
            "glyburide": 0.42985424390464694,
            "pioglitazone": 0.39337762188459424,
            "glipizide": -0.38375050158646706,
            "rosiglitazone": 0.3832189353051802,
            "admission_source_id": -0.22306880880355812,
            "glyburide-metformin": 0.17173928291099425,
            "acarbose": 0.16469713182534224,
            "num_lab_procedures": 0.1325301692895758,
            "medical_specialty": -0.12085654158005636,
            "number_outpatient": 0.11854443331168527,
            "glipizide-metformin": -0.06870626461629283,
            "chlorpropamide": -0.04574737485732488,
            "race": 0.02477312133107934,
            "tolazamide": 0.02292589410113796,
            "tolbutamide": -0.020126825892615274,
            "troglitazone": -0.01798623683378677,
            "diag_3": 0.015295161479320706,
            "repaglinide": 0.011900628688837369,
            "miglitol": -0.011872010745789956,
            "metformin-rosiglitazone": -0.011679651493648286,
            "acetohexamide": -0.006606226026405187,
            "nateglinide": 0.006045639861984108,
            "glimepiride-pioglitazone": -0.005928169226344027,
            "metformin-pioglitazone": -0.005474786088293518
        },
        "Lime": {
            "race": 0.0,
            "gender": 0.0,
            "age": 0.0,
            "admission_type_id": 0.0,
            "discharge_disposition_id": 28.56134214996559,
            "admission_source_id": 0.0,
            "time_in_hospital": 20.851186438924234,
            "payer_code": 0.0,
            "medical_specialty": 0.0,
            "num_lab_procedures": 0.0,
            "num_procedures": 0.0,
            "num_medications": 0.0,
            "number_outpatient": 0.0,
            "number_emergency": -27.47529208446644,
            "number_inpatient": 0.0,
            "diag_1": 0.0,
            "diag_2": 0.0,
            "diag_3": 0.0,
            "number_diagnoses": -23.11217932664374,
            "metformin": 0.0,
            "repaglinide": 0.0,
            "nateglinide": 0.0,
            "chlorpropamide": 0.0,
            "glimepiride": 0.0,
            "acetohexamide": 0.0,
            "glipizide": 0.0,
            "glyburide": 0.0,
            "tolbutamide": 0.0,
            "pioglitazone": 0.0,
            "rosiglitazone": 0.0,
            "acarbose": 0.0,
            "miglitol": 0.0,
            "troglitazone": 0.0,
            "tolazamide": 0.0,
            "insulin": 0.0,
            "glyburide-metformin": 0.0,
            "glipizide-metformin": 0.0,
            "glimepiride-pioglitazone": 0.0,
            "metformin-rosiglitazone": 0.0,
            "metformin-pioglitazone": 0.0,
            "change": 0.0,
            "diabetesMed": 0.0
        },
        "Inherent": {
            "discharge_disposition_id": 34.87193100988444,
            "time_in_hospital": 7.204674009068097,
            "diabetesMed": 4.493580256408943,
            "payer_code": 3.2461835412443194,
            "metformin": 2.596861211546608,
            "diag_2": 2.11142269220503,
            "insulin": 1.7512973067712663,
            "gender": 1.1660940788212748,
            "num_medications": 1.0293478083192975,
            "admission_type_id": 0.8630373392224815,
            "diag_1": 0.819391545567728,
            "glimepiride": 0.8192060418563402,
            "pioglitazone": 0.4861934502892933,
            "glyburide": 0.44288193248992713,
            "rosiglitazone": 0.3159277461614966,
            "number_outpatient": 0.15034051410947583,
            "num_lab_procedures": 0.12603435342379452,
            "glyburide-metformin": 0.07882326920901508,
            "tolazamide": 0.03219386226993215,
            "race": 0.031148805489858874,
            "nateglinide": 0.017551128766965136,
            "acarbose": -0.0,
            "troglitazone": -0.0,
            "miglitol": -0.0,
            "acetohexamide": -0.0,
            "repaglinide": 0.0,
            "metformin-pioglitazone": -0.0,
            "metformin-rosiglitazone": -0.0,
            "chlorpropamide": -0.0,
            "glipizide-metformin": -0.0,
            "glimepiride-pioglitazone": -0.0,
            "tolbutamide": -0.0,
            "diag_3": -0.026999419644392852,
            "medical_specialty": -0.133691713010553,
            "age": -0.3572337059117808,
            "glipizide": -0.40527248749260214,
            "admission_source_id": -0.42968025200642135,
            "num_procedures": -1.8621514162841186,
            "number_emergency": -1.967706787690987,
            "change": -2.3133999274525348,
            "number_diagnoses": -13.136248345161736,
            "number_inpatient": -16.713494042219278
        }
    },
    "DecisionTree": {
        "SHAP": {
            "number_inpatient": -40.46141314341083,
            "discharge_disposition_id": -33.740389645601844,
            "number_diagnoses": -11.221874377136258,
            "payer_code": 7.851015491392081,
            "diag_1": 4.893492589527456,
            "num_medications": -1.10707548122165,
            "medical_specialty": -0.49459498721711825,
            "admission_source_id": 0.230144284492764,
            "gender": 0.0,
            "race": 0.0,
            "num_lab_procedures": 0.0,
            "time_in_hospital": 0.0,
            "admission_type_id": 0.0,
            "age": 0.0,
            "number_emergency": 0.0,
            "number_outpatient": 0.0,
            "diag_2": 0.0,
            "num_procedures": 0.0,
            "diag_3": 0.0,
            "metformin": 0.0,
            "repaglinide": 0.0,
            "nateglinide": 0.0,
            "chlorpropamide": 0.0,
            "glimepiride": 0.0,
            "acetohexamide": 0.0,
            "glipizide": 0.0,
            "glyburide": 0.0,
            "tolbutamide": 0.0,
            "pioglitazone": 0.0,
            "rosiglitazone": 0.0,
            "acarbose": 0.0,
            "miglitol": 0.0,
            "troglitazone": 0.0,
            "tolazamide": 0.0,
            "insulin": 0.0,
            "glyburide-metformin": 0.0,
            "glipizide-metformin": 0.0,
            "glimepiride-pioglitazone": 0.0,
            "metformin-rosiglitazone": 0.0,
            "metformin-pioglitazone": 0.0,
            "change": 0.0,
            "diabetesMed": 0.0
        },
        "Lime": {
            "race": 2.9655449834582734,
            "gender": 0.0,
            "age": 0.0,
            "admission_type_id": 0.0,
            "discharge_disposition_id": 3.396508639090777,
            "admission_source_id": 0.0,
            "time_in_hospital": 0.0,
            "payer_code": 6.314760488728401,
            "medical_specialty": -7.910706484541325,
            "num_lab_procedures": -2.9671252771479204,
            "num_procedures": 0.0,
            "num_medications": 2.8698180375798628,
            "number_outpatient": 0.0,
            "number_emergency": 0.0,
            "number_inpatient": -43.81544248061847,
            "diag_1": 11.574054966746358,
            "diag_2": 0.0,
            "diag_3": 0.0,
            "number_diagnoses": -6.179854606895219,