{
    "LogisticRegression": {
        "SHAP": {
            "discharge_disposition_id": 40.72575100091575,
            "number_inpatient": -13.15584618858284,
            "payer_code": -5.9494492164514075,
            "number_diagnoses": -5.524830102574365,
            "diabetesMed": 5.060758217886055,
            "time_in_hospital": -3.2835741519663384,
            "rosiglitazone": -3.2097856641337437,
            "age": 2.9951427720398534,
            "metformin": 2.6339384756882636,
            "change": -2.170243770758095,
            "number_emergency": -1.8535492708669203,
            "diag_1": -1.8129436297166175,
            "num_medications": 1.7454734839282966,
            "admission_source_id": 1.6673049499752675,
            "num_procedures": -1.6561152477638013,
            "insulin": 1.3785462510183226,
            "glimepiride": 1.1171894247382008,
            "admission_type_id": -0.9495186404719436,
            "gender": -0.8147899742644391,
            "num_lab_procedures": -0.5610782886204747,
            "glyburide": 0.3941912795241578,
            "pioglitazone": 0.36074094953278235,
            "diag_2": 0.16567274783038619,
            "glyburide-metformin": 0.1574908905407094,
            "acarbose": 0.15103299327339434,
            "number_outpatient": 0.10870936488407724,
            "medical_specialty": -0.07866593569326444,
            "glipizide": 0.06816335020768366,
            "glipizide-metformin": -0.06300603226434506,
            "chlorpropamide": -0.04195193251105932,
            "race": 0.02271781315126805,
            "tolazamide": 0.021023841588423638,
            "tolbutamide": -0.018456998770797053,
            "troglitazone": -0.016494004216247072,
            "diag_3": -0.01128305389451828,
            "repaglinide": 0.010913290066377286,
            "miglitol": -0.010887046418100753,
            "metformin-rosiglitazone": -0.010710646299211023,
            "acetohexamide": -0.006058138839155245,
            "nateglinide": 0.005544061845452924,
            "glimepiride-pioglitazone": -0.005436337190349248,
            "metformin-pioglitazone": -0.005020569097240802
        },
        "Lime": {
            "race": 0.0,
            "gender": 0.0,
            "age": 0.0,
            "admission_type_id": 0.0,
            "discharge_disposition_id": 47.94065981062026,
            "admission_source_id": 0.0,
            "time_in_hospital": 0.0,
            "payer_code": 0.0,
            "medical_specialty": 0.0,
            "num_lab_procedures": 0.0,
            "num_procedures": 0.0,
            "num_medications": 17.61204996081716,
            "number_outpatient": 0.0,
            "number_emergency": -34.44729022856258,
            "number_inpatient": 0.0,
            "diag_1": 0.0,
            "diag_2": 0.0,
            "diag_3": 0.0,
            "number_diagnoses": 0.0,
            "metformin": 0.0,
            "repaglinide": 0.0,
            "nateglinide": 0.0,
            "chlorpropamide": 0.0,
            "glimepiride": 0.0,
            "acetohexamide": 0.0,
            "glipizide": 0.0,
            "glyburide": 0.0,
            "tolbutamide": 0.0,
            "pioglitazone": 0.0,
            "rosiglitazone": 0.0,
            "acarbose": 0.0,
            "miglitol": 0.0,
            "troglitazone": 0.0,
            "tolazamide": 0.0,
            "insulin": 0.0,
            "glyburide-metformin": 0.0,
            "glipizide-metformin": 0.0,
            "glimepiride-pioglitazone": 0.0,
            "metformin-rosiglitazone": 0.0,
            "metformin-pioglitazone": 0.0,
            "change": 0.0,
            "diabetesMed": 0.0
        },
        "Inherent": {
            "discharge_disposition_id": 40.986932198601615,
            "diabetesMed": 4.122048932848857,
            "age": 3.527566727142928,
            "metformin": 2.3821515083758023,
            "num_medications": 2.129480407637144,
            "insulin": 1.6064992239053961,
            "admission_source_id": 1.5099719379416496,
            "glimepiride": 0.7514737020221487,
            "pioglitazone": 0.44599474774367953,
            "glyburide": 0.40626424655360716,
            "diag_2": 0.23552421728430528,
            "number_outpatient": 0.13791028987744336,
            "glyburide-metformin": 0.07230612433443757,
            "glipizide": 0.05555099753389226,
            "tolazamide": 0.02953205863515793,
            "race": 0.028573407639902296,
            "nateglinide": 0.016099993207193217,
            "metformin-rosiglitazone": -0.0,
            "glimepiride-pioglitazone": -0.0,
            "troglitazone": -0.0,
            "acarbose": -0.0,
            "glipizide-metformin": -0.0,
            "metformin-pioglitazone": -0.0,
            "repaglinide": 0.0,
            "acetohexamide": -0.0,
            "chlorpropamide": -0.0,
            "miglitol": -0.0,
            "tolbutamide": -0.0,
            "diag_3": -0.05051251592171776,
            "medical_specialty": -0.0899200062673042,
            "num_lab_procedures": -0.578763246817735,
            "gender": -0.8930363254690022,
            "admission_type_id": -0.9482772503352055,
            "num_procedures": -1.708187863641528,
            "number_emergency": -1.8050158674239418,
            "diag_1": -1.9428591626611011,
            "change": -2.122126936223684,
            "time_in_hospital": -2.4817796062648134,
            "rosiglitazone": -3.3327769569147763,
            "number_diagnoses": -3.962796787353061,
            "payer_code": -6.308452238993121,
            "number_inpatient": -15.33161451442784
        }
    },
    "DecisionTree": {
        "SHAP": {
            "discharge_disposition_id": 74.67709826001322,
            "number_inpatient": -9.744494056193872,
            "medical_specialty": -7.495207026061684,
            "number_diagnoses": -3.9750516101142823,
            "diag_1": -2.5753354359476734,
            "payer_code": -0.9167679384912836,
            "num_medications": 0.5204933234204925,
            "admission_source_id": 0.09555234975749498,
            "gender": 0.0,
            "race": 0.0,
            "num_lab_procedures": 0.0,
            "time_in_hospital": 0.0,
            "admission_type_id": 0.0,
            "age": 0.0,
            "number_emergency": 0.0,
            "number_outpatient": 0.0,
            "diag_2": 0.0,
            "num_procedures": 0.0,
            "diag_3": 0.0,
            "metformin": 0.0,
            "repaglinide": 0.0,
            "nateglinide": 0.0,
            "chlorpropamide": 0.0,
            "glimepiride": 0.0,
            "acetohexamide": 0.0,
            "glipizide": 0.0,
            "glyburide": 0.0,
            "tolbutamide": 0.0,
            "pioglitazone": 0.0,
            "rosiglitazone": 0.0,
            "acarbose": 0.0,
            "miglitol": 0.0,
            "troglitazone": 0.0,
            "tolazamide": 0.0,
            "insulin": 0.0,
            "glyburide-metformin": 0.0,
            "glipizide-metformin": 0.0,
            "glimepiride-pioglitazone": 0.0,
            "metformin-rosiglitazone": 0.0,
            "metformin-pioglitazone": 0.0,
            "change": 0.0,
            "diabetesMed": 0.0
        },
        "Lime": {
            "race": 0.0,
            "gender": 0.0,
            "age": 0.0,
            "admission_type_id": 0.0,
            "discharge_disposition_id": 0.0,
            "admission_source_id": 3.2732478278324666,
            "time_in_hospital": 0.0,
            "payer_code": 0.0,
            "medical_specialty": 0.0,
            "num_lab_procedures": 0.0,
            "num_procedures": 0.0,
            "num_medications": 0.0,
            "number_outpatient": 0.0,
            "number_emergency": -4.35721750246498,
            "number_inpatient": -36.83973580368778,
            "diag_1": -4.336304772640711,
            "diag_2": 9.85337296630553,
            "diag_3": 0.0,
            "number_diagnoses": -8.733173636010227,
            "metformin": 0.0,