{
    "LogisticRegression": {
        "SHAP": {
            "number_inpatient": 21.085907620265974,
            "number_emergency": 13.390922840208402,
            "metformin": -9.97789249838703,
            "insulin": -6.871864797433395,
            "payer_code": -6.753891968493017,
            "num_procedures": -6.501387332984711,
            "discharge_disposition_id": -6.48729955787292,
            "diabetesMed": 5.745038412589806,
            "age": -5.204674238954739,
            "time_in_hospital": -3.727555994863051,
            "change": 3.04387447206404,
            "number_diagnoses": 2.753455206135506,
            "diag_3": 1.4955891681474953,
            "glimepiride": 1.2682479349786204,
            "diag_1": 1.2496369416205715,
            "gender": -0.9249601539544754,
            "num_medications": -0.6639242831953203,
            "glyburide": 0.44749105672947637,
            "pioglitazone": 0.4095178079710066,
            "rosiglitazone": 0.39894231300529,
            "diag_2": 0.2729295211848468,
            "admission_source_id": -0.23222126660457668,
            "glyburide-metformin": 0.17878570301809343,
            "acarbose": 0.17145461422310626,
            "num_lab_procedures": 0.13796784920677516,
            "number_outpatient": 0.12340828195664,
            "admission_type_id": -0.10702615409845097,
            "glipizide": 0.07737991984875556,
            "glipizide-metformin": -0.07152526558258213,
            "chlorpropamide": -0.04762437828122249,
            "medical_specialty": 0.026320845578928435,
            "race": 0.025789556344106578,
            "tolazamide": 0.023866537839887052,
            "tolbutamide": -0.020952624558231634,
            "troglitazone": -0.018724207662175096,
            "repaglinide": 0.012388908527082677,
            "miglitol": -0.012359116396942508,
            "metformin-rosiglitazone": -0.01215886469247949,
            "acetohexamide": -0.006877277838870414,
            "nateglinide": 0.006293690963407673,
            "glimepiride-pioglitazone": -0.006171400536774304,
            "metformin-pioglitazone": -0.005699415201218205
        },
        "Lime": {
            "race": -27.67162051808932,
            "gender": 0.0,
            "age": 0.0,
            "admission_type_id": 0.0,
            "discharge_disposition_id": -10.007223872343317,
            "admission_source_id": 0.0,
            "time_in_hospital": 0.0,
            "payer_code": 0.0,
            "medical_specialty": 0.0,
            "num_lab_procedures": 0.0,
            "num_procedures": 0.0,
            "num_medications": 0.0,
            "number_outpatient": 0.0,
            "number_emergency": 8.089251652478017,
            "number_inpatient": 45.70869565379689,
            "diag_1": 0.0,
            "diag_2": 0.0,
            "diag_3": 0.0,
            "number_diagnoses": 8.523208303292456,
            "metformin": 0.0,
            "repaglinide": 0.0,
            "nateglinide": 0.0,
            "chlorpropamide": 0.0,
            "glimepiride": 0.0,
            "acetohexamide": 0.0,
            "glipizide": 0.0,
            "glyburide": 0.0,
            "tolbutamide": 0.0,
            "pioglitazone": 0.0,
            "rosiglitazone": 0.0,
            "acarbose": 0.0,
            "miglitol": 0.0,
            "troglitazone": 0.0,
            "tolazamide": 0.0,
            "insulin": 0.0,
            "glyburide-metformin": 0.0,
            "glipizide-metformin": 0.0,
            "glimepiride-pioglitazone": 0.0,
            "metformin-rosiglitazone": 0.0,
            "metformin-pioglitazone": 0.0,
            "change": 0.0,
            "diabetesMed": 0.0
        },
        "Inherent": {
            "number_inpatient": 19.487468391524814,
            "number_emergency": 13.891807709099114,
            "number_diagnoses": 4.74326880442727,
            "diabetesMed": 4.740399916540131,
            "change": 3.235039567270672,
            "diag_3": 1.496304173220478,
            "diag_1": 1.1742691082022607,
            "glimepiride": 0.8642027138396695,
            "pioglitazone": 0.5128986820445871,
            "glyburide": 0.4672081850141816,
            "diag_2": 0.3582985537744688,
            "rosiglitazone": 0.33328076413027075,
            "number_outpatient": 0.15859829353681007,
            "num_lab_procedures": 0.1329570641581912,
            "glyburide-metformin": 0.08315280855324969,
            "glipizide": 0.06388423533133239,
            "tolazamide": 0.03396218011235677,
            "race": 0.03285972131773005,
            "nateglinide": 0.018515162653085813,
            "medical_specialty": 0.0157402357651323,
            "troglitazone": -0.0,
            "miglitol": -0.0,
            "repaglinide": 0.0,
            "chlorpropamide": -0.0,
            "acarbose": -0.0,
            "acetohexamide": -0.0,
            "metformin-pioglitazone": -0.0,
            "glimepiride-pioglitazone": -0.0,
            "metformin-rosiglitazone": -0.0,
            "glipizide-metformin": -0.0,
            "tolbutamide": -0.0,
            "admission_type_id": -0.09004366883660808,
            "num_medications": -0.27715106854091115,
            "admission_source_id": -0.4532813735428733,
            "gender": -1.027001229651775,
            "time_in_hospital": -2.854072823991897,
            "age": -4.810450172626752,
            "num_procedures": -6.726698685102549,
            "insulin": -6.846584727387023,
            "discharge_disposition_id": -7.19190058512482,
            "payer_code": -7.254786867984254,
            "metformin": -10.623912526694719
        }
    },
    "DecisionTree": {
        "SHAP": {
            "discharge_disposition_id": -29.201260011025205,
            "number_inpatient": 26.001880775819526,
            "num_medications": -22.370281207423442,
            "diag_1": 8.428474385339868,
            "number_diagnoses": 6.040273691717974,
            "payer_code": -3.8320751668498554,
            "admission_source_id": 1.9970362241452502,
            "number_emergency": -1.4849546149881985,
            "medical_specialty": -0.6437639226906792,
            "gender": 0.0,
            "num_lab_procedures": 0.0,
            "time_in_hospital": 0.0,
            "admission_type_id": 0.0,
            "age": 0.0,
            "race": 0.0,
            "number_outpatient": 0.0,
            "diag_2": 0.0,
            "num_procedures": 0.0,
            "diag_3": 0.0,
            "metformin": 0.0,
            "repaglinide": 0.0,
            "nateglinide": 0.0,
            "chlorpropamide": 0.0,
            "glimepiride": 0.0,
            "acetohexamide": 0.0,
            "glipizide": 0.0,
            "glyburide": 0.0,
            "tolbutamide": 0.0,
            "pioglitazone": 0.0,
            "rosiglitazone": 0.0,
            "acarbose": 0.0,
            "miglitol": 0.0,
            "troglitazone": 0.0,
            "tolazamide": 0.0,
            "insulin": 0.0,
            "glyburide-metformin": 0.0,
            "glipizide-metformin": 0.0,
            "glimepiride-pioglitazone": 0.0,
            "metformin-rosiglitazone": 0.0,
            "metformin-pioglitazone": 0.0,
            "change": 0.0,
            "diabetesMed": 0.0
        },
        "Lime": {
            "race": 0.0,
            "gender": 0.0,
            "age": 0.0,
            "admission_type_id": 0.0,
            "discharge_disposition_id": -16.378574283767392,
            "admission_source_id": 0.0,
            "time_in_hospital": 2.783633801384826,
            "payer_code": 0.0,
            "medical_specialty": -2.761774440637078,
            "num_lab_procedures": 4.760223668945182,
            "num_procedures": 0.0,
            "num_medications": 0.0,
            "number_outpatient": 0.0,
            "number_emergency": 0.0,
            "number_inpatient": 8.937647132196656,
            "diag_1": 0.0,
            "diag_2": 0.0,
            "diag_3": 5.1238885672196695,
            "number_diagnoses": 3.32204571976394,