{
    "LogisticRegression": {
        "SHAP": {
            "number_diagnoses": -22.344366350908548,
            "number_inpatient": -16.845481606449606,
            "age": -10.723440919936875,
            "discharge_disposition_id": -7.317306540576338,
            "time_in_hospital": -6.493096128198871,
            "diabetesMed": 6.480078001221412,
            "payer_code": 4.071165458694398,
            "metformin": 3.372642208543951,
            "num_procedures": 3.0920314879900426,
            "change": -2.7789015619188735,
            "num_medications": -2.738116270443045,
            "number_emergency": -2.3733882033475076,
            "diag_2": 2.3537013348225804,
            "insulin": 1.7651677575344729,
            "glimepiride": 1.4305118527213976,
            "gender": -1.0433026753157624,
            "admission_type_id": 0.9743779160240936,
            "num_lab_procedures": -0.543624844869581,
            "glyburide": 0.5047445716118043,
            "pioglitazone": 0.46191289734911795,
            "glipizide": -0.4506085150389797,
            "rosiglitazone": 0.44998433789350306,
            "admission_source_id": -0.26193243857907217,
            "glyburide-metformin": 0.20166014878535704,
            "acarbose": 0.19339109576714023,
            "number_outpatient": 0.13919755372275353,
            "medical_specialty": -0.1213203747031198,
            "race": -0.09822815901184781,
            "diag_1": -0.08592936379579154,
            "glipizide-metformin": -0.08067644926751204,
            "chlorpropamide": -0.05371760184330577,
            "tolazamide": 0.026920103176795405,
            "tolbutamide": -0.023633374003228368,
            "troglitazone": -0.02111984593454893,
            "diag_3": -0.014447453559440073,
            "repaglinide": 0.013973987263438136,
            "miglitol": -0.013940383427699151,
            "metformin-rosiglitazone": -0.013714510844853717,
            "acetohexamide": -0.007757179957977358,
            "nateglinide": 0.007098927009624502,
            "glimepiride-pioglitazone": -0.006960990333404849,
            "metformin-pioglitazone": -0.0064286176023307245
        },
        "Lime": {
            "race": -34.32491310974152,
            "gender": 0.0,
            "age": 0.0,
            "admission_type_id": 0.0,
            "discharge_disposition_id": -19.390575888153066,
            "admission_source_id": 0.0,
            "time_in_hospital": 0.0,
            "payer_code": 0.0,
            "medical_specialty": 0.0,
            "num_lab_procedures": 0.0,
            "num_procedures": 0.0,
            "num_medications": 0.0,
            "number_outpatient": 0.0,
            "number_emergency": -21.608220037338754,
            "number_inpatient": 0.0,
            "diag_1": 0.0,
            "diag_2": 0.0,
            "diag_3": 0.0,
            "number_diagnoses": -24.676290964766658,
            "metformin": 0.0,
            "repaglinide": 0.0,
            "nateglinide": 0.0,
            "chlorpropamide": 0.0,
            "glimepiride": 0.0,
            "acetohexamide": 0.0,
            "glipizide": 0.0,
            "glyburide": 0.0,
            "tolbutamide": 0.0,
            "pioglitazone": 0.0,
            "rosiglitazone": 0.0,
            "acarbose": 0.0,
            "miglitol": 0.0,
            "troglitazone": 0.0,
            "tolazamide": 0.0,
            "insulin": 0.0,
            "glyburide-metformin": 0.0,
            "glipizide-metformin": 0.0,
            "glimepiride-pioglitazone": 0.0,
            "metformin-rosiglitazone": 0.0,
            "metformin-pioglitazone": 0.0,
            "change": 0.0,
            "diabetesMed": 0.0
        },
        "Inherent": {
            "diabetesMed": 5.377036857940556,
            "payer_code": 3.88439675112419,
            "num_procedures": 3.173579780330297,
            "metformin": 3.107414945916908,
            "diag_2": 2.5265371910262626,
            "insulin": 2.0956096543041567,
            "admission_type_id": 1.032714076077672,
            "glimepiride": 0.9802653630202043,
            "pioglitazone": 0.5817811084082047,
            "glyburide": 0.5299543657460735,
            "rosiglitazone": 0.37804045741335446,
            "number_outpatient": 0.1798980855978765,
            "glyburide-metformin": 0.09432025236352505,
            "tolazamide": 0.038523309732366146,
            "nateglinide": 0.02100175381174806,
            "metformin-rosiglitazone": -0.0,
            "metformin-pioglitazone": -0.0,
            "tolbutamide": -0.0,
            "troglitazone": -0.0,
            "miglitol": -0.0,
            "acarbose": -0.0,
            "glipizide-metformin": -0.0,
            "glimepiride-pioglitazone": -0.0,
            "chlorpropamide": -0.0,
            "repaglinide": 0.0,
            "acetohexamide": -0.0,
            "diag_3": -0.06589142058308131,
            "race": -0.09466629075073231,
            "medical_specialty": -0.13863643511083087,
            "diag_1": -0.21776181213281467,
            "glipizide": -0.484950747157337,
            "admission_source_id": -0.5141571798728888,
            "num_lab_procedures": -0.5738149114402867,
            "gender": -1.1649277618370992,
            "number_emergency": -2.354566140872631,
            "num_medications": -2.3758317363991086,
            "change": -2.768223992289422,
            "time_in_hospital": -5.6090792433551435,
            "discharge_disposition_id": -8.1577747037607,
            "age": -10.485522422310938,
            "number_inpatient": -19.999436609996614,
            "number_diagnoses": -20.99368463931698
        }
    },
    "DecisionTree": {
        "SHAP": {
            "discharge_disposition_id": -42.61650192845324,
            "number_inpatient": -35.1978582424924,
            "number_diagnoses": -13.165613593455067,
            "payer_code": 5.080838630637988,
            "diag_1": 1.9964991813889,
            "num_medications": -1.4240218835043055,
            "medical_specialty": -0.3200805450362267,
            "admission_source_id": 0.1985859950318798,
            "gender": 0.0,
            "race": 0.0,
            "num_lab_procedures": 0.0,
            "time_in_hospital": 0.0,
            "admission_type_id": 0.0,
            "age": 0.0,
            "number_emergency": 0.0,
            "number_outpatient": 0.0,
            "diag_2": 0.0,
            "num_procedures": 0.0,
            "diag_3": 0.0,
            "metformin": 0.0,
            "repaglinide": 0.0,
            "nateglinide": 0.0,
            "chlorpropamide": 0.0,
            "glimepiride": 0.0,
            "acetohexamide": 0.0,
            "glipizide": 0.0,
            "glyburide": 0.0,
            "tolbutamide": 0.0,
            "pioglitazone": 0.0,
            "rosiglitazone": 0.0,
            "acarbose": 0.0,
            "miglitol": 0.0,
            "troglitazone": 0.0,
            "tolazamide": 0.0,
            "insulin": 0.0,
            "glyburide-metformin": 0.0,
            "glipizide-metformin": 0.0,
            "glimepiride-pioglitazone": 0.0,
            "metformin-rosiglitazone": 0.0,
            "metformin-pioglitazone": 0.0,
            "change": 0.0,
            "diabetesMed": 0.0
        },
        "Lime": {
            "race": -4.070462521522112,
            "gender": 0.0,
            "age": -2.510606449531538,
            "admission_type_id": 0.0,
            "discharge_disposition_id": -17.604272999949416,
            "admission_source_id": 0.0,
            "time_in_hospital": 0.0,
            "payer_code": 2.8819779077324887,
            "medical_specialty": 0.0,
            "num_lab_procedures": -3.3536713046904865,
            "num_procedures": 0.0,
            "num_medications": -3.696036724508199,
            "number_outpatient": 0.0,
            "number_emergency": -3.65857816431107,
            "number_inpatient": -36.51672534432887,
            "diag_1": 0.0,
            "diag_2": 0.0,
            "diag_3": 0.0,
            "number_diagnoses": -6.445404769454649,