{
    "LogisticRegression": {
        "SHAP": {
            "number_inpatient": -18.61495213466738,
            "num_procedures": -13.863638592280914,
            "time_in_hospital": -9.704163085064604,
            "discharge_disposition_id": -8.085925602469331,
            "diabetesMed": 7.160753526658661,
            "rosiglitazone": -4.541707590975378,
            "payer_code": 4.498805787594215,
            "age": 4.237997202065399,
            "change": 3.7939580721990733,
            "metformin": 3.7269087786345882,
            "number_diagnoses": 3.4319725407968744,
            "insulin": -3.307336868562638,
            "admission_source_id": 2.888886314720143,
            "number_emergency": -2.6226918787161733,
            "glimepiride": 1.5807746129554285,
            "diag_1": 1.4894317376247996,
            "admission_type_id": -1.343527720679719,
            "num_lab_procedures": -1.2285420106897413,
            "gender": -1.1528924976260482,
            "glyburide": 0.557763574844282,
            "pioglitazone": 0.5104328077653337,
            "num_medications": -0.2779810575502136,
            "glyburide-metformin": 0.2228427838876435,
            "acarbose": 0.21370513916312592,
            "diag_2": 0.19475745587707455,
            "number_outpatient": 0.1538190394520852,
            "medical_specialty": 0.10107232189251546,
            "glipizide": 0.09644818609659372,
            "glipizide-metformin": -0.08915080474366907,
            "chlorpropamide": -0.05936016615395594,
            "diag_3": 0.05923909599619187,
            "race": 0.032144720936474094,
            "tolazamide": 0.029747824597932064,
            "tolbutamide": -0.026115853267285126,
            "troglitazone": -0.023338301055913703,
            "repaglinide": 0.015441832422277481,
            "miglitol": -0.015404698797461262,
            "metformin-rosiglitazone": -0.015155100275054421,
            "acetohexamide": -0.008572003875654323,
            "nateglinide": 0.007844607211530415,
            "glimepiride-pioglitazone": -0.007692181493736697,
            "metformin-pioglitazone": -0.0071038876628881495
        },
        "Lime": {
            "race": -27.36977471366228,
            "gender": 0.0,
            "age": 0.0,
            "admission_type_id": 0.0,
            "discharge_disposition_id": -13.97794855550553,
            "admission_source_id": 0.0,
            "time_in_hospital": 0.0,
            "payer_code": 0.0,
            "medical_specialty": 0.0,
            "num_lab_procedures": 0.0,
            "num_procedures": 0.0,
            "num_medications": 0.0,
            "number_outpatient": 0.0,
            "number_emergency": -26.31923152339366,
            "number_inpatient": -11.140902315086043,
            "diag_1": 0.0,
            "diag_2": 0.0,
            "diag_3": 0.0,
            "number_diagnoses": 21.192142892352482,
            "metformin": 0.0,
            "repaglinide": 0.0,
            "nateglinide": 0.0,
            "chlorpropamide": 0.0,
            "glimepiride": 0.0,
            "acetohexamide": 0.0,
            "glipizide": 0.0,
            "glyburide": 0.0,
            "tolbutamide": 0.0,
            "pioglitazone": 0.0,
            "rosiglitazone": 0.0,
            "acarbose": 0.0,
            "miglitol": 0.0,
            "troglitazone": 0.0,
            "tolazamide": 0.0,
            "insulin": 0.0,
            "glyburide-metformin": 0.0,
            "glipizide-metformin": 0.0,
            "glimepiride-pioglitazone": 0.0,
            "metformin-rosiglitazone": 0.0,
            "metformin-pioglitazone": 0.0,
            "change": 0.0,
            "diabetesMed": 0.0
        },
        "Inherent": {
            "number_diagnoses": 5.656352680052279,
            "diabetesMed": 5.65293152844602,
            "age": 4.837665320188612,
            "payer_code": 4.083704360515278,
            "change": 3.8577878422844525,
            "metformin": 3.266855776485411,
            "admission_source_id": 2.5930179281034587,
            "diag_1": 1.333131400857691,
            "glimepiride": 1.0305625799602354,
            "pioglitazone": 0.6116321790724408,
            "glyburide": 0.5571462167568261,
            "diag_2": 0.2838917190772329,
            "num_medications": 0.21130514545416043,
            "number_outpatient": 0.18912861987946586,
            "glyburide-metformin": 0.09915980538042474,
            "medical_specialty": 0.08607391928640903,
            "glipizide": 0.07618201300170763,
            "tolazamide": 0.04049993294068498,
            "race": 0.03918524975178082,
            "nateglinide": 0.022079349539843616,
            "diag_3": 0.004872363327766888,
            "metformin-pioglitazone": -0.0,
            "repaglinide": 0.0,
            "troglitazone": -0.0,
            "acarbose": -0.0,
            "acetohexamide": -0.0,
            "metformin-rosiglitazone": -0.0,
            "glimepiride-pioglitazone": -0.0,
            "glipizide-metformin": -0.0,
            "tolbutamide": -0.0,
            "miglitol": -0.0,
            "chlorpropamide": -0.0,
            "num_lab_procedures": -1.2222267800640971,
            "gender": -1.2246999690035965,
            "admission_type_id": -1.3004567518375298,
            "number_emergency": -2.475378451961787,
            "insulin": -2.98071200550965,
            "rosiglitazone": -4.570532820919504,
            "time_in_hospital": -8.390275294184583,
            "discharge_disposition_id": -8.576348469091723,
            "num_procedures": -13.70059988128553,
            "number_inpatient": -21.02560364577982
        }
    },
    "DecisionTree": {
        "SHAP": {
            "discharge_disposition_id": -38.487133328180754,
            "number_inpatient": -30.992975942637525,
            "diag_1": 13.51552336843252,
            "number_diagnoses": 8.525798705739781,
            "payer_code": 5.866086477582934,
            "num_medications": -1.0135925590249046,
            "admission_source_id": -0.8597910980698567,
            "medical_specialty": 0.739098520331718,
            "gender": 0.0,
            "race": 0.0,
            "num_lab_procedures": 0.0,
            "time_in_hospital": 0.0,
            "admission_type_id": 0.0,
            "age": 0.0,
            "number_emergency": 0.0,
            "number_outpatient": 0.0,
            "diag_2": 0.0,
            "num_procedures": 0.0,
            "diag_3": 0.0,
            "metformin": 0.0,
            "repaglinide": 0.0,
            "nateglinide": 0.0,
            "chlorpropamide": 0.0,
            "glimepiride": 0.0,
            "acetohexamide": 0.0,
            "glipizide": 0.0,
            "glyburide": 0.0,
            "tolbutamide": 0.0,
            "pioglitazone": 0.0,
            "rosiglitazone": 0.0,
            "acarbose": 0.0,
            "miglitol": 0.0,
            "troglitazone": 0.0,
            "tolazamide": 0.0,
            "insulin": 0.0,
            "glyburide-metformin": 0.0,
            "glipizide-metformin": 0.0,
            "glimepiride-pioglitazone": 0.0,
            "metformin-rosiglitazone": 0.0,
            "metformin-pioglitazone": 0.0,
            "change": 0.0,
            "diabetesMed": 0.0
        },
        "Lime": {
            "race": -3.287598975920778,
            "gender": 0.0,
            "age": 0.0,
            "admission_type_id": 0.0,
            "discharge_disposition_id": -19.909310500084644,
            "admission_source_id": 0.0,
            "time_in_hospital": 0.0,
            "payer_code": 7.389275656379565,
            "medical_specialty": 0.0,
            "num_lab_procedures": 0.0,
            "num_procedures": 0.0,
            "num_medications": 0.0,
            "number_outpatient": 3.6625270673728267,
            "number_emergency": 0.0,
            "number_inpatient": -38.87959625848779,
            "diag_1": 0.0,
            "diag_2": -4.743214053104324,
            "diag_3": 0.0,
            "number_diagnoses": 4.420851407563683,
            "metformin": 0.0,