{
    "LogisticRegression": {
        "SHAP": {
            "number_inpatient": 27.12734812997718,
            "age": 9.909417631552502,
            "number_diagnoses": 9.347966401688545,
            "insulin": -8.840760948935591,
            "discharge_disposition_id": 7.8027298646565155,
            "diabetesMed": 7.391081277840168,
            "change": 3.9159918536430616,
            "metformin": 3.846785899756793,
            "num_procedures": 3.5267254556299936,
            "time_in_hospital": 3.0355536160593233,
            "number_emergency": -2.707051537265763,
            "num_medications": -1.9886019509584574,
            "diag_1": 1.6955993794283288,
            "glimepiride": 1.6316206950571726,
            "gender": -1.1899756251689317,
            "admission_type_id": 1.111361062522576,
            "payer_code": 1.0881783309800948,
            "glyburide": 0.5757042048920231,
            "pioglitazone": 0.5268510297169989,
            "rosiglitazone": 0.513245490949197,
            "number_outpatient": -0.4235904542666275,
            "num_lab_procedures": -0.32096987502000673,
            "admission_source_id": -0.2987562715257278,
            "glyburide-metformin": 0.2300105878190012,
            "acarbose": 0.2205790280543054,
            "diag_2": 0.1873758699152653,
            "glipizide": 0.09955047047580899,
            "glipizide-metformin": -0.09201836669733575,
            "diag_3": 0.06484087668336858,
            "chlorpropamide": -0.06126950342259684,
            "medical_specialty": 0.033862177239585005,
            "race": 0.03317866537515524,
            "tolazamide": 0.030704672158272647,
            "tolbutamide": -0.026955877397545444,
            "troglitazone": -0.024088984399306734,
            "repaglinide": 0.015938523520875377,
            "miglitol": -0.01590019548205436,
            "metformin-rosiglitazone": -0.015642568549487867,
            "acetohexamide": -0.008847724910940382,
            "nateglinide": 0.008096931318372996,
            "glimepiride-pioglitazone": -0.007939602782367348,
            "metformin-pioglitazone": -0.007332386306773546
        },
        "Lime": {
            "race": 0.0,
            "gender": 0.0,
            "age": 0.0,
            "admission_type_id": 0.0,
            "discharge_disposition_id": 17.404614376853868,
            "admission_source_id": 0.0,
            "time_in_hospital": 7.786624409156325,
            "payer_code": 0.0,
            "medical_specialty": 0.0,
            "num_lab_procedures": 0.0,
            "num_procedures": 0.0,
            "num_medications": 0.0,
            "number_outpatient": 0.0,
            "number_emergency": -15.58579591425052,
            "number_inpatient": 59.22296529973929,
            "diag_1": 0.0,
            "diag_2": 0.0,
            "diag_3": 0.0,
            "number_diagnoses": 0.0,
            "metformin": 0.0,
            "repaglinide": 0.0,
            "nateglinide": 0.0,
            "chlorpropamide": 0.0,
            "glimepiride": 0.0,
            "acetohexamide": 0.0,
            "glipizide": 0.0,
            "glyburide": 0.0,
            "tolbutamide": 0.0,
            "pioglitazone": 0.0,
            "rosiglitazone": 0.0,
            "acarbose": 0.0,
            "miglitol": 0.0,
            "troglitazone": 0.0,
            "tolazamide": 0.0,
            "insulin": 0.0,
            "glyburide-metformin": 0.0,
            "glipizide-metformin": 0.0,
            "glimepiride-pioglitazone": 0.0,
            "metformin-rosiglitazone": 0.0,
            "metformin-pioglitazone": 0.0,
            "change": 0.0,
            "diabetesMed": 0.0
        },
        "Inherent": {
            "number_inpatient": 25.11262929746137,
            "number_diagnoses": 12.105025171202307,
            "age": 10.941113484230357,
            "discharge_disposition_id": 7.400969526602486,
            "diabetesMed": 6.108741445223425,
            "time_in_hospital": 4.405415930837724,
            "change": 4.168850862681579,
            "num_procedures": 3.6054389891706897,
            "metformin": 3.5302704759401107,
            "diag_1": 1.6039818566231527,
            "admission_type_id": 1.1732453104324687,
            "glimepiride": 1.113659401749392,
            "payer_code": 0.743142766914571,
            "pioglitazone": 0.6609496015882643,
            "glyburide": 0.6020703007325233,
            "rosiglitazone": 0.42948402088072696,
            "diag_2": 0.2926970944014813,
            "glyburide-metformin": 0.10715530690218825,
            "glipizide": 0.08232475802373856,
            "tolazamide": 0.04376554317677054,
            "race": 0.042344853815333136,
            "nateglinide": 0.02385966236083084,
            "medical_specialty": 0.020283738137906054,
            "diag_3": 0.009080621113114027,
            "troglitazone": -0.0,
            "miglitol": -0.0,
            "metformin-pioglitazone": -0.0,
            "glimepiride-pioglitazone": -0.0,
            "metformin-rosiglitazone": -0.0,
            "acetohexamide": -0.0,
            "repaglinide": 0.0,
            "chlorpropamide": -0.0,
            "acarbose": -0.0,
            "tolbutamide": -0.0,
            "glipizide-metformin": -0.0,
            "num_lab_procedures": -0.3431861710370051,
            "number_outpatient": -0.39673479447757076,
            "admission_source_id": -0.5841234414100112,
            "gender": -1.3234505709063011,
            "num_medications": -1.5281429834884008,
            "number_emergency": -2.6749743679044404,
            "insulin": -8.822887650573765
        }
    },
    "DecisionTree": {
        "SHAP": {
            "number_inpatient": -30.17656141773645,
            "num_medications": -17.538823971810032,
            "diag_1": 16.913957160333606,
            "payer_code": -14.80246180108479,
            "number_diagnoses": 11.548811729004274,
            "admission_source_id": 3.4713501452046978,
            "medical_specialty": -2.4867181512983736,
            "number_emergency": -1.9120176792022996,
            "discharge_disposition_id": 1.1492979443254823,
            "gender": 0.0,
            "num_lab_procedures": 0.0,
            "time_in_hospital": 0.0,
            "admission_type_id": 0.0,
            "age": 0.0,
            "race": 0.0,
            "number_outpatient": 0.0,
            "diag_2": 0.0,
            "num_procedures": 0.0,
            "diag_3": 0.0,
            "metformin": 0.0,
            "repaglinide": 0.0,
            "nateglinide": 0.0,
            "chlorpropamide": 0.0,
            "glimepiride": 0.0,
            "acetohexamide": 0.0,
            "glipizide": 0.0,
            "glyburide": 0.0,
            "tolbutamide": 0.0,
            "pioglitazone": 0.0,
            "rosiglitazone": 0.0,
            "acarbose": 0.0,
            "miglitol": 0.0,
            "troglitazone": 0.0,
            "tolazamide": 0.0,
            "insulin": 0.0,
            "glyburide-metformin": 0.0,
            "glipizide-metformin": 0.0,
            "glimepiride-pioglitazone": 0.0,
            "metformin-rosiglitazone": 0.0,
            "metformin-pioglitazone": 0.0,
            "change": 0.0,
            "diabetesMed": 0.0
        },
        "Lime": {
            "race": -4.922857681871983,
            "gender": 0.0,
            "age": 0.0,
            "admission_type_id": 0.0,
            "discharge_disposition_id": 6.178307179248632,
            "admission_source_id": 4.547540075842864,
            "time_in_hospital": 0.0,
            "payer_code": -7.496600092839577,
            "medical_specialty": 0.0,
            "num_lab_procedures": -3.60204912924989,
            "num_procedures": 0.0,
            "num_medications": 0.0,
            "number_outpatient": 0.0,
            "number_emergency": -3.7007567816672076,
            "number_inpatient": 12.918312826588124,
            "diag_1": -5.3194726859365105,
            "diag_2": 0.0,
            "diag_3": 0.0,
            "number_diagnoses": 5.787066258235114,