{
    "LogisticRegression": {
        "SHAP": {
            "number_inpatient": 42.71675280699688,
            "number_emergency": 21.607292896933952,
            "number_diagnoses": 5.4351904932804,
            "discharge_disposition_id": 4.53674321875565,
            "time_in_hospital": -4.306031516956657,
            "diabetesMed": 4.297398275749395,
            "payer_code": 2.699877905665046,
            "metformin": 2.236637708525198,
            "insulin": -1.9848391238953176,
            "diag_1": -1.9688933158185575,
            "change": -1.8428862705690496,
            "glimepiride": 0.9486736375959186,
            "gender": 0.946538793649834,
            "age": -0.6749186385728143,
            "num_lab_procedures": 0.5379388494063048,
            "num_medications": 0.49277995272769454,
            "glyburide": 0.3347318429391729,
            "num_procedures": 0.3221182395831466,
            "diag_3": 0.3084949299671227,
            "pioglitazone": 0.3063271288154795,
            "rosiglitazone": 0.2984164569335869,
            "diag_2": 0.26763014324035994,
            "admission_source_id": -0.17370593528355252,
            "glyburide-metformin": 0.13373511484186057,
            "acarbose": 0.1282513206381693,
            "number_outpatient": 0.09231174798265454,
            "admission_type_id": -0.08005760397961179,
            "medical_specialty": 0.0606567479539487,
            "glipizide": 0.05788165548326878,
            "glipizide-metformin": -0.05350226245894594,
            "chlorpropamide": -0.0356239430289733,
            "race": 0.019291079886016867,
            "tolazamide": 0.01785262537783511,
            "tolbutamide": -0.015672962682312008,
            "troglitazone": -0.014006064353872942,
            "repaglinide": 0.009267139802935098,
            "miglitol": -0.009244854721530821,
            "metformin-rosiglitazone": -0.009095062628306623,
            "acetohexamide": -0.00514433495550614,
            "nateglinide": 0.004707800845156644,
            "glimepiride-pioglitazone": -0.0046163252742704285,
            "metformin-pioglitazone": -0.0042632712437259326
        },
        "Lime": {
            "race": 0.0,
            "gender": 0.0,
            "age": 0.0,
            "admission_type_id": 0.0,
            "discharge_disposition_id": 19.949262384351037,
            "admission_source_id": 0.0,
            "time_in_hospital": 0.0,
            "payer_code": 0.0,
            "medical_specialty": 0.0,
            "num_lab_procedures": 0.0,
            "num_procedures": 0.0,
            "num_medications": 0.0,
            "number_outpatient": 0.0,
            "number_emergency": 13.09206564956692,
            "number_inpatient": 66.95867196608204,
            "diag_1": 0.0,
            "diag_2": 0.0,
            "diag_3": 0.0,
            "number_diagnoses": 0.0,
            "metformin": 0.0,
            "repaglinide": 0.0,
            "nateglinide": 0.0,
            "chlorpropamide": 0.0,
            "glimepiride": 0.0,
            "acetohexamide": 0.0,
            "glipizide": 0.0,
            "glyburide": 0.0,
            "tolbutamide": 0.0,
            "pioglitazone": 0.0,
            "rosiglitazone": 0.0,
            "acarbose": 0.0,
            "miglitol": 0.0,
            "troglitazone": 0.0,
            "tolazamide": 0.0,
            "insulin": 0.0,
            "glyburide-metformin": 0.0,
            "glipizide-metformin": 0.0,
            "glimepiride-pioglitazone": 0.0,
            "metformin-rosiglitazone": 0.0,
            "metformin-pioglitazone": 0.0,
            "change": 0.0,
            "diabetesMed": 0.0
        },
        "Inherent": {
            "number_inpatient": 42.53912091305303,
            "number_emergency": 22.439008538578943,
            "number_diagnoses": 7.0591349035949795,
            "discharge_disposition_id": 4.315930084141522,
            "diabetesMed": 3.5623577269051534,
            "payer_code": 2.5734640000277844,
            "metformin": 2.058703322247161,
            "gender": 0.9244397596020755,
            "num_medications": 0.8160319632456176,
            "glimepiride": 0.6494387118093874,
            "num_lab_procedures": 0.5499867097519275,
            "pioglitazone": 0.38543764561420557,
            "glyburide": 0.351101746110351,
            "diag_2": 0.33496996984176797,
            "num_procedures": 0.31314401647767104,
            "diag_3": 0.2856417954310985,
            "rosiglitazone": 0.25045678133309723,
            "number_outpatient": 0.11918485073031367,
            "glyburide-metformin": 0.062488409264789546,
            "medical_specialty": 0.054241960991740626,
            "glipizide": 0.04800829114985335,
            "tolazamide": 0.025522199999130486,
            "race": 0.02469371449689895,
            "nateglinide": 0.013913938465821757,
            "repaglinide": 0.0,
            "chlorpropamide": -0.0,
            "metformin-pioglitazone": -0.0,
            "miglitol": -0.0,
            "glimepiride-pioglitazone": -0.0,
            "glipizide-metformin": -0.0,
            "troglitazone": -0.0,
            "acetohexamide": -0.0,
            "tolbutamide": -0.0,
            "acarbose": -0.0,
            "metformin-rosiglitazone": -0.0,
            "admission_type_id": -0.06766681400017784,
            "age": -0.283202742568304,
            "admission_source_id": -0.34063590244115766,
            "change": -1.8339848487691868,
            "insulin": -1.8783815779607058,
            "diag_1": -2.123617298460091,
            "time_in_hospital": -3.7160888629360422
        }
    },
    "DecisionTree": {
        "SHAP": {
            "number_inpatient": 86.2580776671925,
            "payer_code": 3.9751555744952953,
            "discharge_disposition_id": 3.1323321906783796,
            "diag_1": -2.991500181843101,
            "number_diagnoses": 2.0253885843442845,
            "num_medications": -0.8968615511459327,
            "medical_specialty": 0.5342402693085347,
            "admission_source_id": 0.1864439809919572,
            "gender": 0.0,
            "race": 0.0,
            "num_lab_procedures": 0.0,
            "time_in_hospital": 0.0,
            "admission_type_id": 0.0,
            "age": 0.0,
            "number_emergency": 0.0,
            "number_outpatient": 0.0,
            "diag_2": 0.0,
            "num_procedures": 0.0,
            "diag_3": 0.0,
            "metformin": 0.0,
            "repaglinide": 0.0,
            "nateglinide": 0.0,
            "chlorpropamide": 0.0,
            "glimepiride": 0.0,
            "acetohexamide": 0.0,
            "glipizide": 0.0,
            "glyburide": 0.0,
            "tolbutamide": 0.0,
            "pioglitazone": 0.0,
            "rosiglitazone": 0.0,
            "acarbose": 0.0,
            "miglitol": 0.0,
            "troglitazone": 0.0,
            "tolazamide": 0.0,
            "insulin": 0.0,
            "glyburide-metformin": 0.0,
            "glipizide-metformin": 0.0,
            "glimepiride-pioglitazone": 0.0,
            "metformin-rosiglitazone": 0.0,
            "metformin-pioglitazone": 0.0,
            "change": 0.0,
            "diabetesMed": 0.0
        },
        "Lime": {
            "race": 0.0,
            "gender": 0.0,
            "age": 0.0,
            "admission_type_id": 0.0,
            "discharge_disposition_id": 0.0,
            "admission_source_id": 0.0,
            "time_in_hospital": 0.0,
            "payer_code": 3.44050761561581,
            "medical_specialty": 0.0,
            "num_lab_procedures": 0.0,
            "num_procedures": -2.2642155910719777,
            "num_medications": 0.0,
            "number_outpatient": 0.0,
            "number_emergency": 2.945400634022346,
            "number_inpatient": 43.204224727621586,
            "diag_1": -5.977627481929206,
            "diag_2": 0.0,
            "diag_3": 0.0,
            "number_diagnoses": 2.5792757766107224,
            "metformin": 0.0,