{
    "LogisticRegression": {
        "SHAP": {
            "number_inpatient": 28.077696823427654,
            "diabetesMed": -26.380338233700197,
            "discharge_disposition_id": -8.638396481147748,
            "metformin": 3.9815498264149145,
            "number_diagnoses": 3.666462069693259,
            "num_procedures": 3.6502767483275926,
            "change": -3.2806133432870013,
            "time_in_hospital": 3.1418977525778846,
            "number_emergency": -2.801887305185912,
            "insulin": 2.0838567935846304,
            "num_medications": 2.0514182311207096,
            "glimepiride": 1.6887810407100092,
            "gender": 1.6849806990138296,
            "payer_code": -1.633614439734759,
            "age": -1.2014561759426332,
            "admission_type_id": 1.1502952233059855,
            "diag_2": -0.8229932947110888,
            "glyburide": 0.5958727719156637,
            "pioglitazone": 0.5453081301064503,
            "rosiglitazone": 0.5312259503514897,
            "number_outpatient": -0.4384300409760093,
            "diag_1": 0.3535675581169858,
            "admission_source_id": -0.3092225593082354,
            "glyburide-metformin": 0.23806851742443907,
            "num_lab_procedures": 0.23530908056141803,
            "acarbose": 0.2283065431106826,
            "medical_specialty": 0.10797808843444025,
            "glipizide": 0.10303800855346273,
            "glipizide-metformin": -0.09524203360886932,
            "chlorpropamide": -0.06341594959370929,
            "race": 0.03434100904172491,
            "tolazamide": 0.031780344757327536,
            "tolbutamide": -0.02790021898017363,
            "troglitazone": -0.024932890509876092,
            "diag_3": -0.0170558430615622,
            "repaglinide": 0.016496895645235557,
            "miglitol": -0.016457224865449167,
            "metformin-rosiglitazone": -0.016190572523631864,
            "acetohexamide": -0.009157686053062844,
            "nateglinide": 0.00838059001079309,
            "glimepiride-pioglitazone": -0.008217749805606987,
            "metformin-pioglitazone": -0.007589260797900675
        },
        "Lime": {
            "race": -23.689827946885643,
            "gender": 0.0,
            "age": 0.0,
            "admission_type_id": 0.0,
            "discharge_disposition_id": -9.06329128251525,
            "admission_source_id": 0.0,
            "time_in_hospital": 9.072516638119914,
            "payer_code": 0.0,
            "medical_specialty": 0.0,
            "num_lab_procedures": 0.0,
            "num_procedures": 0.0,
            "num_medications": 0.0,
            "number_outpatient": 0.0,
            "number_emergency": -10.838535836467312,
            "number_inpatient": 38.971578905637266,
            "diag_1": 0.0,
            "diag_2": 0.0,
            "diag_3": 0.0,
            "number_diagnoses": 8.36424939037461,
            "metformin": 0.0,
            "repaglinide": 0.0,
            "nateglinide": 0.0,
            "chlorpropamide": 0.0,
            "glimepiride": 0.0,
            "acetohexamide": 0.0,
            "glipizide": 0.0,
            "glyburide": 0.0,
            "tolbutamide": 0.0,
            "pioglitazone": 0.0,
            "rosiglitazone": 0.0,
            "acarbose": 0.0,
            "miglitol": 0.0,
            "troglitazone": 0.0,
            "tolazamide": 0.0,
            "insulin": 0.0,
            "glyburide-metformin": 0.0,
            "glipizide-metformin": 0.0,
            "glimepiride-pioglitazone": 0.0,
            "metformin-rosiglitazone": 0.0,
            "metformin-pioglitazone": 0.0,
            "change": 0.0,
            "diabetesMed": 0.0
        },
        "Inherent": {
            "number_inpatient": 24.79228712597309,
            "number_diagnoses": 6.034466855950114,
            "time_in_hospital": 4.349219485261383,
            "num_procedures": 3.559447223781304,
            "metformin": 3.4852375764850967,
            "num_medications": 2.5375371652329015,
            "insulin": 2.3504094689454753,
            "gender": 1.565010437659941,
            "admission_type_id": 1.1582791375964618,
            "glimepiride": 1.0994533197486194,
            "pioglitazone": 0.652518384446119,
            "glyburide": 0.5943901607821934,
            "rosiglitazone": 0.4240054291236162,
            "num_lab_procedures": 0.2199460914947312,
            "diag_1": 0.20374148548566398,
            "glyburide-metformin": 0.10578841045765663,
            "medical_specialty": 0.09182776295532546,
            "glipizide": 0.08127460547140357,
            "tolazamide": 0.04320726037127283,
            "race": 0.041804693632905364,
            "nateglinide": 0.023555303308614103,
            "glimepiride-pioglitazone": -0.0,
            "troglitazone": -0.0,
            "miglitol": -0.0,
            "glipizide-metformin": -0.0,
            "repaglinide": 0.0,
            "metformin-rosiglitazone": -0.0,
            "metformin-pioglitazone": -0.0,
            "tolbutamide": -0.0,
            "acarbose": -0.0,
            "acetohexamide": -0.0,
            "chlorpropamide": -0.0,
            "diag_3": -0.07390298977801187,
            "number_outpatient": -0.39167395898868196,
            "age": -0.47944200094130396,
            "admission_source_id": -0.5766722355079112,
            "diag_2": -0.7122572019137273,
            "payer_code": -1.9836075754333569,
            "number_emergency": -2.640851811976909,
            "change": -3.104805262886403,
            "discharge_disposition_id": -9.1496576520639,
            "diabetesMed": -27.473721926345902
        }
    },
    "DecisionTree": {
        "SHAP": {
            "number_inpatient": 53.120430052773685,
            "num_medications": 21.59864146089004,
            "discharge_disposition_id": -9.765042560455015,
            "admission_source_id": 6.541699267395125,
            "diag_1": -2.9314032197354987,
            "number_diagnoses": 2.668154354697858,
            "payer_code": -2.3032558134951877,
            "medical_specialty": 0.7738642552122303,
            "number_emergency": -0.29750901534537577,
            "gender": 0.0,
            "num_lab_procedures": 0.0,
            "time_in_hospital": 0.0,
            "admission_type_id": 0.0,
            "age": 0.0,
            "race": 0.0,
            "number_outpatient": 0.0,
            "diag_2": 0.0,
            "num_procedures": 0.0,
            "diag_3": 0.0,
            "metformin": 0.0,
            "repaglinide": 0.0,
            "nateglinide": 0.0,
            "chlorpropamide": 0.0,
            "glimepiride": 0.0,
            "acetohexamide": 0.0,
            "glipizide": 0.0,
            "glyburide": 0.0,
            "tolbutamide": 0.0,
            "pioglitazone": 0.0,
            "rosiglitazone": 0.0,
            "acarbose": 0.0,
            "miglitol": 0.0,
            "troglitazone": 0.0,
            "tolazamide": 0.0,
            "insulin": 0.0,
            "glyburide-metformin": 0.0,
            "glipizide-metformin": 0.0,
            "glimepiride-pioglitazone": 0.0,
            "metformin-rosiglitazone": 0.0,
            "metformin-pioglitazone": 0.0,
            "change": 0.0,
            "diabetesMed": 0.0
        },
        "Lime": {
            "race": 0.0,
            "gender": 0.0,
            "age": -4.455456163312454,
            "admission_type_id": -2.846206444959919,
            "discharge_disposition_id": -20.256454798783455,
            "admission_source_id": 0.0,
            "time_in_hospital": -3.050539153458008,
            "payer_code": 0.0,
            "medical_specialty": 0.0,
            "num_lab_procedures": 0.0,
            "num_procedures": 0.0,
            "num_medications": 0.0,
            "number_outpatient": 0.0,
            "number_emergency": 0.0,
            "number_inpatient": 11.930640771343512,
            "diag_1": 5.654404801015507,
            "diag_2": 0.0,
            "diag_3": 5.581710288066677,