{
    "LogisticRegression": {
        "SHAP": {
            "number_inpatient": -20.693972963817828,
            "time_in_hospital": -10.787977700185166,
            "pioglitazone": -9.284823374639908,
            "discharge_disposition_id": -8.989006503718988,
            "diabetesMed": 7.960506092587133,
            "diag_2": -6.61775198861993,
            "metformin": 4.143150567658314,
            "num_procedures": 3.7984319778213385,
            "change": -3.4137648976116464,
            "num_medications": -3.363661864712956,
            "number_emergency": -2.9156086160168293,
            "payer_code": -2.6572294396574208,
            "number_diagnoses": -2.4376054210945326,
            "insulin": 2.1684351153864174,
            "glimepiride": 1.7573242663067292,
            "gender": 1.7533696786355257,
            "age": -1.2502201540588165,
            "admission_type_id": 1.196982711555346,
            "diag_1": 0.9929096854100715,
            "diag_3": 0.9098508815465582,
            "glyburide": 0.6200576963361715,
            "rosiglitazone": 0.5527870285966987,
            "admission_source_id": -0.3217730979105331,
            "glyburide-metformin": 0.24773109872061433,
            "acarbose": 0.23757291128536526,
            "number_outpatient": 0.17099840067887218,
            "race": -0.12066920461914893,
            "medical_specialty": 0.1123606379163747,
            "glipizide": 0.10722005305483127,
            "glipizide-metformin": -0.09910765978453887,
            "num_lab_procedures": -0.0772627449060762,
            "chlorpropamide": -0.06598983788037809,
            "tolazamide": 0.03307022620893787,
            "tolbutamide": -0.029032616228636295,
            "troglitazone": -0.025944851621352242,
            "repaglinide": 0.01716646168878939,
            "miglitol": -0.017125180775336795,
            "metformin-rosiglitazone": -0.016847705709210962,
            "acetohexamide": -0.009529372687355658,
            "nateglinide": 0.008720736339947698,
            "glimepiride-pioglitazone": -0.008551286874797618,
            "metformin-pioglitazone": -0.007897289134578439
        },
        "Lime": {
            "race": -31.582158724294118,
            "gender": 0.0,
            "age": 0.0,
            "admission_type_id": 0.0,
            "discharge_disposition_id": -21.003255197639305,
            "admission_source_id": 0.0,
            "time_in_hospital": -13.03119173923556,
            "payer_code": 0.0,
            "medical_specialty": 0.0,
            "num_lab_procedures": 0.0,
            "num_procedures": 0.0,
            "num_medications": -11.630815933245346,
            "number_outpatient": 0.0,
            "number_emergency": -22.752578405585673,
            "number_inpatient": 0.0,
            "diag_1": 0.0,
            "diag_2": 0.0,
            "diag_3": 0.0,
            "number_diagnoses": 0.0,
            "metformin": 0.0,
            "repaglinide": 0.0,
            "nateglinide": 0.0,
            "chlorpropamide": 0.0,
            "glimepiride": 0.0,
            "acetohexamide": 0.0,
            "glipizide": 0.0,
            "glyburide": 0.0,
            "tolbutamide": 0.0,
            "pioglitazone": 0.0,
            "rosiglitazone": 0.0,
            "acarbose": 0.0,
            "miglitol": 0.0,
            "troglitazone": 0.0,
            "tolazamide": 0.0,
            "insulin": 0.0,
            "glyburide-metformin": 0.0,
            "glipizide-metformin": 0.0,
            "glimepiride-pioglitazone": 0.0,
            "metformin-rosiglitazone": 0.0,
            "metformin-pioglitazone": 0.0,
            "change": 0.0,
            "diabetesMed": 0.0
        },
        "Inherent": {
            "diabetesMed": 6.668093363486024,
            "num_procedures": 3.935573965884806,
            "metformin": 3.8535225861185434,
            "insulin": 2.598777207131667,
            "gender": 1.7303850703675658,
            "admission_type_id": 1.2806744790865363,
            "glimepiride": 1.2156325378274924,
            "diag_3": 0.8886735148797082,
            "diag_1": 0.8790912418863597,
            "glyburide": 0.6571993613849437,
            "rosiglitazone": 0.46881007733554914,
            "number_outpatient": 0.22309261817827444,
            "number_diagnoses": 0.1308260566779593,
            "glyburide-metformin": 0.11696707042258134,
            "medical_specialty": 0.10153120147922848,
            "glipizide": 0.08986289198046199,
            "tolazamide": 0.04777297101591619,
            "nateglinide": 0.026044391904600322,
            "glimepiride-pioglitazone": -0.0,
            "troglitazone": -0.0,
            "acarbose": -0.0,
            "glipizide-metformin": -0.0,
            "acetohexamide": -0.0,
            "chlorpropamide": -0.0,
            "miglitol": -0.0,
            "repaglinide": 0.0,
            "metformin-pioglitazone": -0.0,
            "metformin-rosiglitazone": -0.0,
            "tolbutamide": -0.0,
            "num_lab_procedures": -0.09379298218735457,
            "race": -0.1173961945543679,
            "age": -0.5301046309802642,
            "admission_source_id": -0.6376091831760698,
            "number_emergency": -2.919910588795012,
            "num_medications": -2.946282172279934,
            "payer_code": -3.1946835642283413,
            "change": -3.432889994861915,
            "diag_2": -6.8146278774833275,
            "pioglitazone": -9.585244201903715,
            "time_in_hospital": -9.897013385964845,
            "discharge_disposition_id": -10.116501857827187,
            "number_inpatient": -24.801412758709446
        }
    },
    "DecisionTree": {
        "SHAP": {
            "number_inpatient": -36.05480046020229,
            "discharge_disposition_id": -33.6795824804976,
            "diag_1": 15.232812874713392,
            "number_diagnoses": 9.609091172550707,
            "payer_code": -2.4792879013473783,
            "num_medications": -1.853006581815729,
            "medical_specialty": 0.8330087669772817,
            "admission_source_id": 0.2584097618956193,
            "gender": 0.0,
            "race": 0.0,
            "num_lab_procedures": 0.0,
            "time_in_hospital": 0.0,
            "admission_type_id": 0.0,
            "age": 0.0,
            "number_emergency": 0.0,
            "number_outpatient": 0.0,
            "diag_2": 0.0,
            "num_procedures": 0.0,
            "diag_3": 0.0,
            "metformin": 0.0,
            "repaglinide": 0.0,
            "nateglinide": 0.0,
            "chlorpropamide": 0.0,
            "glimepiride": 0.0,
            "acetohexamide": 0.0,
            "glipizide": 0.0,
            "glyburide": 0.0,
            "tolbutamide": 0.0,
            "pioglitazone": 0.0,
            "rosiglitazone": 0.0,
            "acarbose": 0.0,
            "miglitol": 0.0,
            "troglitazone": 0.0,
            "tolazamide": 0.0,
            "insulin": 0.0,
            "glyburide-metformin": 0.0,
            "glipizide-metformin": 0.0,
            "glimepiride-pioglitazone": 0.0,
            "metformin-rosiglitazone": 0.0,
            "metformin-pioglitazone": 0.0,
            "change": 0.0,
            "diabetesMed": 0.0
        },
        "Lime": {
            "race": 0.0,
            "gender": 0.0,
            "age": 0.0,
            "admission_type_id": 0.0,
            "discharge_disposition_id": -17.135768377253978,
            "admission_source_id": 1.9765817785432727,
            "time_in_hospital": 0.0,
            "payer_code": 0.0,
            "medical_specialty": 0.0,
            "num_lab_procedures": 0.0,
            "num_procedures": 0.0,
            "num_medications": 0.0,
            "number_outpatient": 0.0,
            "number_emergency": 0.0,
            "number_inpatient": -32.97856681505469,
            "diag_1": -2.6816590390419375,
            "diag_2": 0.0,
            "diag_3": 2.5619773108068165,
            "number_diagnoses": 2.969397582560999,
            "metformin": 0.0,