{
    "LogisticRegression": {
        "SHAP": {
            "number_inpatient": -17.217801002972134,
            "age": -15.920572018258433,
            "pioglitazone": -7.725159469948431,
            "discharge_disposition_id": -7.479033893881253,
            "diabetesMed": 6.623300901415012,
            "diag_2": -5.775129049030092,
            "num_medications": -4.831847892754377,
            "time_in_hospital": -4.2973994615506745,
            "metformin": 3.447184459166855,
            "payer_code": 3.3646446510494066,
            "diag_1": 3.2370562051757266,
            "number_diagnoses": 3.1743847541277126,
            "change": -2.840320936959657,
            "admission_source_id": 2.6720600368575558,
            "number_emergency": -2.425844908607018,
            "num_procedures": -2.1674518206765874,
            "insulin": 1.8041815542070856,
            "glimepiride": 1.4621290734198926,
            "gender": -1.0663617858558365,
            "glyburide": 0.5159004529745894,
            "rosiglitazone": 0.45992990674354733,
            "num_lab_procedures": -0.24295902933732005,
            "glyburide-metformin": 0.2061172481222891,
            "acarbose": 0.19766543221836314,
            "number_outpatient": 0.1422741026995204,
            "admission_type_id": -0.12338758629739123,
            "race": -0.10039920105975267,
            "medical_specialty": 0.09348630674224241,
            "glipizide": 0.08920923692390935,
            "glipizide-metformin": -0.0824595628410272,
            "chlorpropamide": -0.05490487007155754,
            "tolazamide": 0.027515092195409818,
            "tolbutamide": -0.024155719623985467,
            "troglitazone": -0.02158663747406712,
            "diag_3": -0.014766771660056353,
            "repaglinide": 0.014282840796182774,
            "miglitol": -0.01424849424734508,
            "metformin-rosiglitazone": -0.01401762942113726,
            "acetohexamide": -0.007928629408230239,
            "nateglinide": 0.007255827731249993,
            "glimepiride-pioglitazone": -0.007114842374010216,
            "metformin-pioglitazone": -0.006570703123071045
        },
        "Lime": {
            "race": -35.18936766935813,
            "gender": 0.0,
            "age": 0.0,
            "admission_type_id": 0.0,
            "discharge_disposition_id": -14.636516188770605,
            "admission_source_id": 0.0,
            "time_in_hospital": 0.0,
            "payer_code": 0.0,
            "medical_specialty": 0.0,
            "num_lab_procedures": 0.0,
            "num_procedures": 0.0,
            "num_medications": 0.0,
            "number_outpatient": 0.0,
            "number_emergency": -27.5483453512508,
            "number_inpatient": 0.0,
            "diag_1": 0.0,
            "diag_2": 0.0,
            "diag_3": 0.0,
            "number_diagnoses": 22.62577079062047,
            "metformin": 0.0,
            "repaglinide": 0.0,
            "nateglinide": 0.0,
            "chlorpropamide": 0.0,
            "glimepiride": 0.0,
            "acetohexamide": 0.0,
            "glipizide": 0.0,
            "glyburide": 0.0,
            "tolbutamide": 0.0,
            "pioglitazone": 0.0,
            "rosiglitazone": 0.0,
            "acarbose": 0.0,
            "miglitol": 0.0,
            "troglitazone": 0.0,
            "tolazamide": 0.0,
            "insulin": 0.0,
            "glyburide-metformin": 0.0,
            "glipizide-metformin": 0.0,
            "glimepiride-pioglitazone": 0.0,
            "metformin-rosiglitazone": 0.0,
            "metformin-pioglitazone": 0.0,
            "change": 0.0,
            "diabetesMed": 0.0
        },
        "Inherent": {
            "number_diagnoses": 5.331638298117402,
            "diabetesMed": 5.328413544648276,
            "diag_1": 3.1247977795839823,
            "metformin": 3.0793153039698185,
            "payer_code": 3.049006790990369,
            "admission_source_id": 2.4441604820606155,
            "insulin": 2.076659535967311,
            "glimepiride": 0.9714010477635003,
            "glyburide": 0.5251621097439169,
            "rosiglitazone": 0.37462192410521444,
            "number_outpatient": 0.17827130839552396,
            "glyburide-metformin": 0.09346733591499709,
            "medical_specialty": 0.08113267161626897,
            "glipizide": 0.07180863024683745,
            "tolazamide": 0.03817495226194891,
            "nateglinide": 0.020811839760151416,
            "miglitol": -0.0,
            "metformin-rosiglitazone": -0.0,
            "glimepiride-pioglitazone": -0.0,
            "troglitazone": -0.0,
            "acarbose": -0.0,
            "glipizide-metformin": -0.0,
            "metformin-pioglitazone": -0.0,
            "acetohexamide": -0.0,
            "chlorpropamide": -0.0,
            "repaglinide": 0.0,
            "tolbutamide": -0.0,
            "diag_3": -0.06529557955187222,
            "race": -0.09381024515629055,
            "admission_type_id": -0.10121295947304587,
            "num_lab_procedures": -0.2544680044185071,
            "gender": -1.154393586784341,
            "num_procedures": -2.208108515378718,
            "number_emergency": -2.3332743383130152,
            "change": -2.7431915764819084,
            "time_in_hospital": -3.2081007004722473,
            "num_medications": -4.397165537552553,
            "diag_2": -5.715805272367347,
            "pioglitazone": -7.659482591210145,
            "discharge_disposition_id": -8.084005814748338,
            "age": -15.37425543955974,
            "number_inpatient": -19.818586283385795
        }
    },
    "DecisionTree": {
        "SHAP": {
            "number_inpatient": -35.527788445075196,
            "discharge_disposition_id": -34.049363108375594,
            "diag_1": 15.311947880384661,
            "number_diagnoses": 9.659010743590526,
            "payer_code": -2.4921678903387434,
            "num_medications": -1.148314868219196,
            "admission_source_id": -0.9740707868119484,
            "medical_specialty": 0.8373362772041284,
            "gender": 0.0,
            "race": 0.0,
            "num_lab_procedures": 0.0,
            "time_in_hospital": 0.0,
            "admission_type_id": 0.0,
            "age": 0.0,
            "number_emergency": 0.0,
            "number_outpatient": 0.0,
            "diag_2": 0.0,
            "num_procedures": 0.0,
            "diag_3": 0.0,
            "metformin": 0.0,
            "repaglinide": 0.0,
            "nateglinide": 0.0,
            "chlorpropamide": 0.0,
            "glimepiride": 0.0,
            "acetohexamide": 0.0,
            "glipizide": 0.0,
            "glyburide": 0.0,
            "tolbutamide": 0.0,
            "pioglitazone": 0.0,
            "rosiglitazone": 0.0,
            "acarbose": 0.0,
            "miglitol": 0.0,
            "troglitazone": 0.0,
            "tolazamide": 0.0,
            "insulin": 0.0,
            "glyburide-metformin": 0.0,
            "glipizide-metformin": 0.0,
            "glimepiride-pioglitazone": 0.0,
            "metformin-rosiglitazone": 0.0,
            "metformin-pioglitazone": 0.0,
            "change": 0.0,
            "diabetesMed": 0.0
        },
        "Lime": {
            "race": 2.5712461782686193,
            "gender": 0.0,
            "age": 0.0,
            "admission_type_id": 0.0,
            "discharge_disposition_id": -17.126820894786707,
            "admission_source_id": -2.544672083120498,
            "time_in_hospital": 0.0,
            "payer_code": 0.0,
            "medical_specialty": 0.0,
            "num_lab_procedures": 0.0,
            "num_procedures": 0.0,
            "num_medications": 0.0,
            "number_outpatient": -2.900766215420505,
            "number_emergency": -2.8783306616710296,
            "number_inpatient": -34.93847996804502,
            "diag_1": -5.9341197137064565,
            "diag_2": 7.44133690758451,
            "diag_3": -3.131368455172949,
            "number_diagnoses": 0.0,