{
    "LogisticRegression": {
        "SHAP": {
            "number_inpatient": 53.671092100727755,
            "number_diagnoses": 6.8289977674068565,
            "insulin": -6.458467455718868,
            "diabetesMed": 5.399428643215486,
            "time_in_hospital": 4.124533993456202,
            "change": 2.8607612047986586,
            "metformin": 2.8102039729610238,
            "num_procedures": 2.576389262417953,
            "number_emergency": -1.9775904308881498,
            "payer_code": -1.8023377636055327,
            "diag_1": 1.4699190293824291,
            "discharge_disposition_id": -1.378161519917839,
            "diag_2": -1.2188814557975467,
            "glimepiride": 1.1919527312151645,
            "gender": -0.869316441496766,
            "age": -0.8479956464622934,
            "admission_type_id": 0.8118859106488312,
            "num_medications": -0.6239839552256576,
            "num_lab_procedures": 0.5302297570684485,
            "glyburide": 0.42057090932464336,
            "pioglitazone": 0.3848820536029631,
            "rosiglitazone": 0.37494275880052313,
            "diag_3": -0.30096986028637585,
            "admission_source_id": -0.21825130981209614,
            "glyburide-metformin": 0.16803032052106764,
            "acarbose": 0.16114025504494042,
            "number_outpatient": 0.11598429193205653,
            "medical_specialty": 0.07621164278745848,
            "glipizide": 0.07272490201727752,
            "glipizide-metformin": -0.0672224517862006,
            "chlorpropamide": -0.04475939301701624,
            "race": 0.024238109342321474,
            "tolazamide": 0.022430775701111634,
            "tolbutamide": -0.019692157487117168,
            "troglitazone": -0.017597797597159702,
            "repaglinide": 0.011643617110151236,
            "miglitol": -0.01161561721367209,
            "metformin-rosiglitazone": -0.011427412242481495,
            "acetohexamide": -0.006463554859646039,
            "nateglinide": 0.00591507537789481,
            "glimepiride-pioglitazone": -0.005800141693394416,
            "metformin-pioglitazone": -0.0053565500309967285
        },
        "Lime": {
            "race": 0.0,
            "gender": 0.0,
            "age": 0.0,
            "admission_type_id": 0.0,
            "discharge_disposition_id": -11.795792524471677,
            "admission_source_id": 0.0,
            "time_in_hospital": 10.76732742386396,
            "payer_code": 0.0,
            "medical_specialty": 0.0,
            "num_lab_procedures": 0.0,
            "num_procedures": 0.0,
            "num_medications": 0.0,
            "number_outpatient": 0.0,
            "number_emergency": -15.184234987960766,
            "number_inpatient": 62.252645063703596,
            "diag_1": 0.0,
            "diag_2": 0.0,
            "diag_3": 0.0,
            "number_diagnoses": 0.0,
            "metformin": 0.0,
            "repaglinide": 0.0,
            "nateglinide": 0.0,
            "chlorpropamide": 0.0,
            "glimepiride": 0.0,
            "acetohexamide": 0.0,
            "glipizide": 0.0,
            "glyburide": 0.0,
            "tolbutamide": 0.0,
            "pioglitazone": 0.0,
            "rosiglitazone": 0.0,
            "acarbose": 0.0,
            "miglitol": 0.0,
            "troglitazone": 0.0,
            "tolazamide": 0.0,
            "insulin": 0.0,
            "glyburide-metformin": 0.0,
            "glipizide-metformin": 0.0,
            "glimepiride-pioglitazone": 0.0,
            "metformin-rosiglitazone": 0.0,
            "metformin-pioglitazone": 0.0,
            "change": 0.0,
            "diabetesMed": 0.0
        },
        "Inherent": {
            "number_inpatient": 52.596606021285275,
            "number_diagnoses": 8.728119655654666,
            "time_in_hospital": 5.119231566180533,
            "diabetesMed": 4.404602677424354,
            "change": 3.0058780251549044,
            "num_procedures": 2.599639609466324,
            "metformin": 2.5454406492382233,
            "diag_1": 1.3920946048075762,
            "admission_type_id": 0.8459482991618762,
            "glimepiride": 0.8029849072298996,
            "num_lab_procedures": 0.5316246751795421,
            "pioglitazone": 0.47656631253800785,
            "glyburide": 0.4341124079948952,
            "rosiglitazone": 0.3096720470566647,
            "number_outpatient": 0.14736361502111953,
            "glyburide-metformin": 0.07726248621156763,
            "medical_specialty": 0.06706633778200824,
            "glipizide": 0.059358847130975376,
            "tolazamide": 0.0315563901965545,
            "race": 0.03053202663144266,
            "nateglinide": 0.01720359809943026,
            "troglitazone": -0.0,
            "acetohexamide": -0.0,
            "miglitol": -0.0,
            "acarbose": -0.0,
            "glipizide-metformin": -0.0,
            "metformin-pioglitazone": -0.0,
            "glimepiride-pioglitazone": -0.0,
            "metformin-rosiglitazone": -0.0,
            "tolbutamide": -0.0,
            "repaglinide": 0.0,
            "chlorpropamide": -0.0,
            "num_medications": -0.25751842883275083,
            "diag_3": -0.348334028101701,
            "age": -0.3501601056932493,
            "admission_source_id": -0.42117213456343333,
            "gender": -0.9542512120251438,
            "diag_2": -1.1701882513561876,
            "discharge_disposition_id": -1.8749307803584203,
            "number_emergency": -1.928744139617532,
            "payer_code": -2.1102451650687986,
            "insulin": -6.3615909949369485
        }
    },
    "DecisionTree": {
        "SHAP": {
            "number_inpatient": 67.75680552759908,
            "discharge_disposition_id": 21.24702878879973,
            "payer_code": -5.066275591278425,
            "diag_1": 2.6050288657013705,
            "number_diagnoses": 1.778707822978387,
            "num_medications": -0.8572774499867925,
            "medical_specialty": 0.5106609098894862,
            "admission_source_id": 0.17821504376673145,
            "gender": 0.0,
            "race": 0.0,
            "num_lab_procedures": 0.0,
            "time_in_hospital": 0.0,
            "admission_type_id": 0.0,
            "age": 0.0,
            "number_emergency": 0.0,
            "number_outpatient": 0.0,
            "diag_2": 0.0,
            "num_procedures": 0.0,
            "diag_3": 0.0,
            "metformin": 0.0,
            "repaglinide": 0.0,
            "nateglinide": 0.0,
            "chlorpropamide": 0.0,
            "glimepiride": 0.0,
            "acetohexamide": 0.0,
            "glipizide": 0.0,
            "glyburide": 0.0,
            "tolbutamide": 0.0,
            "pioglitazone": 0.0,
            "rosiglitazone": 0.0,
            "acarbose": 0.0,
            "miglitol": 0.0,
            "troglitazone": 0.0,
            "tolazamide": 0.0,
            "insulin": 0.0,
            "glyburide-metformin": 0.0,
            "glipizide-metformin": 0.0,
            "glimepiride-pioglitazone": 0.0,
            "metformin-rosiglitazone": 0.0,
            "metformin-pioglitazone": 0.0,
            "change": 0.0,
            "diabetesMed": 0.0
        },
        "Lime": {
            "race": 0.0,
            "gender": 0.0,
            "age": 0.0,
            "admission_type_id": 0.0,
            "discharge_disposition_id": 28.690173906214266,
            "admission_source_id": 0.0,
            "time_in_hospital": 0.0,
            "payer_code": -4.99242300202936,
            "medical_specialty": 0.0,
            "num_lab_procedures": 0.0,
            "num_procedures": 0.0,
            "num_medications": 0.0,
            "number_outpatient": 0.0,
            "number_emergency": 0.0,
            "number_inpatient": 45.94622802598636,
            "diag_1": -2.402669614583177,
            "diag_2": -3.357269068416699,
            "diag_3": 0.0,
            "number_diagnoses": 2.7722859736687786,
            "metformin": 0.0,