{
    "LogisticRegression": {
        "SHAP": {
            "number_inpatient": -20.89858143866753,
            "number_diagnoses": 10.167701182335358,
            "pioglitazone": -9.3766256377073,
            "diabetesMed": 8.039214372214436,
            "time_in_hospital": -5.216087269576403,
            "age": 4.757902627064234,
            "num_medications": -4.630854182925267,
            "change": 4.259390041572039,
            "metformin": 4.184115331660056,
            "diag_2": 4.033211618964265,
            "insulin": -3.7130715347928014,
            "number_emergency": -2.944436247773423,
            "payer_code": -2.6835023870476893,
            "num_procedures": -2.630804501746696,
            "num_lab_procedures": -2.300960186941714,
            "discharge_disposition_id": -2.0519459798913795,
            "glimepiride": 1.7746995397051268,
            "gender": -1.294326065270718,
            "admission_type_id": 1.2088176940142974,
            "glyburide": 0.626188421440915,
            "diag_1": -0.6038908009609797,
            "rosiglitazone": 0.5582526253207123,
            "diag_3": -0.37172529911848895,
            "admission_source_id": -0.32495457992591265,
            "glyburide-metformin": 0.2501805018570101,
            "acarbose": 0.23992187690587188,
            "number_outpatient": 0.1726891210652289,
            "race": -0.12186230282033145,
            "medical_specialty": 0.11347158644218003,
            "glipizide": 0.10828017483846415,
            "glipizide-metformin": -0.10008757152743585,
            "chlorpropamide": -0.06664230225287392,
            "tolazamide": 0.03339720298422293,
            "tolbutamide": -0.029319671756244465,
            "troglitazone": -0.02620137735131856,
            "repaglinide": 0.017336192438455016,
            "miglitol": -0.017294503366319856,
            "metformin-rosiglitazone": -0.01701428480815467,
            "acetohexamide": -0.009623592894139698,
            "nateglinide": 0.008806961279218801,
            "glimepiride-pioglitazone": -0.008635836408544173,
            "metformin-pioglitazone": -0.007975372366256494
        },
        "Lime": {
            "race": 0.0,
            "gender": 0.0,
            "age": 0.0,
            "admission_type_id": 0.0,
            "discharge_disposition_id": -30.53927350827703,
            "admission_source_id": 0.0,
            "time_in_hospital": -18.293651440943417,
            "payer_code": 0.0,
            "medical_specialty": 0.0,
            "num_lab_procedures": 0.0,
            "num_procedures": 0.0,
            "num_medications": 0.0,
            "number_outpatient": 0.0,
            "number_emergency": -33.92030188560614,
            "number_inpatient": -17.2467731651734,
            "diag_1": 0.0,
            "diag_2": 0.0,
            "diag_3": 0.0,
            "number_diagnoses": 0.0,
            "metformin": 0.0,
            "repaglinide": 0.0,
            "nateglinide": 0.0,
            "chlorpropamide": 0.0,
            "glimepiride": 0.0,
            "acetohexamide": 0.0,
            "glipizide": 0.0,
            "glyburide": 0.0,
            "tolbutamide": 0.0,
            "pioglitazone": 0.0,
            "rosiglitazone": 0.0,
            "acarbose": 0.0,
            "miglitol": 0.0,
            "troglitazone": 0.0,
            "tolazamide": 0.0,
            "insulin": 0.0,
            "glyburide-metformin": 0.0,
            "glipizide-metformin": 0.0,
            "glimepiride-pioglitazone": 0.0,
            "metformin-rosiglitazone": 0.0,
            "metformin-pioglitazone": 0.0,
            "change": 0.0,
            "diabetesMed": 0.0
        },
        "Inherent": {
            "number_diagnoses": 12.442773978582796,
            "diabetesMed": 6.279184720519402,
            "age": 5.37360023001471,
            "change": 4.285168209164054,
            "diag_2": 4.0363237858098335,
            "metformin": 3.628770448151312,
            "admission_type_id": 1.2059806578405865,
            "glimepiride": 1.1447322107232838,
            "glyburide": 0.6188689874891097,
            "rosiglitazone": 0.44146728516889483,
            "number_outpatient": 0.21008100561347606,
            "glyburide-metformin": 0.11014510465963558,
            "medical_specialty": 0.09560951447912111,
            "glipizide": 0.0846217453035794,
            "tolazamide": 0.04498666909788627,
            "nateglinide": 0.024525383612368837,
            "miglitol": -0.0,
            "glimepiride-pioglitazone": -0.0,
            "metformin-pioglitazone": -0.0,
            "troglitazone": -0.0,
            "acarbose": -0.0,
            "glipizide-metformin": -0.0,
            "metformin-rosiglitazone": -0.0,
            "acetohexamide": -0.0,
            "chlorpropamide": -0.0,
            "repaglinide": 0.0,
            "tolbutamide": -0.0,
            "race": -0.11054920063499722,
            "diag_3": -0.42206865588389453,
            "admission_source_id": -0.6004213832076507,
            "diag_1": -0.7393842313479474,
            "gender": -1.3603768759431567,
            "num_lab_procedures": -2.256722212822838,
            "num_procedures": -2.6021105784742646,
            "discharge_disposition_id": -2.672894145117885,
            "number_emergency": -2.7496102641339206,
            "payer_code": -3.0083574314127266,
            "insulin": -3.3109265850969996,
            "time_in_hospital": -3.780535563071172,
            "num_medications": -3.9781069910877696,
            "pioglitazone": -9.026196193446136,
            "number_inpatient": -23.35489975208859
        }
    },
    "DecisionTree": {
        "SHAP": {
            "discharge_disposition_id": 57.56172908391274,
            "number_inpatient": -22.03167309114623,
            "payer_code": -13.97084651496439,
            "diag_1": -2.7252454272050244,
            "number_diagnoses": 1.9974704886609431,
            "num_medications": -0.8151872176926237,
            "medical_specialty": 0.7283830567168317,
            "admission_source_id": 0.16946511970122294,
            "gender": 0.0,
            "race": 0.0,
            "num_lab_procedures": 0.0,
            "time_in_hospital": 0.0,
            "admission_type_id": 0.0,
            "age": 0.0,
            "number_emergency": 0.0,
            "number_outpatient": 0.0,
            "diag_2": 0.0,
            "num_procedures": 0.0,
            "diag_3": 0.0,
            "metformin": 0.0,
            "repaglinide": 0.0,
            "nateglinide": 0.0,
            "chlorpropamide": 0.0,
            "glimepiride": 0.0,
            "acetohexamide": 0.0,
            "glipizide": 0.0,
            "glyburide": 0.0,
            "tolbutamide": 0.0,
            "pioglitazone": 0.0,
            "rosiglitazone": 0.0,
            "acarbose": 0.0,
            "miglitol": 0.0,
            "troglitazone": 0.0,
            "tolazamide": 0.0,
            "insulin": 0.0,
            "glyburide-metformin": 0.0,
            "glipizide-metformin": 0.0,
            "glimepiride-pioglitazone": 0.0,
            "metformin-rosiglitazone": 0.0,
            "metformin-pioglitazone": 0.0,
            "change": 0.0,
            "diabetesMed": 0.0
        },
        "Lime": {
            "race": 0.0,
            "gender": 0.0,
            "age": 0.0,
            "admission_type_id": 0.0,
            "discharge_disposition_id": 22.407629640989533,
            "admission_source_id": 0.0,
            "time_in_hospital": 0.0,
            "payer_code": 0.0,
            "medical_specialty": 0.0,
            "num_lab_procedures": 0.0,
            "num_procedures": 2.732267124126354,
            "num_medications": 0.0,
            "number_outpatient": 0.0,
            "number_emergency": 0.0,
            "number_inpatient": -29.036263437324887,
            "diag_1": -3.50720253748625,
            "diag_2": 0.0,
            "diag_3": 4.608027600505859,
            "number_diagnoses": 3.2315437838130805,
            "metformin": 0.0,