{
    "LogisticRegression": {
        "SHAP": {
            "number_inpatient": -19.070590663324662,
            "age": 9.835605476883071,
            "discharge_disposition_id": -8.28384495341303,
            "diabetesMed": 7.336027423543302,
            "glyburide": -6.239637474664966,
            "admission_source_id": -5.723411876211772,
            "admission_type_id": -5.095657506043004,
            "payer_code": 4.608923140297843,
            "num_medications": -4.2257951719493985,
            "metformin": 3.818132393933308,
            "num_procedures": 3.5004559800173483,
            "change": -3.1459649192064747,
            "number_emergency": -2.686887556475352,
            "number_diagnoses": -2.2463823290807405,
            "time_in_hospital": -2.168911190377523,
            "insulin": 1.998327655004546,
            "glimepiride": 1.6194672624758335,
            "gender": 1.6158229007647396,
            "number_outpatient": -1.5764739259755363,
            "num_lab_procedures": 1.3635870086246935,
            "diag_1": 1.29899409161117,
            "diag_2": 0.5245894683936894,
            "pioglitazone": 0.5229266810681542,
            "rosiglitazone": 0.5094224857061134,
            "glyburide-metformin": 0.22829731084199248,
            "acarbose": 0.21893600381807424,
            "glipizide": 0.09880895013653311,
            "glipizide-metformin": -0.09133295064488624,
            "medical_specialty": 0.0724634609790416,
            "chlorpropamide": -0.06081312604187689,
            "race": 0.032931527867033836,
            "tolazamide": 0.030475962652357358,
            "tolbutamide": -0.02675509149208693,
            "troglitazone": -0.023909553083721686,
            "diag_3": 0.020332239516992947,
            "repaglinide": 0.015819802440881808,
            "miglitol": -0.015781759895642233,
            "metformin-rosiglitazone": -0.015526051945573063,
            "acetohexamide": -0.008781820973506209,
            "nateglinide": 0.008036619807743298,
            "glimepiride-pioglitazone": -0.007880463162828059,
            "metformin-pioglitazone": -0.007277769652970571
        },
        "Lime": {
            "race": 0.0,
            "gender": 0.0,
            "age": 0.0,
            "admission_type_id": -15.468883346258346,
            "discharge_disposition_id": -30.095068115019107,
            "admission_source_id": -19.420489388908365,
            "time_in_hospital": 0.0,
            "payer_code": 0.0,
            "medical_specialty": 0.0,
            "num_lab_procedures": 0.0,
            "num_procedures": 0.0,
            "num_medications": 0.0,
            "number_outpatient": 0.0,
            "number_emergency": -35.01555914981419,
            "number_inpatient": 0.0,
            "diag_1": 0.0,
            "diag_2": 0.0,
            "diag_3": 0.0,
            "number_diagnoses": 0.0,
            "metformin": 0.0,
            "repaglinide": 0.0,
            "nateglinide": 0.0,
            "chlorpropamide": 0.0,
            "glimepiride": 0.0,
            "acetohexamide": 0.0,
            "glipizide": 0.0,
            "glyburide": 0.0,
            "tolbutamide": 0.0,
            "pioglitazone": 0.0,
            "rosiglitazone": 0.0,
            "acarbose": 0.0,
            "miglitol": 0.0,
            "troglitazone": 0.0,
            "tolazamide": 0.0,
            "insulin": 0.0,
            "glyburide-metformin": 0.0,
            "glipizide-metformin": 0.0,
            "glimepiride-pioglitazone": 0.0,
            "metformin-rosiglitazone": 0.0,
            "metformin-pioglitazone": 0.0,
            "change": 0.0,
            "diabetesMed": 0.0
        },
        "Inherent": {
            "age": 10.855957377774825,
            "diabetesMed": 6.061196317612005,
            "payer_code": 4.378636767067938,
            "num_procedures": 3.5773773895151093,
            "metformin": 3.5027939225802296,
            "insulin": 2.362249293690995,
            "gender": 1.5728939360680358,
            "num_lab_procedures": 1.395244065347739,
            "diag_1": 1.195289270236695,
            "glimepiride": 1.104991646067371,
            "pioglitazone": 0.6558053450447495,
            "diag_2": 0.6398162457912873,
            "rosiglitazone": 0.42614129099717507,
            "number_diagnoses": 0.11891891276243202,
            "glyburide-metformin": 0.10632130323930788,
            "glipizide": 0.0816840137459007,
            "medical_specialty": 0.06021723603769703,
            "tolazamide": 0.04342491027325328,
            "race": 0.04201527832152807,
            "nateglinide": 0.02367395951158059,
            "acarbose": -0.0,
            "glipizide-metformin": -0.0,
            "glimepiride-pioglitazone": -0.0,
            "troglitazone": -0.0,
            "chlorpropamide": -0.0,
            "repaglinide": 0.0,
            "metformin-rosiglitazone": -0.0,
            "acetohexamide": -0.0,
            "miglitol": -0.0,
            "tolbutamide": -0.0,
            "metformin-pioglitazone": -0.0,
            "diag_3": -0.036418350978120864,
            "time_in_hospital": -0.9758175672682606,
            "number_outpatient": -1.5865165199350808,
            "number_emergency": -2.654154695174841,
            "change": -3.1204452399487983,
            "num_medications": -3.8400028855104704,
            "admission_type_id": -5.2321158248840955,
            "admission_source_id": -6.179356194133983,
            "glyburide": -6.430666389750537,
            "discharge_disposition_id": -9.195747639580222,
            "number_inpatient": -22.544110211149743
        }
    },
    "DecisionTree": {
        "SHAP": {
            "discharge_disposition_id": -38.14028127556098,
            "number_inpatient": -31.47913988351354,
            "diag_1": 13.453830224995627,
            "number_diagnoses": 8.486881727970665,
            "payer_code": 5.83931005874887,
            "num_medications": -1.6366009457736055,
            "medical_specialty": 0.7357248210833917,
            "admission_source_id": 0.2282310623533226,
            "gender": 0.0,
            "race": 0.0,
            "num_lab_procedures": 0.0,
            "time_in_hospital": 0.0,
            "admission_type_id": 0.0,
            "age": 0.0,
            "number_emergency": 0.0,
            "number_outpatient": 0.0,
            "diag_2": 0.0,
            "num_procedures": 0.0,
            "diag_3": 0.0,
            "metformin": 0.0,
            "repaglinide": 0.0,
            "nateglinide": 0.0,
            "chlorpropamide": 0.0,
            "glimepiride": 0.0,
            "acetohexamide": 0.0,
            "glipizide": 0.0,
            "glyburide": 0.0,
            "tolbutamide": 0.0,
            "pioglitazone": 0.0,
            "rosiglitazone": 0.0,
            "acarbose": 0.0,
            "miglitol": 0.0,
            "troglitazone": 0.0,
            "tolazamide": 0.0,
            "insulin": 0.0,
            "glyburide-metformin": 0.0,
            "glipizide-metformin": 0.0,
            "glimepiride-pioglitazone": 0.0,
            "metformin-rosiglitazone": 0.0,
            "metformin-pioglitazone": 0.0,
            "change": 0.0,
            "diabetesMed": 0.0
        },
        "Lime": {
            "race": 0.0,
            "gender": 0.0,
            "age": 2.3424633757850355,
            "admission_type_id": 0.0,
            "discharge_disposition_id": -15.737415498701427,
            "admission_source_id": 0.0,
            "time_in_hospital": 0.0,
            "payer_code": 4.564608246508361,
            "medical_specialty": -2.0604200862892488,
            "num_lab_procedures": 0.0,
            "num_procedures": 0.0,
            "num_medications": 0.0,
            "number_outpatient": -3.2778048819663583,
            "number_emergency": 0.0,
            "number_inpatient": -30.52301644837902,
            "diag_1": 0.0,
            "diag_2": 4.276696212378013,
            "diag_3": 0.0,
            "number_diagnoses": 3.4687261277710513,
            "metformin": 0.0,