{
    "LogisticRegression": {
        "SHAP": {
            "number_inpatient": -18.4118722007175,
            "metformin": -12.301006193929762,
            "time_in_hospital": -9.598295458648117,
            "discharge_disposition_id": -7.9977121477479,
            "number_diagnoses": -7.732111209049776,
            "diabetesMed": 7.082633242346087,
            "age": -6.416458191057729,
            "change": -3.0372999485414036,
            "admission_source_id": 2.857369991834226,
            "diag_1": -2.6889062574057787,
            "number_emergency": -2.5940796056548505,
            "diag_2": 2.572562137898125,
            "payer_code": -2.3641941031090683,
            "num_procedures": -2.317766706481337,
            "num_lab_procedures": -1.93163728698113,
            "insulin": 1.9293032947249527,
            "glimepiride": 1.563529142665404,
            "gender": 1.560010661079677,
            "admission_type_id": -1.3288704968092724,
            "diag_3": 0.7847193078636097,
            "glyburide": 0.551678649719598,
            "pioglitazone": 0.5048642379330327,
            "rosiglitazone": 0.4918264918260083,
            "num_medications": 0.26860633500961817,
            "glyburide-metformin": 0.22041167917645657,
            "acarbose": 0.21137372164284268,
            "number_outpatient": 0.1521409497021799,
            "medical_specialty": 0.09996967277982358,
            "glipizide": 0.09539598402159592,
            "glipizide-metformin": -0.08817821349508856,
            "chlorpropamide": -0.05871257605892964,
            "race": 0.03179403790718717,
            "tolazamide": 0.029423290523882532,
            "tolbutamide": -0.025830942206639,
            "troglitazone": -0.02308369171807336,
            "repaglinide": 0.015273369657200529,
            "miglitol": -0.015236641141890928,
            "metformin-rosiglitazone": -0.014989765616087983,
            "acetohexamide": -0.00847848754704427,
            "nateglinide": 0.0077590264212680825,
            "glimepiride-pioglitazone": -0.007608263592773132,
            "metformin-pioglitazone": -0.007026387757063522
        },
        "Lime": {
            "race": 0.0,
            "gender": 0.0,
            "age": 0.0,
            "admission_type_id": 0.0,
            "discharge_disposition_id": -25.752406280764294,
            "admission_source_id": 0.0,
            "time_in_hospital": -30.557550979931765,
            "payer_code": 0.0,
            "medical_specialty": 0.0,
            "num_lab_procedures": 0.0,
            "num_procedures": 0.0,
            "num_medications": 0.0,
            "number_outpatient": 0.0,
            "number_emergency": -43.690042739303955,
            "number_inpatient": 0.0,
            "diag_1": 0.0,
            "diag_2": 0.0,
            "diag_3": 0.0,
            "number_diagnoses": 0.0,
            "metformin": 0.0,
            "repaglinide": 0.0,
            "nateglinide": 0.0,
            "chlorpropamide": 0.0,
            "glimepiride": 0.0,
            "acetohexamide": 0.0,
            "glipizide": 0.0,
            "glyburide": 0.0,
            "tolbutamide": 0.0,
            "pioglitazone": 0.0,
            "rosiglitazone": 0.0,
            "acarbose": 0.0,
            "miglitol": 0.0,
            "troglitazone": 0.0,
            "tolazamide": 0.0,
            "insulin": 0.0,
            "glyburide-metformin": 0.0,
            "glipizide-metformin": 0.0,
            "glimepiride-pioglitazone": 0.0,
            "metformin-rosiglitazone": 0.0,
            "metformin-pioglitazone": 0.0,
            "change": 0.0,
            "diabetesMed": 0.0
        },
        "Inherent": {
            "diabetesMed": 5.796431593459364,
            "diag_2": 2.723600448170223,
            "admission_source_id": 2.6588418708473576,
            "insulin": 2.259061696746391,
            "gender": 1.5041869008092787,
            "glimepiride": 1.056723483640112,
            "num_medications": 0.7722310426208601,
            "diag_3": 0.747162690552784,
            "pioglitazone": 0.6271585050184543,
            "glyburide": 0.5712894127117436,
            "rosiglitazone": 0.407526619000316,
            "number_outpatient": 0.19392966321636404,
            "glyburide-metformin": 0.1016769840243191,
            "medical_specialty": 0.08825891179010359,
            "glipizide": 0.07811589876762945,
            "tolazamide": 0.041528026590993534,
            "race": 0.040179970076739444,
            "nateglinide": 0.022639835383069618,
            "troglitazone": -0.0,
            "miglitol": -0.0,
            "acarbose": -0.0,
            "glipizide-metformin": -0.0,
            "glimepiride-pioglitazone": -0.0,
            "metformin-rosiglitazone": -0.0,
            "chlorpropamide": -0.0,
            "repaglinide": 0.0,
            "metformin-pioglitazone": -0.0,
            "tolbutamide": -0.0,
            "acetohexamide": -0.0,
            "admission_type_id": -1.3334689380804843,
            "num_lab_procedures": -1.985578624496454,
            "num_procedures": -2.402056419435199,
            "number_emergency": -2.5382161083179042,
            "payer_code": -2.7770704057925175,
            "diag_1": -2.887056695459834,
            "change": -2.984138184394794,
            "number_diagnoses": -5.572490979818942,
            "age": -5.882087134059147,
            "time_in_hospital": -8.603263023495773,
            "discharge_disposition_id": -8.794059679053975,
            "metformin": -12.990630178904366,
            "number_inpatient": -21.55934007526452
        }
    },
    "DecisionTree": {
        "SHAP": {
            "discharge_disposition_id": -32.106167545296174,
            "number_inpatient": -29.35517759683512,
            "number_diagnoses": -20.5104631750776,
            "diag_1": -14.95082385257257,
            "payer_code": -1.4067263908152743,
            "num_medications": -0.6481765680200386,
            "admission_source_id": -0.5498229423637738,
            "medical_specialty": 0.4726419290194599,
            "gender": 0.0,
            "race": 0.0,
            "num_lab_procedures": 0.0,
            "time_in_hospital": 0.0,
            "admission_type_id": 0.0,
            "age": 0.0,
            "number_emergency": 0.0,
            "number_outpatient": 0.0,
            "diag_2": 0.0,
            "num_procedures": 0.0,
            "diag_3": 0.0,
            "metformin": 0.0,
            "repaglinide": 0.0,
            "nateglinide": 0.0,
            "chlorpropamide": 0.0,
            "glimepiride": 0.0,
            "acetohexamide": 0.0,
            "glipizide": 0.0,
            "glyburide": 0.0,
            "tolbutamide": 0.0,
            "pioglitazone": 0.0,
            "rosiglitazone": 0.0,
            "acarbose": 0.0,
            "miglitol": 0.0,
            "troglitazone": 0.0,
            "tolazamide": 0.0,
            "insulin": 0.0,
            "glyburide-metformin": 0.0,
            "glipizide-metformin": 0.0,
            "glimepiride-pioglitazone": 0.0,
            "metformin-rosiglitazone": 0.0,
            "metformin-pioglitazone": 0.0,
            "change": 0.0,
            "diabetesMed": 0.0
        },
        "Lime": {
            "race": 0.0,
            "gender": 0.0,
            "age": 0.0,
            "admission_type_id": 0.0,
            "discharge_disposition_id": -13.505892022664302,
            "admission_source_id": 0.0,
            "time_in_hospital": 0.0,
            "payer_code": 0.0,
            "medical_specialty": 0.0,
            "num_lab_procedures": 0.0,
            "num_procedures": 0.0,
            "num_medications": 0.0,
            "number_outpatient": 0.0,
            "number_emergency": 0.0,
            "number_inpatient": -29.36622859057398,
            "diag_1": -12.924727991978791,
            "diag_2": 0.0,
            "diag_3": -3.3434015993638897,
            "number_diagnoses": -6.186106992875291,
            "metformin": 0.0,
            "repaglinide": -2.783982983182702,