{
    "LogisticRegression": {
        "SHAP": {
            "metformin": 17.191994697207942,
            "number_diagnoses": -16.480010794056184,
            "number_inpatient": -16.089496436791034,
            "discharge_disposition_id": -6.988923217632134,
            "diabetesMed": 6.189267504875702,
            "num_medications": 5.934649518350836,
            "time_in_hospital": -4.015785367257517,
            "payer_code": 3.8884612308247224,
            "change": 3.2792388850841556,
            "diag_2": -3.2140955296039087,
            "diag_1": -3.1596236350988427,
            "number_emergency": -2.266876182765896,
            "num_procedures": -2.0254159250459676,
            "insulin": 1.6859512247079718,
            "glimepiride": 1.366313881363658,
            "gender": -0.9964817313718476,
            "age": -0.9720420892162303,
            "admission_type_id": 0.930650151430233,
            "diag_3": -0.5090472763677357,
            "glyburide": 0.48209283510947143,
            "pioglitazone": 0.4411833445688485,
            "rosiglitazone": 0.42979011050520005,
            "number_outpatient": -0.35471327339185965,
            "admission_source_id": -0.2501775333977048,
            "glyburide-metformin": 0.192610120691503,
            "acarbose": 0.1847121631156687,
            "medical_specialty": 0.08736002924870705,
            "glipizide": 0.08336324129709248,
            "glipizide-metformin": -0.07705588200729195,
            "chlorpropamide": -0.05130688356929604,
            "race": 0.02778370684101056,
            "tolazamide": 0.025711992940306582,
            "tolbutamide": -0.02257276435888347,
            "troglitazone": -0.020172037454803247,
            "num_lab_procedures": -0.018330011793790416,
            "repaglinide": 0.013346867933818478,
            "miglitol": -0.013314772158344899,
            "metformin-rosiglitazone": -0.013099036200076481,
            "acetohexamide": -0.007409056161721019,
            "nateglinide": 0.006780344040900707,
            "glimepiride-pioglitazone": -0.006648597634808692,
            "metformin-pioglitazone": -0.006140116526356301
        },
        "Lime": {
            "race": 0.0,
            "gender": 0.0,
            "age": 0.0,
            "admission_type_id": 0.0,
            "discharge_disposition_id": -23.939062234299527,
            "admission_source_id": 0.0,
            "time_in_hospital": 0.0,
            "payer_code": 0.0,
            "medical_specialty": 0.0,
            "num_lab_procedures": 0.0,
            "num_procedures": -12.104391197197176,
            "num_medications": 0.0,
            "number_outpatient": 0.0,
            "number_emergency": -35.32548432857351,
            "number_inpatient": 0.0,
            "diag_1": 0.0,
            "diag_2": 0.0,
            "diag_3": 0.0,
            "number_diagnoses": -28.631062239929793,
            "metformin": 0.0,
            "repaglinide": 0.0,
            "nateglinide": 0.0,
            "chlorpropamide": 0.0,
            "glimepiride": 0.0,
            "acetohexamide": 0.0,
            "glipizide": 0.0,
            "glyburide": 0.0,
            "tolbutamide": 0.0,
            "pioglitazone": 0.0,
            "rosiglitazone": 0.0,
            "acarbose": 0.0,
            "miglitol": 0.0,
            "troglitazone": 0.0,
            "tolazamide": 0.0,
            "insulin": 0.0,
            "glyburide-metformin": 0.0,
            "glipizide-metformin": 0.0,
            "glimepiride-pioglitazone": 0.0,
            "metformin-rosiglitazone": 0.0,
            "metformin-pioglitazone": 0.0,
            "change": 0.0,
            "diabetesMed": 0.0
        },
        "Inherent": {
            "metformin": 17.266915882243474,
            "num_medications": 6.523454958941896,
            "diabetesMed": 5.083061340362306,
            "payer_code": 3.6720274526499432,
            "change": 3.4688855051153253,
            "insulin": 1.9810376420524138,
            "admission_type_id": 0.9762531175523561,
            "glimepiride": 0.9266719015894289,
            "pioglitazone": 0.5499737381074077,
            "glyburide": 0.5009804879246882,
            "rosiglitazone": 0.3573720777704865,
            "glyburide-metformin": 0.08916353766373064,
            "medical_specialty": 0.07739683548908727,
            "glipizide": 0.06850212905840901,
            "tolazamide": 0.03641714787843065,
            "race": 0.03523499747404037,
            "nateglinide": 0.0198535374967079,
            "glipizide-metformin": -0.0,
            "troglitazone": -0.0,
            "miglitol": -0.0,
            "acarbose": -0.0,
            "tolbutamide": -0.0,
            "glimepiride-pioglitazone": -0.0,
            "acetohexamide": -0.0,
            "repaglinide": 0.0,
            "chlorpropamide": -0.0,
            "metformin-pioglitazone": -0.0,
            "metformin-rosiglitazone": -0.0,
            "num_lab_procedures": -0.028684834918139814,
            "number_outpatient": -0.33012156665467896,
            "age": -0.40409667489630297,
            "admission_source_id": -0.486046972138959,
            "diag_3": -0.5702521048814713,
            "gender": -1.1012383636099692,
            "num_procedures": -2.1064339199271465,
            "number_emergency": -2.2258363556354204,
            "time_in_hospital": -3.060380450938915,
            "diag_2": -3.2139979934302065,
            "diag_1": -3.3624194529248044,
            "discharge_disposition_id": -7.711769570416062,
            "number_diagnoses": -14.859500066891263,
            "number_inpatient": -18.90601938336652
        }
    },
    "DecisionTree": {
        "SHAP": {
            "discharge_disposition_id": -33.5473447352803,
            "number_inpatient": -29.18234704384874,
            "number_diagnoses": -18.56181893344045,
            "diag_1": -13.530386071165099,
            "payer_code": 3.394872266302784,
            "num_medications": 1.1564592268585467,
            "medical_specialty": 0.4277374836406168,
            "admission_source_id": 0.1990342394634726,
            "gender": 0.0,
            "race": 0.0,
            "num_lab_procedures": 0.0,
            "time_in_hospital": 0.0,
            "admission_type_id": 0.0,
            "age": 0.0,
            "number_emergency": 0.0,
            "number_outpatient": 0.0,
            "diag_2": 0.0,
            "num_procedures": 0.0,
            "diag_3": 0.0,
            "metformin": 0.0,
            "repaglinide": 0.0,
            "nateglinide": 0.0,
            "chlorpropamide": 0.0,
            "glimepiride": 0.0,
            "acetohexamide": 0.0,
            "glipizide": 0.0,
            "glyburide": 0.0,
            "tolbutamide": 0.0,
            "pioglitazone": 0.0,
            "rosiglitazone": 0.0,
            "acarbose": 0.0,
            "miglitol": 0.0,
            "troglitazone": 0.0,
            "tolazamide": 0.0,
            "insulin": 0.0,
            "glyburide-metformin": 0.0,
            "glipizide-metformin": 0.0,
            "glimepiride-pioglitazone": 0.0,
            "metformin-rosiglitazone": 0.0,
            "metformin-pioglitazone": 0.0,
            "change": 0.0,
            "diabetesMed": 0.0
        },
        "Lime": {
            "race": 0.0,
            "gender": 0.0,
            "age": 0.0,
            "admission_type_id": 0.0,
            "discharge_disposition_id": -15.466982360043769,
            "admission_source_id": 0.0,
            "time_in_hospital": 0.0,
            "payer_code": 5.203092360463716,
            "medical_specialty": 0.0,
            "num_lab_procedures": 0.0,
            "num_procedures": 0.0,
            "num_medications": 1.800495953416684,
            "number_outpatient": 0.0,
            "number_emergency": 0.0,
            "number_inpatient": -28.53399533633738,
            "diag_1": 0.0,
            "diag_2": -12.30420318584686,
            "diag_3": 2.5730692301738536,
            "number_diagnoses": -7.132242718689581,